site_id,lat,lng,delivering_restaurants_3km,residential_density,density_unit,source,as_of,site_type,city,note
Dosa Coffee - New Town - Cloud Kitchen (01/0013),22.561892,88.490713,23,2417,people per km2 (mean within 3 km radius; WorldPop 2020 1km UN-unadjusted grid),"delivering_restaurants_3km = PROXY, not aggregator data: count of OSM amenity=restaurant|fast_food|cafe (nodes+ways) within 3 km, Geofabrik India extract dated 2026-10-08 (OSM is incomplete in India, esp. Kolkata, so read as relative). residential_density = WorldPop Global 2000-2020 1km ind_ppp_2020_1km_Aggregated.tif (data.worldpop.org), cells with centre within 3 km",2026-10-10,store,Kolkata,
Connaught place (02/0012),28.63258,77.216236,401,15907,people per km2 (mean within 3 km radius; WorldPop 2020 1km UN-unadjusted grid),"delivering_restaurants_3km = PROXY, not aggregator data: count of OSM amenity=restaurant|fast_food|cafe (nodes+ways) within 3 km, Geofabrik India extract dated 2026-10-08 (OSM is incomplete in India, esp. Kolkata, so read as relative). residential_density = WorldPop Global 2000-2020 1km ind_ppp_2020_1km_Aggregated.tif (data.worldpop.org), cells with centre within 3 km",2026-10-10,store,Delhi NCR,
Dosa Coffee - Salt Lake (002),22.569469,88.411934,74,50236,people per km2 (mean within 3 km radius; WorldPop 2020 1km UN-unadjusted grid),"delivering_restaurants_3km = PROXY, not aggregator data: count of OSM amenity=restaurant|fast_food|cafe (nodes+ways) within 3 km, Geofabrik India extract dated 2026-10-08 (OSM is incomplete in India, esp. Kolkata, so read as relative). residential_density = WorldPop Global 2000-2020 1km ind_ppp_2020_1km_Aggregated.tif (data.worldpop.org), cells with centre within 3 km",2026-10-10,store,Kolkata,
Dosa Coffee - Salt Lake Sec-1 (0009),22.596353,88.408329,87,77281,people per km2 (mean within 3 km radius; WorldPop 2020 1km UN-unadjusted grid),"delivering_restaurants_3km = PROXY, not aggregator data: count of OSM amenity=restaurant|fast_food|cafe (nodes+ways) within 3 km, Geofabrik India extract dated 2026-10-08 (OSM is incomplete in India, esp. Kolkata, so read as relative). residential_density = WorldPop Global 2000-2020 1km ind_ppp_2020_1km_Aggregated.tif (data.worldpop.org), cells with centre within 3 km",2026-10-10,store,Kolkata,
Dosa Coffee - Lake road 01/0015,22.51523,88.352207,116,29208,people per km2 (mean within 3 km radius; WorldPop 2020 1km UN-unadjusted grid),"delivering_restaurants_3km = PROXY, not aggregator data: count of OSM amenity=restaurant|fast_food|cafe (nodes+ways) within 3 km, Geofabrik India extract dated 2026-10-08 (OSM is incomplete in India, esp. Kolkata, so read as relative). residential_density = WorldPop Global 2000-2020 1km ind_ppp_2020_1km_Aggregated.tif (data.worldpop.org), cells with centre within 3 km",2026-10-10,store,Kolkata,
Rohini Sec-7 (02/0008),28.709613,77.122663,95,28071,people per km2 (mean within 3 km radius; WorldPop 2020 1km UN-unadjusted grid),"delivering_restaurants_3km = PROXY, not aggregator data: count of OSM amenity=restaurant|fast_food|cafe (nodes+ways) within 3 km, Geofabrik India extract dated 2026-10-08 (OSM is incomplete in India, esp. Kolkata, so read as relative). residential_density = WorldPop Global 2000-2020 1km ind_ppp_2020_1km_Aggregated.tif (data.worldpop.org), cells with centre within 3 km",2026-10-10,store,Delhi NCR,
Model Town (02/0013),28.705937,77.190133,237,27859,people per km2 (mean within 3 km radius; WorldPop 2020 1km UN-unadjusted grid),"delivering_restaurants_3km = PROXY, not aggregator data: count of OSM amenity=restaurant|fast_food|cafe (nodes+ways) within 3 km, Geofabrik India extract dated 2026-10-08 (OSM is incomplete in India, esp. Kolkata, so read as relative). residential_density = WorldPop Global 2000-2020 1km ind_ppp_2020_1km_Aggregated.tif (data.worldpop.org), cells with centre within 3 km",2026-10-10,store,Delhi NCR,
Sec 18 Noida (02/0001),28.57218,77.322934,87,13012,people per km2 (mean within 3 km radius; WorldPop 2020 1km UN-unadjusted grid),"delivering_restaurants_3km = PROXY, not aggregator data: count of OSM amenity=restaurant|fast_food|cafe (nodes+ways) within 3 km, Geofabrik India extract dated 2026-10-08 (OSM is incomplete in India, esp. Kolkata, so read as relative). residential_density = WorldPop Global 2000-2020 1km ind_ppp_2020_1km_Aggregated.tif (data.worldpop.org), cells with centre within 3 km",2026-10-10,store,Delhi NCR,
Dosa Coffee - James long Sarani (01/0011),22.48031,88.313241,9,51720,people per km2 (mean within 3 km radius; WorldPop 2020 1km UN-unadjusted grid),"delivering_restaurants_3km = PROXY, not aggregator data: count of OSM amenity=restaurant|fast_food|cafe (nodes+ways) within 3 km, Geofabrik India extract dated 2026-10-08 (OSM is incomplete in India, esp. Kolkata, so read as relative). residential_density = WorldPop Global 2000-2020 1km ind_ppp_2020_1km_Aggregated.tif (data.worldpop.org), cells with centre within 3 km",2026-10-10,store,Kolkata,
Kalkaji (02/0004),28.5406081,77.2569948,257,20514,people per km2 (mean within 3 km radius; WorldPop 2020 1km UN-unadjusted grid),"delivering_restaurants_3km = PROXY, not aggregator data: count of OSM amenity=restaurant|fast_food|cafe (nodes+ways) within 3 km, Geofabrik India extract dated 2026-10-08 (OSM is incomplete in India, esp. Kolkata, so read as relative). residential_density = WorldPop Global 2000-2020 1km ind_ppp_2020_1km_Aggregated.tif (data.worldpop.org), cells with centre within 3 km",2026-10-10,store,Delhi NCR,
Gurgaon Sec-15 (02/0010),28.458454,77.04391,51,8485,people per km2 (mean within 3 km radius; WorldPop 2020 1km UN-unadjusted grid),"delivering_restaurants_3km = PROXY, not aggregator data: count of OSM amenity=restaurant|fast_food|cafe (nodes+ways) within 3 km, Geofabrik India extract dated 2026-10-08 (OSM is incomplete in India, esp. Kolkata, so read as relative). residential_density = WorldPop Global 2000-2020 1km ind_ppp_2020_1km_Aggregated.tif (data.worldpop.org), cells with centre within 3 km",2026-10-10,store,Delhi NCR,
Dosa Coffee - Lake Town (0005),22.602693,88.405171,83,79602,people per km2 (mean within 3 km radius; WorldPop 2020 1km UN-unadjusted grid),"delivering_restaurants_3km = PROXY, not aggregator data: count of OSM amenity=restaurant|fast_food|cafe (nodes+ways) within 3 km, Geofabrik India extract dated 2026-10-08 (OSM is incomplete in India, esp. Kolkata, so read as relative). residential_density = WorldPop Global 2000-2020 1km ind_ppp_2020_1km_Aggregated.tif (data.worldpop.org), cells with centre within 3 km",2026-10-10,store,Kolkata,
Dosa Coffee - Kalikapur (01/0014),22.502895,88.394144,20,24046,people per km2 (mean within 3 km radius; WorldPop 2020 1km UN-unadjusted grid),"delivering_restaurants_3km = PROXY, not aggregator data: count of OSM amenity=restaurant|fast_food|cafe (nodes+ways) within 3 km, Geofabrik India extract dated 2026-10-08 (OSM is incomplete in India, esp. Kolkata, so read as relative). residential_density = WorldPop Global 2000-2020 1km ind_ppp_2020_1km_Aggregated.tif (data.worldpop.org), cells with centre within 3 km",2026-10-10,store,Kolkata,
Shalimar Bagh (02/0015),28.7018999,77.1657453,102,30791,people per km2 (mean within 3 km radius; WorldPop 2020 1km UN-unadjusted grid),"delivering_restaurants_3km = PROXY, not aggregator data: count of OSM amenity=restaurant|fast_food|cafe (nodes+ways) within 3 km, Geofabrik India extract dated 2026-10-08 (OSM is incomplete in India, esp. Kolkata, so read as relative). residential_density = WorldPop Global 2000-2020 1km ind_ppp_2020_1km_Aggregated.tif (data.worldpop.org), cells with centre within 3 km",2026-10-10,store,Delhi NCR,
Dosa Coffee - Santoshpur (01/0012),22.492767,88.387704,40,25719,people per km2 (mean within 3 km radius; WorldPop 2020 1km UN-unadjusted grid),"delivering_restaurants_3km = PROXY, not aggregator data: count of OSM amenity=restaurant|fast_food|cafe (nodes+ways) within 3 km, Geofabrik India extract dated 2026-10-08 (OSM is incomplete in India, esp. Kolkata, so read as relative). residential_density = WorldPop Global 2000-2020 1km ind_ppp_2020_1km_Aggregated.tif (data.worldpop.org), cells with centre within 3 km",2026-10-10,store,Kolkata,
Paschim Vihar (02/0003),28.674383,77.1039066,15,27431,people per km2 (mean within 3 km radius; WorldPop 2020 1km UN-unadjusted grid),"delivering_restaurants_3km = PROXY, not aggregator data: count of OSM amenity=restaurant|fast_food|cafe (nodes+ways) within 3 km, Geofabrik India extract dated 2026-10-08 (OSM is incomplete in India, esp. Kolkata, so read as relative). residential_density = WorldPop Global 2000-2020 1km ind_ppp_2020_1km_Aggregated.tif (data.worldpop.org), cells with centre within 3 km",2026-10-10,store,Delhi NCR,
Sec 143 Noida (02/0006),28.500767,77.422263,5,1336,people per km2 (mean within 3 km radius; WorldPop 2020 1km UN-unadjusted grid),"delivering_restaurants_3km = PROXY, not aggregator data: count of OSM amenity=restaurant|fast_food|cafe (nodes+ways) within 3 km, Geofabrik India extract dated 2026-10-08 (OSM is incomplete in India, esp. Kolkata, so read as relative). residential_density = WorldPop Global 2000-2020 1km ind_ppp_2020_1km_Aggregated.tif (data.worldpop.org), cells with centre within 3 km",2026-10-10,store,Delhi NCR,
Sec 31 - Gurgaon (02/0016),28.45296,77.050152,96,8128,people per km2 (mean within 3 km radius; WorldPop 2020 1km UN-unadjusted grid),"delivering_restaurants_3km = PROXY, not aggregator data: count of OSM amenity=restaurant|fast_food|cafe (nodes+ways) within 3 km, Geofabrik India extract dated 2026-10-08 (OSM is incomplete in India, esp. Kolkata, so read as relative). residential_density = WorldPop Global 2000-2020 1km ind_ppp_2020_1km_Aggregated.tif (data.worldpop.org), cells with centre within 3 km",2026-10-10,store,Delhi NCR,
Sec 15 Faridabad (02/0007),28.394871,77.322088,13,14591,people per km2 (mean within 3 km radius; WorldPop 2020 1km UN-unadjusted grid),"delivering_restaurants_3km = PROXY, not aggregator data: count of OSM amenity=restaurant|fast_food|cafe (nodes+ways) within 3 km, Geofabrik India extract dated 2026-10-08 (OSM is incomplete in India, esp. Kolkata, so read as relative). residential_density = WorldPop Global 2000-2020 1km ind_ppp_2020_1km_Aggregated.tif (data.worldpop.org), cells with centre within 3 km",2026-10-10,store,Delhi NCR,closing 31 Oct 2026
Gurgaon Sec 10 (02/0014),28.4400046,77.0068401,11,7647,people per km2 (mean within 3 km radius; WorldPop 2020 1km UN-unadjusted grid),"delivering_restaurants_3km = PROXY, not aggregator data: count of OSM amenity=restaurant|fast_food|cafe (nodes+ways) within 3 km, Geofabrik India extract dated 2026-10-08 (OSM is incomplete in India, esp. Kolkata, so read as relative). residential_density = WorldPop Global 2000-2020 1km ind_ppp_2020_1km_Aggregated.tif (data.worldpop.org), cells with centre within 3 km",2026-10-10,store,Delhi NCR,
Dosa Coffee - Ideal Plaza (01/0001),22.539053,88.354103,219,28927,people per km2 (mean within 3 km radius; WorldPop 2020 1km UN-unadjusted grid),"delivering_restaurants_3km = PROXY, not aggregator data: count of OSM amenity=restaurant|fast_food|cafe (nodes+ways) within 3 km, Geofabrik India extract dated 2026-10-08 (OSM is incomplete in India, esp. Kolkata, so read as relative). residential_density = WorldPop Global 2000-2020 1km ind_ppp_2020_1km_Aggregated.tif (data.worldpop.org), cells with centre within 3 km",2026-10-10,store,Kolkata,
"Pacific mall, Jasola (02/0011)",28.537674,77.283046,68,19279,people per km2 (mean within 3 km radius; WorldPop 2020 1km UN-unadjusted grid),"delivering_restaurants_3km = PROXY, not aggregator data: count of OSM amenity=restaurant|fast_food|cafe (nodes+ways) within 3 km, Geofabrik India extract dated 2026-10-08 (OSM is incomplete in India, esp. Kolkata, so read as relative). residential_density = WorldPop Global 2000-2020 1km ind_ppp_2020_1km_Aggregated.tif (data.worldpop.org), cells with centre within 3 km",2026-10-10,store,Delhi NCR,
Dosa Coffee - Rosedale Plaza(0006),22.561892,88.490713,23,2417,people per km2 (mean within 3 km radius; WorldPop 2020 1km UN-unadjusted grid),"delivering_restaurants_3km = PROXY, not aggregator data: count of OSM amenity=restaurant|fast_food|cafe (nodes+ways) within 3 km, Geofabrik India extract dated 2026-10-08 (OSM is incomplete in India, esp. Kolkata, so read as relative). residential_density = WorldPop Global 2000-2020 1km ind_ppp_2020_1km_Aggregated.tif (data.worldpop.org), cells with centre within 3 km",2026-10-10,store,Kolkata,
Dosa Coffee - Manisquare (0004),22.577773,88.400467,62,56786,people per km2 (mean within 3 km radius; WorldPop 2020 1km UN-unadjusted grid),"delivering_restaurants_3km = PROXY, not aggregator data: count of OSM amenity=restaurant|fast_food|cafe (nodes+ways) within 3 km, Geofabrik India extract dated 2026-10-08 (OSM is incomplete in India, esp. Kolkata, so read as relative). residential_density = WorldPop Global 2000-2020 1km ind_ppp_2020_1km_Aggregated.tif (data.worldpop.org), cells with centre within 3 km",2026-10-10,store,Kolkata,
Dosa Coffee - Rangoli Mall (01/0010),22.624088,88.353784,12,34110,people per km2 (mean within 3 km radius; WorldPop 2020 1km UN-unadjusted grid),"delivering_restaurants_3km = PROXY, not aggregator data: count of OSM amenity=restaurant|fast_food|cafe (nodes+ways) within 3 km, Geofabrik India extract dated 2026-10-08 (OSM is incomplete in India, esp. Kolkata, so read as relative). residential_density = WorldPop Global 2000-2020 1km ind_ppp_2020_1km_Aggregated.tif (data.worldpop.org), cells with centre within 3 km",2026-10-10,store,Kolkata,
Dosa Coffee - Quest Mall (01/0016),22.538952,88.365754,207,28695,people per km2 (mean within 3 km radius; WorldPop 2020 1km UN-unadjusted grid),"delivering_restaurants_3km = PROXY, not aggregator data: count of OSM amenity=restaurant|fast_food|cafe (nodes+ways) within 3 km, Geofabrik India extract dated 2026-10-08 (OSM is incomplete in India, esp. Kolkata, so read as relative). residential_density = WorldPop Global 2000-2020 1km ind_ppp_2020_1km_Aggregated.tif (data.worldpop.org), cells with centre within 3 km",2026-10-10,store,Kolkata,
Dosa Coffee - Forum (0003),22.538366,88.35133,223,28486,people per km2 (mean within 3 km radius; WorldPop 2020 1km UN-unadjusted grid),"delivering_restaurants_3km = PROXY, not aggregator data: count of OSM amenity=restaurant|fast_food|cafe (nodes+ways) within 3 km, Geofabrik India extract dated 2026-10-08 (OSM is incomplete in India, esp. Kolkata, so read as relative). residential_density = WorldPop Global 2000-2020 1km ind_ppp_2020_1km_Aggregated.tif (data.worldpop.org), cells with centre within 3 km",2026-10-10,store,Kolkata,
Gurgaon DLF (02/0009),28.490456,77.092522,128,7646,people per km2 (mean within 3 km radius; WorldPop 2020 1km UN-unadjusted grid),"delivering_restaurants_3km = PROXY, not aggregator data: count of OSM amenity=restaurant|fast_food|cafe (nodes+ways) within 3 km, Geofabrik India extract dated 2026-10-08 (OSM is incomplete in India, esp. Kolkata, so read as relative). residential_density = WorldPop Global 2000-2020 1km ind_ppp_2020_1km_Aggregated.tif (data.worldpop.org), cells with centre within 3 km",2026-10-10,store,Delhi NCR,
Dosa Coffee - Calcutta Swiming Club (0007),22.5698,88.3445,150,23042,people per km2 (mean within 3 km radius; WorldPop 2020 1km UN-unadjusted grid),"delivering_restaurants_3km = PROXY, not aggregator data: count of OSM amenity=restaurant|fast_food|cafe (nodes+ways) within 3 km, Geofabrik India extract dated 2026-10-08 (OSM is incomplete in India, esp. Kolkata, so read as relative). residential_density = WorldPop Global 2000-2020 1km ind_ppp_2020_1km_Aggregated.tif (data.worldpop.org), cells with centre within 3 km",2026-10-10,store,Kolkata,captive club outlet; pin approximate (manual)
"KOL-C01 DN Block, Sector V",22.57311,88.43259,53,37137,people per km2 (mean within 3 km radius; WorldPop 2020 1km UN-unadjusted grid),"delivering_restaurants_3km = PROXY, not aggregator data: count of OSM amenity=restaurant|fast_food|cafe (nodes+ways) within 3 km, Geofabrik India extract dated 2026-10-08 (OSM is incomplete in India, esp. Kolkata, so read as relative). residential_density = WorldPop Global 2000-2020 1km ind_ppp_2020_1km_Aggregated.tif (data.worldpop.org), cells with centre within 3 km",2026-10-10,candidate_cluster,Kolkata,
KOL-C02 Park Street area,22.55705,88.35303,180,25368,people per km2 (mean within 3 km radius; WorldPop 2020 1km UN-unadjusted grid),"delivering_restaurants_3km = PROXY, not aggregator data: count of OSM amenity=restaurant|fast_food|cafe (nodes+ways) within 3 km, Geofabrik India extract dated 2026-10-08 (OSM is incomplete in India, esp. Kolkata, so read as relative). residential_density = WorldPop Global 2000-2020 1km ind_ppp_2020_1km_Aggregated.tif (data.worldpop.org), cells with centre within 3 km",2026-10-10,candidate_cluster,Kolkata,
"KOL-C03 South City Complex, Jadavpur",22.50116,88.36171,85,28551,people per km2 (mean within 3 km radius; WorldPop 2020 1km UN-unadjusted grid),"delivering_restaurants_3km = PROXY, not aggregator data: count of OSM amenity=restaurant|fast_food|cafe (nodes+ways) within 3 km, Geofabrik India extract dated 2026-10-08 (OSM is incomplete in India, esp. Kolkata, so read as relative). residential_density = WorldPop Global 2000-2020 1km ind_ppp_2020_1km_Aggregated.tif (data.worldpop.org), cells with centre within 3 km",2026-10-10,candidate_cluster,Kolkata,
"KOL-C04 Choura Bustee, Shibpur",22.56322,88.3237,34,23740,people per km2 (mean within 3 km radius; WorldPop 2020 1km UN-unadjusted grid),"delivering_restaurants_3km = PROXY, not aggregator data: count of OSM amenity=restaurant|fast_food|cafe (nodes+ways) within 3 km, Geofabrik India extract dated 2026-10-08 (OSM is incomplete in India, esp. Kolkata, so read as relative). residential_density = WorldPop Global 2000-2020 1km ind_ppp_2020_1km_Aggregated.tif (data.worldpop.org), cells with centre within 3 km",2026-10-10,candidate_cluster,Kolkata,
"KOL-C05 Ward Number 23, Satgachi",22.6155,88.41244,66,83838,people per km2 (mean within 3 km radius; WorldPop 2020 1km UN-unadjusted grid),"delivering_restaurants_3km = PROXY, not aggregator data: count of OSM amenity=restaurant|fast_food|cafe (nodes+ways) within 3 km, Geofabrik India extract dated 2026-10-08 (OSM is incomplete in India, esp. Kolkata, so read as relative). residential_density = WorldPop Global 2000-2020 1km ind_ppp_2020_1km_Aggregated.tif (data.worldpop.org), cells with centre within 3 km",2026-10-10,candidate_cluster,Kolkata,
"KOL-C06 Block M, New Alipore",22.5091,88.3331,59,28457,people per km2 (mean within 3 km radius; WorldPop 2020 1km UN-unadjusted grid),"delivering_restaurants_3km = PROXY, not aggregator data: count of OSM amenity=restaurant|fast_food|cafe (nodes+ways) within 3 km, Geofabrik India extract dated 2026-10-08 (OSM is incomplete in India, esp. Kolkata, so read as relative). residential_density = WorldPop Global 2000-2020 1km ind_ppp_2020_1km_Aggregated.tif (data.worldpop.org), cells with centre within 3 km",2026-10-10,candidate_cluster,Kolkata,
"KOL-C07 Jadu Colony, Behala",22.4931,88.31867,12,55142,people per km2 (mean within 3 km radius; WorldPop 2020 1km UN-unadjusted grid),"delivering_restaurants_3km = PROXY, not aggregator data: count of OSM amenity=restaurant|fast_food|cafe (nodes+ways) within 3 km, Geofabrik India extract dated 2026-10-08 (OSM is incomplete in India, esp. Kolkata, so read as relative). residential_density = WorldPop Global 2000-2020 1km ind_ppp_2020_1km_Aggregated.tif (data.worldpop.org), cells with centre within 3 km",2026-10-10,candidate_cluster,Kolkata,
"KOL-C08 Chinar Park, Atghara, Rajarhat",22.62306,88.44075,41,39878,people per km2 (mean within 3 km radius; WorldPop 2020 1km UN-unadjusted grid),"delivering_restaurants_3km = PROXY, not aggregator data: count of OSM amenity=restaurant|fast_food|cafe (nodes+ways) within 3 km, Geofabrik India extract dated 2026-10-08 (OSM is incomplete in India, esp. Kolkata, so read as relative). residential_density = WorldPop Global 2000-2020 1km ind_ppp_2020_1km_Aggregated.tif (data.worldpop.org), cells with centre within 3 km",2026-10-10,candidate_cluster,Kolkata,
"KOL-C09 CF Block(Newtown), Action Area 1C, New Town",22.57958,88.4599,50,5327,people per km2 (mean within 3 km radius; WorldPop 2020 1km UN-unadjusted grid),"delivering_restaurants_3km = PROXY, not aggregator data: count of OSM amenity=restaurant|fast_food|cafe (nodes+ways) within 3 km, Geofabrik India extract dated 2026-10-08 (OSM is incomplete in India, esp. Kolkata, so read as relative). residential_density = WorldPop Global 2000-2020 1km ind_ppp_2020_1km_Aggregated.tif (data.worldpop.org), cells with centre within 3 km",2026-10-10,candidate_cluster,Kolkata,
"KOL-C10 Sisir Kunja, Madhyamgram",22.69929,88.46958,3,3918,people per km2 (mean within 3 km radius; WorldPop 2020 1km UN-unadjusted grid),"delivering_restaurants_3km = PROXY, not aggregator data: count of OSM amenity=restaurant|fast_food|cafe (nodes+ways) within 3 km, Geofabrik India extract dated 2026-10-08 (OSM is incomplete in India, esp. Kolkata, so read as relative). residential_density = WorldPop Global 2000-2020 1km ind_ppp_2020_1km_Aggregated.tif (data.worldpop.org), cells with centre within 3 km",2026-10-10,candidate_cluster,Kolkata,
"KOL-C11 International Airport, Dum Dum",22.64327,88.43947,30,45970,people per km2 (mean within 3 km radius; WorldPop 2020 1km UN-unadjusted grid),"delivering_restaurants_3km = PROXY, not aggregator data: count of OSM amenity=restaurant|fast_food|cafe (nodes+ways) within 3 km, Geofabrik India extract dated 2026-10-08 (OSM is incomplete in India, esp. Kolkata, so read as relative). residential_density = WorldPop Global 2000-2020 1km ind_ppp_2020_1km_Aggregated.tif (data.worldpop.org), cells with centre within 3 km",2026-10-10,candidate_cluster,Kolkata,airport concession - not a standard site
"KOL-C12 Ananya, Baranagar",22.64136,88.3781,27,54322,people per km2 (mean within 3 km radius; WorldPop 2020 1km UN-unadjusted grid),"delivering_restaurants_3km = PROXY, not aggregator data: count of OSM amenity=restaurant|fast_food|cafe (nodes+ways) within 3 km, Geofabrik India extract dated 2026-10-08 (OSM is incomplete in India, esp. Kolkata, so read as relative). residential_density = WorldPop Global 2000-2020 1km ind_ppp_2020_1km_Aggregated.tif (data.worldpop.org), cells with centre within 3 km",2026-10-10,candidate_cluster,Kolkata,
"NCR-C01 Shivaji Place, Vishal Enclave, Rajouri Garden",28.64841,77.12225,34,32711,people per km2 (mean within 3 km radius; WorldPop 2020 1km UN-unadjusted grid),"delivering_restaurants_3km = PROXY, not aggregator data: count of OSM amenity=restaurant|fast_food|cafe (nodes+ways) within 3 km, Geofabrik India extract dated 2026-10-08 (OSM is incomplete in India, esp. Kolkata, so read as relative). residential_density = WorldPop Global 2000-2020 1km ind_ppp_2020_1km_Aggregated.tif (data.worldpop.org), cells with centre within 3 km",2026-10-10,candidate_cluster,Delhi NCR,
"NCR-C02 Saket District Centre, District Centre, Sector 6, Pushp Vihar",28.52737,77.21924,273,21906,people per km2 (mean within 3 km radius; WorldPop 2020 1km UN-unadjusted grid),"delivering_restaurants_3km = PROXY, not aggregator data: count of OSM amenity=restaurant|fast_food|cafe (nodes+ways) within 3 km, Geofabrik India extract dated 2026-10-08 (OSM is incomplete in India, esp. Kolkata, so read as relative). residential_density = WorldPop Global 2000-2020 1km ind_ppp_2020_1km_Aggregated.tif (data.worldpop.org), cells with centre within 3 km",2026-10-10,candidate_cluster,Delhi NCR,
"NCR-C03 Gaur City 1, Sector 4",28.6061,77.43011,16,4672,people per km2 (mean within 3 km radius; WorldPop 2020 1km UN-unadjusted grid),"delivering_restaurants_3km = PROXY, not aggregator data: count of OSM amenity=restaurant|fast_food|cafe (nodes+ways) within 3 km, Geofabrik India extract dated 2026-10-08 (OSM is incomplete in India, esp. Kolkata, so read as relative). residential_density = WorldPop Global 2000-2020 1km ind_ppp_2020_1km_Aggregated.tif (data.worldpop.org), cells with centre within 3 km",2026-10-10,candidate_cluster,Delhi NCR,
"NCR-C04 RDC, Block 1, P & T Colony, Raj Nagar",28.674,77.4401,12,20010,people per km2 (mean within 3 km radius; WorldPop 2020 1km UN-unadjusted grid),"delivering_restaurants_3km = PROXY, not aggregator data: count of OSM amenity=restaurant|fast_food|cafe (nodes+ways) within 3 km, Geofabrik India extract dated 2026-10-08 (OSM is incomplete in India, esp. Kolkata, so read as relative). residential_density = WorldPop Global 2000-2020 1km ind_ppp_2020_1km_Aggregated.tif (data.worldpop.org), cells with centre within 3 km",2026-10-10,candidate_cluster,Delhi NCR,
"NCR-C05 Vasant Kunj II, Vasant Kunj",28.54166,77.15503,105,6473,people per km2 (mean within 3 km radius; WorldPop 2020 1km UN-unadjusted grid),"delivering_restaurants_3km = PROXY, not aggregator data: count of OSM amenity=restaurant|fast_food|cafe (nodes+ways) within 3 km, Geofabrik India extract dated 2026-10-08 (OSM is incomplete in India, esp. Kolkata, so read as relative). residential_density = WorldPop Global 2000-2020 1km ind_ppp_2020_1km_Aggregated.tif (data.worldpop.org), cells with centre within 3 km",2026-10-10,candidate_cluster,Delhi NCR,
"NCR-C06 Pocket 1, Sector 14 Dwarka, Dwarka",28.60147,77.02917,76,15718,people per km2 (mean within 3 km radius; WorldPop 2020 1km UN-unadjusted grid),"delivering_restaurants_3km = PROXY, not aggregator data: count of OSM amenity=restaurant|fast_food|cafe (nodes+ways) within 3 km, Geofabrik India extract dated 2026-10-08 (OSM is incomplete in India, esp. Kolkata, so read as relative). residential_density = WorldPop Global 2000-2020 1km ind_ppp_2020_1km_Aggregated.tif (data.worldpop.org), cells with centre within 3 km",2026-10-10,candidate_cluster,Delhi NCR,
NCR-C07 Indira Gandhi International Airport,28.55668,77.08614,28,6701,people per km2 (mean within 3 km radius; WorldPop 2020 1km UN-unadjusted grid),"delivering_restaurants_3km = PROXY, not aggregator data: count of OSM amenity=restaurant|fast_food|cafe (nodes+ways) within 3 km, Geofabrik India extract dated 2026-10-08 (OSM is incomplete in India, esp. Kolkata, so read as relative). residential_density = WorldPop Global 2000-2020 1km ind_ppp_2020_1km_Aggregated.tif (data.worldpop.org), cells with centre within 3 km",2026-10-10,candidate_cluster,Delhi NCR,airport concession - not a standard site
NCR-C08 Sector 81,28.38811,77.35377,36,4380,people per km2 (mean within 3 km radius; WorldPop 2020 1km UN-unadjusted grid),"delivering_restaurants_3km = PROXY, not aggregator data: count of OSM amenity=restaurant|fast_food|cafe (nodes+ways) within 3 km, Geofabrik India extract dated 2026-10-08 (OSM is incomplete in India, esp. Kolkata, so read as relative). residential_density = WorldPop Global 2000-2020 1km ind_ppp_2020_1km_Aggregated.tif (data.worldpop.org), cells with centre within 3 km",2026-10-10,candidate_cluster,Delhi NCR,
"NCR-C09 Block I, Lajpat Nagar III, Lajpat Nagar",28.56987,77.23769,332,17137,people per km2 (mean within 3 km radius; WorldPop 2020 1km UN-unadjusted grid),"delivering_restaurants_3km = PROXY, not aggregator data: count of OSM amenity=restaurant|fast_food|cafe (nodes+ways) within 3 km, Geofabrik India extract dated 2026-10-08 (OSM is incomplete in India, esp. Kolkata, so read as relative). residential_density = WorldPop Global 2000-2020 1km ind_ppp_2020_1km_Aggregated.tif (data.worldpop.org), cells with centre within 3 km",2026-10-10,candidate_cluster,Delhi NCR,
"NCR-C10 Ashoka Enclave 3, Subash Nagar, Sector 35",28.46987,77.30723,9,15472,people per km2 (mean within 3 km radius; WorldPop 2020 1km UN-unadjusted grid),"delivering_restaurants_3km = PROXY, not aggregator data: count of OSM amenity=restaurant|fast_food|cafe (nodes+ways) within 3 km, Geofabrik India extract dated 2026-10-08 (OSM is incomplete in India, esp. Kolkata, so read as relative). residential_density = WorldPop Global 2000-2020 1km ind_ppp_2020_1km_Aggregated.tif (data.worldpop.org), cells with centre within 3 km",2026-10-10,candidate_cluster,Delhi NCR,
"NCR-C11 Sector 21, Dwarka",28.55245,77.05807,26,6007,people per km2 (mean within 3 km radius; WorldPop 2020 1km UN-unadjusted grid),"delivering_restaurants_3km = PROXY, not aggregator data: count of OSM amenity=restaurant|fast_food|cafe (nodes+ways) within 3 km, Geofabrik India extract dated 2026-10-08 (OSM is incomplete in India, esp. Kolkata, so read as relative). residential_density = WorldPop Global 2000-2020 1km ind_ppp_2020_1km_Aggregated.tif (data.worldpop.org), cells with centre within 3 km",2026-10-10,candidate_cluster,Delhi NCR,
"NCR-C12 Narang Colony, Chander Nagar, Janakpuri",28.6292,77.07774,18,29840,people per km2 (mean within 3 km radius; WorldPop 2020 1km UN-unadjusted grid),"delivering_restaurants_3km = PROXY, not aggregator data: count of OSM amenity=restaurant|fast_food|cafe (nodes+ways) within 3 km, Geofabrik India extract dated 2026-10-08 (OSM is incomplete in India, esp. Kolkata, so read as relative). residential_density = WorldPop Global 2000-2020 1km ind_ppp_2020_1km_Aggregated.tif (data.worldpop.org), cells with centre within 3 km",2026-10-10,candidate_cluster,Delhi NCR,
NCR-C13 Sector 85,28.40132,76.94721,5,3435,people per km2 (mean within 3 km radius; WorldPop 2020 1km UN-unadjusted grid),"delivering_restaurants_3km = PROXY, not aggregator data: count of OSM amenity=restaurant|fast_food|cafe (nodes+ways) within 3 km, Geofabrik India extract dated 2026-10-08 (OSM is incomplete in India, esp. Kolkata, so read as relative). residential_density = WorldPop Global 2000-2020 1km ind_ppp_2020_1km_Aggregated.tif (data.worldpop.org), cells with centre within 3 km",2026-10-10,candidate_cluster,Delhi NCR,
"NCR-C14 Alpha-II Commercial Belt, Block I, Sector Alpha II",28.47803,77.52644,9,2444,people per km2 (mean within 3 km radius; WorldPop 2020 1km UN-unadjusted grid),"delivering_restaurants_3km = PROXY, not aggregator data: count of OSM amenity=restaurant|fast_food|cafe (nodes+ways) within 3 km, Geofabrik India extract dated 2026-10-08 (OSM is incomplete in India, esp. Kolkata, so read as relative). residential_density = WorldPop Global 2000-2020 1km ind_ppp_2020_1km_Aggregated.tif (data.worldpop.org), cells with centre within 3 km",2026-10-10,candidate_cluster,Delhi NCR,
"NCR-C15 Ardee City, Sector 52",28.44515,77.08077,154,7251,people per km2 (mean within 3 km radius; WorldPop 2020 1km UN-unadjusted grid),"delivering_restaurants_3km = PROXY, not aggregator data: count of OSM amenity=restaurant|fast_food|cafe (nodes+ways) within 3 km, Geofabrik India extract dated 2026-10-08 (OSM is incomplete in India, esp. Kolkata, so read as relative). residential_density = WorldPop Global 2000-2020 1km ind_ppp_2020_1km_Aggregated.tif (data.worldpop.org), cells with centre within 3 km",2026-10-10,candidate_cluster,Delhi NCR,
"NCR-C16 Vaibhav Khand, Indirapuram",28.63414,77.36953,50,18408,people per km2 (mean within 3 km radius; WorldPop 2020 1km UN-unadjusted grid),"delivering_restaurants_3km = PROXY, not aggregator data: count of OSM amenity=restaurant|fast_food|cafe (nodes+ways) within 3 km, Geofabrik India extract dated 2026-10-08 (OSM is incomplete in India, esp. Kolkata, so read as relative). residential_density = WorldPop Global 2000-2020 1km ind_ppp_2020_1km_Aggregated.tif (data.worldpop.org), cells with centre within 3 km",2026-10-10,candidate_cluster,Delhi NCR,
"NCR-C17 Pocket 8, Block B, Sector 12 Dwarka, Dwarka",28.59263,77.04149,91,14046,people per km2 (mean within 3 km radius; WorldPop 2020 1km UN-unadjusted grid),"delivering_restaurants_3km = PROXY, not aggregator data: count of OSM amenity=restaurant|fast_food|cafe (nodes+ways) within 3 km, Geofabrik India extract dated 2026-10-08 (OSM is incomplete in India, esp. Kolkata, so read as relative). residential_density = WorldPop Global 2000-2020 1km ind_ppp_2020_1km_Aggregated.tif (data.worldpop.org), cells with centre within 3 km",2026-10-10,candidate_cluster,Delhi NCR,
"NCR-C18 Block C, Bharati Artist Colony, Preet Vihar",28.63643,77.28713,199,34963,people per km2 (mean within 3 km radius; WorldPop 2020 1km UN-unadjusted grid),"delivering_restaurants_3km = PROXY, not aggregator data: count of OSM amenity=restaurant|fast_food|cafe (nodes+ways) within 3 km, Geofabrik India extract dated 2026-10-08 (OSM is incomplete in India, esp. Kolkata, so read as relative). residential_density = WorldPop Global 2000-2020 1km ind_ppp_2020_1km_Aggregated.tif (data.worldpop.org), cells with centre within 3 km",2026-10-10,candidate_cluster,Delhi NCR,
"NCR-C19 Tagore Garden, Tilak Nagar",28.6429,77.1065,36,34046,people per km2 (mean within 3 km radius; WorldPop 2020 1km UN-unadjusted grid),"delivering_restaurants_3km = PROXY, not aggregator data: count of OSM amenity=restaurant|fast_food|cafe (nodes+ways) within 3 km, Geofabrik India extract dated 2026-10-08 (OSM is incomplete in India, esp. Kolkata, so read as relative). residential_density = WorldPop Global 2000-2020 1km ind_ppp_2020_1km_Aggregated.tif (data.worldpop.org), cells with centre within 3 km",2026-10-10,candidate_cluster,Delhi NCR,
"NCR-C20 Block B, Sector 132",28.5103,77.36959,8,4249,people per km2 (mean within 3 km radius; WorldPop 2020 1km UN-unadjusted grid),"delivering_restaurants_3km = PROXY, not aggregator data: count of OSM amenity=restaurant|fast_food|cafe (nodes+ways) within 3 km, Geofabrik India extract dated 2026-10-08 (OSM is incomplete in India, esp. Kolkata, so read as relative). residential_density = WorldPop Global 2000-2020 1km ind_ppp_2020_1km_Aggregated.tif (data.worldpop.org), cells with centre within 3 km",2026-10-10,candidate_cluster,Delhi NCR,
"NCR-C21 Tech Zone IV, Amrapali Dream Valley",28.59041,77.43244,13,3536,people per km2 (mean within 3 km radius; WorldPop 2020 1km UN-unadjusted grid),"delivering_restaurants_3km = PROXY, not aggregator data: count of OSM amenity=restaurant|fast_food|cafe (nodes+ways) within 3 km, Geofabrik India extract dated 2026-10-08 (OSM is incomplete in India, esp. Kolkata, so read as relative). residential_density = WorldPop Global 2000-2020 1km ind_ppp_2020_1km_Aggregated.tif (data.worldpop.org), cells with centre within 3 km",2026-10-10,candidate_cluster,Delhi NCR,
NCR-C22 Sector 65,28.39806,77.07223,35,4448,people per km2 (mean within 3 km radius; WorldPop 2020 1km UN-unadjusted grid),"delivering_restaurants_3km = PROXY, not aggregator data: count of OSM amenity=restaurant|fast_food|cafe (nodes+ways) within 3 km, Geofabrik India extract dated 2026-10-08 (OSM is incomplete in India, esp. Kolkata, so read as relative). residential_density = WorldPop Global 2000-2020 1km ind_ppp_2020_1km_Aggregated.tif (data.worldpop.org), cells with centre within 3 km",2026-10-10,candidate_cluster,Delhi NCR,
NCR-C23 Sector 29,28.45869,77.07209,177,8242,people per km2 (mean within 3 km radius; WorldPop 2020 1km UN-unadjusted grid),"delivering_restaurants_3km = PROXY, not aggregator data: count of OSM amenity=restaurant|fast_food|cafe (nodes+ways) within 3 km, Geofabrik India extract dated 2026-10-08 (OSM is incomplete in India, esp. Kolkata, so read as relative). residential_density = WorldPop Global 2000-2020 1km ind_ppp_2020_1km_Aggregated.tif (data.worldpop.org), cells with centre within 3 km",2026-10-10,candidate_cluster,Delhi NCR,
"NCR-C24 Block UA, Jawahar Nagar, Kamla Nagar",28.68063,77.20793,294,23989,people per km2 (mean within 3 km radius; WorldPop 2020 1km UN-unadjusted grid),"delivering_restaurants_3km = PROXY, not aggregator data: count of OSM amenity=restaurant|fast_food|cafe (nodes+ways) within 3 km, Geofabrik India extract dated 2026-10-08 (OSM is incomplete in India, esp. Kolkata, so read as relative). residential_density = WorldPop Global 2000-2020 1km ind_ppp_2020_1km_Aggregated.tif (data.worldpop.org), cells with centre within 3 km",2026-10-10,candidate_cluster,Delhi NCR,
"NCR-C25 Old Delhi, Kaccha Bagh Area, Chandni Chowk",28.6574,77.23192,284,24600,people per km2 (mean within 3 km radius; WorldPop 2020 1km UN-unadjusted grid),"delivering_restaurants_3km = PROXY, not aggregator data: count of OSM amenity=restaurant|fast_food|cafe (nodes+ways) within 3 km, Geofabrik India extract dated 2026-10-08 (OSM is incomplete in India, esp. Kolkata, so read as relative). residential_density = WorldPop Global 2000-2020 1km ind_ppp_2020_1km_Aggregated.tif (data.worldpop.org), cells with centre within 3 km",2026-10-10,candidate_cluster,Delhi NCR,
"NCR-C26 Wave City Center, Sector 32",28.57435,77.35425,60,11930,people per km2 (mean within 3 km radius; WorldPop 2020 1km UN-unadjusted grid),"delivering_restaurants_3km = PROXY, not aggregator data: count of OSM amenity=restaurant|fast_food|cafe (nodes+ways) within 3 km, Geofabrik India extract dated 2026-10-08 (OSM is incomplete in India, esp. Kolkata, so read as relative). residential_density = WorldPop Global 2000-2020 1km ind_ppp_2020_1km_Aggregated.tif (data.worldpop.org), cells with centre within 3 km",2026-10-10,candidate_cluster,Delhi NCR,
"NCR-C27 Sector 3F, Sector 3, Vaishali",28.6447,77.33548,57,27006,people per km2 (mean within 3 km radius; WorldPop 2020 1km UN-unadjusted grid),"delivering_restaurants_3km = PROXY, not aggregator data: count of OSM amenity=restaurant|fast_food|cafe (nodes+ways) within 3 km, Geofabrik India extract dated 2026-10-08 (OSM is incomplete in India, esp. Kolkata, so read as relative). residential_density = WorldPop Global 2000-2020 1km ind_ppp_2020_1km_Aggregated.tif (data.worldpop.org), cells with centre within 3 km",2026-10-10,candidate_cluster,Delhi NCR,
NCR-C28 Aerocity,28.55056,77.12137,25,5662,people per km2 (mean within 3 km radius; WorldPop 2020 1km UN-unadjusted grid),"delivering_restaurants_3km = PROXY, not aggregator data: count of OSM amenity=restaurant|fast_food|cafe (nodes+ways) within 3 km, Geofabrik India extract dated 2026-10-08 (OSM is incomplete in India, esp. Kolkata, so read as relative). residential_density = WorldPop Global 2000-2020 1km ind_ppp_2020_1km_Aggregated.tif (data.worldpop.org), cells with centre within 3 km",2026-10-10,candidate_cluster,Delhi NCR,
NCR-C29 Indira Gandhi International Airport,28.56539,77.12128,23,5951,people per km2 (mean within 3 km radius; WorldPop 2020 1km UN-unadjusted grid),"delivering_restaurants_3km = PROXY, not aggregator data: count of OSM amenity=restaurant|fast_food|cafe (nodes+ways) within 3 km, Geofabrik India extract dated 2026-10-08 (OSM is incomplete in India, esp. Kolkata, so read as relative). residential_density = WorldPop Global 2000-2020 1km ind_ppp_2020_1km_Aggregated.tif (data.worldpop.org), cells with centre within 3 km",2026-10-10,candidate_cluster,Delhi NCR,airport concession - not a standard site
"NCR-C30 Basant Lok, Vasant Vihar",28.55737,77.1644,177,8182,people per km2 (mean within 3 km radius; WorldPop 2020 1km UN-unadjusted grid),"delivering_restaurants_3km = PROXY, not aggregator data: count of OSM amenity=restaurant|fast_food|cafe (nodes+ways) within 3 km, Geofabrik India extract dated 2026-10-08 (OSM is incomplete in India, esp. Kolkata, so read as relative). residential_density = WorldPop Global 2000-2020 1km ind_ppp_2020_1km_Aggregated.tif (data.worldpop.org), cells with centre within 3 km",2026-10-10,candidate_cluster,Delhi NCR,
"NCR-C31 Block 15, WEA, Karol Bagh",28.64786,77.19295,189,24534,people per km2 (mean within 3 km radius; WorldPop 2020 1km UN-unadjusted grid),"delivering_restaurants_3km = PROXY, not aggregator data: count of OSM amenity=restaurant|fast_food|cafe (nodes+ways) within 3 km, Geofabrik India extract dated 2026-10-08 (OSM is incomplete in India, esp. Kolkata, so read as relative). residential_density = WorldPop Global 2000-2020 1km ind_ppp_2020_1km_Aggregated.tif (data.worldpop.org), cells with centre within 3 km",2026-10-10,candidate_cluster,Delhi NCR,
"NCR-C32 Moti Nagar, Karampura Industrial Area, Karam Pura",28.6631,77.15326,21,30236,people per km2 (mean within 3 km radius; WorldPop 2020 1km UN-unadjusted grid),"delivering_restaurants_3km = PROXY, not aggregator data: count of OSM amenity=restaurant|fast_food|cafe (nodes+ways) within 3 km, Geofabrik India extract dated 2026-10-08 (OSM is incomplete in India, esp. Kolkata, so read as relative). residential_density = WorldPop Global 2000-2020 1km ind_ppp_2020_1km_Aggregated.tif (data.worldpop.org), cells with centre within 3 km",2026-10-10,candidate_cluster,Delhi NCR,
"NCR-C33 Block A, New Friends Colony",28.56137,77.26879,206,17171,people per km2 (mean within 3 km radius; WorldPop 2020 1km UN-unadjusted grid),"delivering_restaurants_3km = PROXY, not aggregator data: count of OSM amenity=restaurant|fast_food|cafe (nodes+ways) within 3 km, Geofabrik India extract dated 2026-10-08 (OSM is incomplete in India, esp. Kolkata, so read as relative). residential_density = WorldPop Global 2000-2020 1km ind_ppp_2020_1km_Aggregated.tif (data.worldpop.org), cells with centre within 3 km",2026-10-10,candidate_cluster,Delhi NCR,
"NCR-C34 Block S, Green Park",28.55675,77.20536,376,15803,people per km2 (mean within 3 km radius; WorldPop 2020 1km UN-unadjusted grid),"delivering_restaurants_3km = PROXY, not aggregator data: count of OSM amenity=restaurant|fast_food|cafe (nodes+ways) within 3 km, Geofabrik India extract dated 2026-10-08 (OSM is incomplete in India, esp. Kolkata, so read as relative). residential_density = WorldPop Global 2000-2020 1km ind_ppp_2020_1km_Aggregated.tif (data.worldpop.org), cells with centre within 3 km",2026-10-10,candidate_cluster,Delhi NCR,
NCR-C35 Sector 70,28.39228,77.03026,42,3681,people per km2 (mean within 3 km radius; WorldPop 2020 1km UN-unadjusted grid),"delivering_restaurants_3km = PROXY, not aggregator data: count of OSM amenity=restaurant|fast_food|cafe (nodes+ways) within 3 km, Geofabrik India extract dated 2026-10-08 (OSM is incomplete in India, esp. Kolkata, so read as relative). residential_density = WorldPop Global 2000-2020 1km ind_ppp_2020_1km_Aggregated.tif (data.worldpop.org), cells with centre within 3 km",2026-10-10,candidate_cluster,Delhi NCR,
NCR-C36 Sector 84,28.41542,76.9639,4,3100,people per km2 (mean within 3 km radius; WorldPop 2020 1km UN-unadjusted grid),"delivering_restaurants_3km = PROXY, not aggregator data: count of OSM amenity=restaurant|fast_food|cafe (nodes+ways) within 3 km, Geofabrik India extract dated 2026-10-08 (OSM is incomplete in India, esp. Kolkata, so read as relative). residential_density = WorldPop Global 2000-2020 1km ind_ppp_2020_1km_Aggregated.tif (data.worldpop.org), cells with centre within 3 km",2026-10-10,candidate_cluster,Delhi NCR,
NCR-C37 Sector 68,28.38465,77.05221,38,3292,people per km2 (mean within 3 km radius; WorldPop 2020 1km UN-unadjusted grid),"delivering_restaurants_3km = PROXY, not aggregator data: count of OSM amenity=restaurant|fast_food|cafe (nodes+ways) within 3 km, Geofabrik India extract dated 2026-10-08 (OSM is incomplete in India, esp. Kolkata, so read as relative). residential_density = WorldPop Global 2000-2020 1km ind_ppp_2020_1km_Aggregated.tif (data.worldpop.org), cells with centre within 3 km",2026-10-10,candidate_cluster,Delhi NCR,
"NCR-C38 Aravalli Golf Course, New Industrial Township",28.38672,77.29913,9,15839,people per km2 (mean within 3 km radius; WorldPop 2020 1km UN-unadjusted grid),"delivering_restaurants_3km = PROXY, not aggregator data: count of OSM amenity=restaurant|fast_food|cafe (nodes+ways) within 3 km, Geofabrik India extract dated 2026-10-08 (OSM is incomplete in India, esp. Kolkata, so read as relative). residential_density = WorldPop Global 2000-2020 1km ind_ppp_2020_1km_Aggregated.tif (data.worldpop.org), cells with centre within 3 km",2026-10-10,candidate_cluster,Delhi NCR,
"NCR-C39 Sector 47 & 49, Sector 49",28.42068,77.0515,94,6438,people per km2 (mean within 3 km radius; WorldPop 2020 1km UN-unadjusted grid),"delivering_restaurants_3km = PROXY, not aggregator data: count of OSM amenity=restaurant|fast_food|cafe (nodes+ways) within 3 km, Geofabrik India extract dated 2026-10-08 (OSM is incomplete in India, esp. Kolkata, so read as relative). residential_density = WorldPop Global 2000-2020 1km ind_ppp_2020_1km_Aggregated.tif (data.worldpop.org), cells with centre within 3 km",2026-10-10,candidate_cluster,Delhi NCR,
NCR-C40 Sector 21,28.50961,77.07173,65,6926,people per km2 (mean within 3 km radius; WorldPop 2020 1km UN-unadjusted grid),"delivering_restaurants_3km = PROXY, not aggregator data: count of OSM amenity=restaurant|fast_food|cafe (nodes+ways) within 3 km, Geofabrik India extract dated 2026-10-08 (OSM is incomplete in India, esp. Kolkata, so read as relative). residential_density = WorldPop Global 2000-2020 1km ind_ppp_2020_1km_Aggregated.tif (data.worldpop.org), cells with centre within 3 km",2026-10-10,candidate_cluster,Delhi NCR,
NCR-C41 Sector 109,28.50293,77.00738,1,5366,people per km2 (mean within 3 km radius; WorldPop 2020 1km UN-unadjusted grid),"delivering_restaurants_3km = PROXY, not aggregator data: count of OSM amenity=restaurant|fast_food|cafe (nodes+ways) within 3 km, Geofabrik India extract dated 2026-10-08 (OSM is incomplete in India, esp. Kolkata, so read as relative). residential_density = WorldPop Global 2000-2020 1km ind_ppp_2020_1km_Aggregated.tif (data.worldpop.org), cells with centre within 3 km",2026-10-10,candidate_cluster,Delhi NCR,
NCR-C42 Sector 82A,28.38332,76.96633,7,3492,people per km2 (mean within 3 km radius; WorldPop 2020 1km UN-unadjusted grid),"delivering_restaurants_3km = PROXY, not aggregator data: count of OSM amenity=restaurant|fast_food|cafe (nodes+ways) within 3 km, Geofabrik India extract dated 2026-10-08 (OSM is incomplete in India, esp. Kolkata, so read as relative). residential_density = WorldPop Global 2000-2020 1km ind_ppp_2020_1km_Aggregated.tif (data.worldpop.org), cells with centre within 3 km",2026-10-10,candidate_cluster,Delhi NCR,
NCR-C43 South Extension II,28.56815,77.22162,389,16541,people per km2 (mean within 3 km radius; WorldPop 2020 1km UN-unadjusted grid),"delivering_restaurants_3km = PROXY, not aggregator data: count of OSM amenity=restaurant|fast_food|cafe (nodes+ways) within 3 km, Geofabrik India extract dated 2026-10-08 (OSM is incomplete in India, esp. Kolkata, so read as relative). residential_density = WorldPop Global 2000-2020 1km ind_ppp_2020_1km_Aggregated.tif (data.worldpop.org), cells with centre within 3 km",2026-10-10,candidate_cluster,Delhi NCR,
"NCR-C44 Gardenia Gateway, Sector 75",28.5727,77.37908,25,9000,people per km2 (mean within 3 km radius; WorldPop 2020 1km UN-unadjusted grid),"delivering_restaurants_3km = PROXY, not aggregator data: count of OSM amenity=restaurant|fast_food|cafe (nodes+ways) within 3 km, Geofabrik India extract dated 2026-10-08 (OSM is incomplete in India, esp. Kolkata, so read as relative). residential_density = WorldPop Global 2000-2020 1km ind_ppp_2020_1km_Aggregated.tif (data.worldpop.org), cells with centre within 3 km",2026-10-10,candidate_cluster,Delhi NCR,
"NCR-C45 D Block, East of Kailash",28.55785,77.24531,359,19796,people per km2 (mean within 3 km radius; WorldPop 2020 1km UN-unadjusted grid),"delivering_restaurants_3km = PROXY, not aggregator data: count of OSM amenity=restaurant|fast_food|cafe (nodes+ways) within 3 km, Geofabrik India extract dated 2026-10-08 (OSM is incomplete in India, esp. Kolkata, so read as relative). residential_density = WorldPop Global 2000-2020 1km ind_ppp_2020_1km_Aggregated.tif (data.worldpop.org), cells with centre within 3 km",2026-10-10,candidate_cluster,Delhi NCR,
"NCR-C46 West Punjabi Bagh, Punjabi Bagh",28.66643,77.12286,36,31748,people per km2 (mean within 3 km radius; WorldPop 2020 1km UN-unadjusted grid),"delivering_restaurants_3km = PROXY, not aggregator data: count of OSM amenity=restaurant|fast_food|cafe (nodes+ways) within 3 km, Geofabrik India extract dated 2026-10-08 (OSM is incomplete in India, esp. Kolkata, so read as relative). residential_density = WorldPop Global 2000-2020 1km ind_ppp_2020_1km_Aggregated.tif (data.worldpop.org), cells with centre within 3 km",2026-10-10,candidate_cluster,Delhi NCR,
"NCR-C47 Anand Vihar, Kaushambi",28.64134,77.31692,86,29586,people per km2 (mean within 3 km radius; WorldPop 2020 1km UN-unadjusted grid),"delivering_restaurants_3km = PROXY, not aggregator data: count of OSM amenity=restaurant|fast_food|cafe (nodes+ways) within 3 km, Geofabrik India extract dated 2026-10-08 (OSM is incomplete in India, esp. Kolkata, so read as relative). residential_density = WorldPop Global 2000-2020 1km ind_ppp_2020_1km_Aggregated.tif (data.worldpop.org), cells with centre within 3 km",2026-10-10,candidate_cluster,Delhi NCR,
"NCR-C48 Choma, Chauma Village, Sector 1, Palam Vihar",28.51158,77.03969,8,5337,people per km2 (mean within 3 km radius; WorldPop 2020 1km UN-unadjusted grid),"delivering_restaurants_3km = PROXY, not aggregator data: count of OSM amenity=restaurant|fast_food|cafe (nodes+ways) within 3 km, Geofabrik India extract dated 2026-10-08 (OSM is incomplete in India, esp. Kolkata, so read as relative). residential_density = WorldPop Global 2000-2020 1km ind_ppp_2020_1km_Aggregated.tif (data.worldpop.org), cells with centre within 3 km",2026-10-10,candidate_cluster,Delhi NCR,
NCR-C49 Knowledge Park II,28.45839,77.49933,18,2165,people per km2 (mean within 3 km radius; WorldPop 2020 1km UN-unadjusted grid),"delivering_restaurants_3km = PROXY, not aggregator data: count of OSM amenity=restaurant|fast_food|cafe (nodes+ways) within 3 km, Geofabrik India extract dated 2026-10-08 (OSM is incomplete in India, esp. Kolkata, so read as relative). residential_density = WorldPop Global 2000-2020 1km ind_ppp_2020_1km_Aggregated.tif (data.worldpop.org), cells with centre within 3 km",2026-10-10,candidate_cluster,Delhi NCR,
"NCR-C50 Block G, Sarojini Nagar",28.57629,77.19741,246,10754,people per km2 (mean within 3 km radius; WorldPop 2020 1km UN-unadjusted grid),"delivering_restaurants_3km = PROXY, not aggregator data: count of OSM amenity=restaurant|fast_food|cafe (nodes+ways) within 3 km, Geofabrik India extract dated 2026-10-08 (OSM is incomplete in India, esp. Kolkata, so read as relative). residential_density = WorldPop Global 2000-2020 1km ind_ppp_2020_1km_Aggregated.tif (data.worldpop.org), cells with centre within 3 km",2026-10-10,candidate_cluster,Delhi NCR,
"NCR-C51 Zulfe Bengal, Dilshad Garden",28.6764,77.31703,57,37738,people per km2 (mean within 3 km radius; WorldPop 2020 1km UN-unadjusted grid),"delivering_restaurants_3km = PROXY, not aggregator data: count of OSM amenity=restaurant|fast_food|cafe (nodes+ways) within 3 km, Geofabrik India extract dated 2026-10-08 (OSM is incomplete in India, esp. Kolkata, so read as relative). residential_density = WorldPop Global 2000-2020 1km ind_ppp_2020_1km_Aggregated.tif (data.worldpop.org), cells with centre within 3 km",2026-10-10,candidate_cluster,Delhi NCR,
"NCR-C52 East Model Town, Gandhi Nagar, Nehru Nagar III, Nehru Nagar",28.65676,77.43434,11,21962,people per km2 (mean within 3 km radius; WorldPop 2020 1km UN-unadjusted grid),"delivering_restaurants_3km = PROXY, not aggregator data: count of OSM amenity=restaurant|fast_food|cafe (nodes+ways) within 3 km, Geofabrik India extract dated 2026-10-08 (OSM is incomplete in India, esp. Kolkata, so read as relative). residential_density = WorldPop Global 2000-2020 1km ind_ppp_2020_1km_Aggregated.tif (data.worldpop.org), cells with centre within 3 km",2026-10-10,candidate_cluster,Delhi NCR,
NCR-C53 G.B Nagar,28.60494,77.44831,16,4182,people per km2 (mean within 3 km radius; WorldPop 2020 1km UN-unadjusted grid),"delivering_restaurants_3km = PROXY, not aggregator data: count of OSM amenity=restaurant|fast_food|cafe (nodes+ways) within 3 km, Geofabrik India extract dated 2026-10-08 (OSM is incomplete in India, esp. Kolkata, so read as relative). residential_density = WorldPop Global 2000-2020 1km ind_ppp_2020_1km_Aggregated.tif (data.worldpop.org), cells with centre within 3 km",2026-10-10,candidate_cluster,Delhi NCR,
"NCR-C54 Block A, Sector 43",28.56086,77.35638,67,10332,people per km2 (mean within 3 km radius; WorldPop 2020 1km UN-unadjusted grid),"delivering_restaurants_3km = PROXY, not aggregator data: count of OSM amenity=restaurant|fast_food|cafe (nodes+ways) within 3 km, Geofabrik India extract dated 2026-10-08 (OSM is incomplete in India, esp. Kolkata, so read as relative). residential_density = WorldPop Global 2000-2020 1km ind_ppp_2020_1km_Aggregated.tif (data.worldpop.org), cells with centre within 3 km",2026-10-10,candidate_cluster,Delhi NCR,
