station,city,line,lat,lng,daily_ridership,period,source_url,nearest_site,nearest_site_m,coord_source
A.I.I.M.S.,Delhi NCR,Yellow Line,28.56686,77.207806,,,,"NCR-C34 Block S, Green Park",1149,"OpenStreetMap station node (Overpass API, fetched 2026-10-10); line from OSM route relations"
Adarsh Nagar,Delhi NCR,Yellow Line,28.71658,77.170422,,,,Shalimar Bagh (02/0015),1695,"OpenStreetMap station node (Overpass API, fetched 2026-10-10); line from OSM route relations"
Alpha 1,Delhi NCR,Aqua Line,28.471034,77.512737,,,,"NCR-C14 Alpha-II Commercial Belt, Block I, Sector Alpha II",1549,"OpenStreetMap station node (Overpass API, fetched 2026-10-10); line from OSM route relations"
Anand Vihar,Delhi NCR,Blue Line; Pink Line,28.646725,77.315703,73361,Oct 2023 avg daily (DMRC data via TOI 1 Dec 2023),https://timesofindia.indiatimes.com/city/delhi/how-new-interchange-stations-are-taking-load-off-delhi-metro-hubs/articleshow/105640678.cms,"NCR-C47 Anand Vihar, Kaushambi",610,"OpenStreetMap station node (Overpass API, fetched 2026-10-10); line from OSM route relations"
Arjan Garh,Delhi NCR,Yellow Line,28.480735,77.125762,,,,Gurgaon DLF (02/0009),3424,"OpenStreetMap station node (Overpass API, fetched 2026-10-10); line from OSM route relations"
Arthala,Delhi NCR,Red Line,28.676999,77.391892,,,,"NCR-C52 East Model Town, Gandhi Nagar, Nehru Nagar III, Nehru Nagar",4713,"OpenStreetMap station node (Overpass API, fetched 2026-10-10); line from OSM route relations"
Ashok Park Main,Delhi NCR,Green Line,28.671604,77.155291,,,,"NCR-C32 Moti Nagar, Karampura Industrial Area, Karam Pura",966,"OpenStreetMap station node (Overpass API, fetched 2026-10-10); line from OSM route relations"
Ashram,Delhi NCR,Pink Line,28.572423,77.258598,,,,"NCR-C33 Block A, New Friends Colony",1582,"OpenStreetMap station node (Overpass API, fetched 2026-10-10); line from OSM route relations"
Azadpur,Delhi NCR,Pink Line; Yellow Line,28.706413,77.18116,,,,Model Town (02/0013),877,"OpenStreetMap station node (Overpass API, fetched 2026-10-10); line from OSM route relations"
Badhkal Mor,Delhi NCR,Violet Line,28.422713,77.310348,,,,Sec 15 Faridabad (02/0007),3302,"OpenStreetMap station node (Overpass API, fetched 2026-10-10); line from OSM route relations"
Bahadurgarh City,Delhi NCR,Green Line,28.690778,76.935481,,,,"NCR-C06 Pocket 1, Sector 14 Dwarka, Dwarka",13498,"OpenStreetMap station node (Overpass API, fetched 2026-10-10); line from OSM route relations"
Barakhambha Road,Delhi NCR,Blue Line,28.629768,77.225005,,,,Connaught place (02/0012),911,"OpenStreetMap station node (Overpass API, fetched 2026-10-10); line from OSM route relations"
Belvedere Towers,Delhi NCR,Rapid MetroRail Gurgaon,28.491702,77.088132,,,,Gurgaon DLF (02/0009),451,"OpenStreetMap station node (Overpass API, fetched 2026-10-10); line from OSM route relations"
Bhajanpura,Delhi NCR,Pink Line,28.703599,77.262647,,,,"NCR-C24 Block UA, Jawahar Nagar, Kamla Nagar",5917,"OpenStreetMap station node (Overpass API, fetched 2026-10-10); line from OSM route relations"
Bhalaswa,Delhi NCR,Magenta Line,28.736957,77.168087,,,,Shalimar Bagh (02/0015),3905,"OpenStreetMap station node (Overpass API, fetched 2026-10-10); line from OSM route relations"
Bhikaji Cama Place,Delhi NCR,Pink Line,28.570262,77.187871,,,,"NCR-C50 Block G, Sarojini Nagar",1148,"OpenStreetMap station node (Overpass API, fetched 2026-10-10); line from OSM route relations"
Bodaki,Delhi NCR,"Aqua Line (OSM; extension, check if open)",28.507591,77.563528,,,,"NCR-C14 Alpha-II Commercial Belt, Block I, Sector Alpha II",4893,"OpenStreetMap station node (Overpass API, fetched 2026-10-10); line from OSM route relations"
Botanical Garden,Delhi NCR,Blue Line; Magenta Line,28.563924,77.334118,270000,"Jun 2026 avg daily (DMRC data reported by TOI, rounded to 0.1 lakh)",https://timesofindia.indiatimes.com/city/noida/4-months-counting-botanical-garden-not-kashmere-gate-is-delhi-metros-busiest-station/articleshow/132500567.cms,Sec 18 Noida (02/0001),1427,"OpenStreetMap station node (Overpass API, fetched 2026-10-10); line from OSM route relations"
Brigadier Hoshiyar Singh,Delhi NCR,Green Line,28.69746,76.919203,,,,"NCR-C06 Pocket 1, Sector 14 Dwarka, Dwarka",15135,"OpenStreetMap station node (Overpass API, fetched 2026-10-10); line from OSM route relations"
Burari,Delhi NCR,Pink Line,28.729829,77.19957,,,,Model Town (02/0013),2812,"OpenStreetMap station node (Overpass API, fetched 2026-10-10); line from OSM route relations"
Central Secretariat,Delhi NCR,Violet Line; Yellow Line,28.615879,77.212282,,,,Connaught place (02/0012),1897,"OpenStreetMap station node (Overpass API, fetched 2026-10-10); line from OSM route relations"
Chandni Chowk,Delhi NCR,Yellow Line,28.658423,77.230338,,,,"NCR-C25 Old Delhi, Kaccha Bagh Area, Chandni Chowk",192,"OpenStreetMap station node (Overpass API, fetched 2026-10-10); line from OSM route relations"
Chawri Bazaar,Delhi NCR,Yellow Line,28.649265,77.226515,,,,"NCR-C25 Old Delhi, Kaccha Bagh Area, Chandni Chowk",1047,"OpenStreetMap station node (Overpass API, fetched 2026-10-10); line from OSM route relations"
Chhatarpur,Delhi NCR,Yellow Line,28.506724,77.175002,,,,"NCR-C05 Vasant Kunj II, Vasant Kunj",4347,"OpenStreetMap station node (Overpass API, fetched 2026-10-10); line from OSM route relations"
Chirag Delhi,Delhi NCR,Magenta Line,28.541111,77.230316,,,,"NCR-C02 Saket District Centre, District Centre, Sector 6, Pushp Vihar",1872,"OpenStreetMap station node (Overpass API, fetched 2026-10-10); line from OSM route relations"
Civil Lines,Delhi NCR,Yellow Line,28.676851,77.22503,,,,"NCR-C24 Block UA, Jawahar Nagar, Kamla Nagar",1720,"OpenStreetMap station node (Overpass API, fetched 2026-10-10); line from OSM route relations"
Cyber City,Delhi NCR,Rapid MetroRail Gurgaon,28.49807,77.089257,,,,Gurgaon DLF (02/0009),905,"OpenStreetMap station node (Overpass API, fetched 2026-10-10); line from OSM route relations"
DLF Phase 1,Delhi NCR,Rapid MetroRail Gurgaon,28.471426,77.093961,,,,Gurgaon DLF (02/0009),2121,"OpenStreetMap station node (Overpass API, fetched 2026-10-10); line from OSM route relations"
DLF Phase 2,Delhi NCR,Rapid MetroRail Gurgaon,28.48756,77.092991,,,,Gurgaon DLF (02/0009),325,"OpenStreetMap station node (Overpass API, fetched 2026-10-10); line from OSM route relations"
Dabri Mor - Janakpuri South,Delhi NCR,Magenta Line,28.61572,77.085189,,,,"NCR-C12 Narang Colony, Chander Nagar, Janakpuri",1666,"OpenStreetMap station node (Overpass API, fetched 2026-10-10); line from OSM route relations"
Dashrath Puri,Delhi NCR,Magenta Line,28.60185,77.082375,,,,"NCR-C12 Narang Colony, Chander Nagar, Janakpuri",3075,"OpenStreetMap station node (Overpass API, fetched 2026-10-10); line from OSM route relations"
Deepali Chowk,Delhi NCR,Magenta Line,28.6981,77.11828,,,,Rohini Sec-7 (02/0008),1350,"OpenStreetMap station node (Overpass API, fetched 2026-10-10); line from OSM route relations"
Delhi Aerocity,Delhi NCR,Airport Express Line,28.548779,77.120795,,,,NCR-C28 Aerocity,206,"OpenStreetMap station node (Overpass API, fetched 2026-10-10); line from OSM route relations"
Delhi Cantt,Delhi NCR,Pink Line,28.60862,77.140419,,,,"NCR-C01 Shivaji Place, Vishal Enclave, Rajouri Garden",4767,"OpenStreetMap station node (Overpass API, fetched 2026-10-10); line from OSM route relations"
Delhi Gate,Delhi NCR,Violet Line,28.639217,77.24078,,,,"NCR-C25 Old Delhi, Kaccha Bagh Area, Chandni Chowk",2199,"OpenStreetMap station node (Overpass API, fetched 2026-10-10); line from OSM route relations"
Delta 1,Delhi NCR,Aqua Line,28.478477,77.525731,,,,"NCR-C14 Alpha-II Commercial Belt, Block I, Sector Alpha II",85,"OpenStreetMap station node (Overpass API, fetched 2026-10-10); line from OSM route relations"
Depot Station,Delhi NCR,Aqua Line,28.489014,77.544009,,,,"NCR-C14 Alpha-II Commercial Belt, Block I, Sector Alpha II",2107,"OpenStreetMap station node (Overpass API, fetched 2026-10-10); line from OSM route relations"
Dhansa Bus Stand,Delhi NCR,Grey Line,28.611909,76.978526,,,,"NCR-C06 Pocket 1, Sector 14 Dwarka, Dwarka",5078,"OpenStreetMap station node (Overpass API, fetched 2026-10-10); line from OSM route relations"
Dhaula Kuan,Delhi NCR,Airport Express Line,28.591872,77.161716,,,,"NCR-C30 Basant Lok, Vasant Vihar",3845,"OpenStreetMap station node (Overpass API, fetched 2026-10-10); line from OSM route relations"
Dilli Haat - INA,Delhi NCR,Pink Line; Yellow Line,28.573915,77.208444,,,,"NCR-C50 Block G, Sarojini Nagar",1109,"OpenStreetMap station node (Overpass API, fetched 2026-10-10); line from OSM route relations"
Dwarka - Kakrola,Delhi NCR,Blue Line; Grey Line,28.615412,77.022598,,,,"NCR-C06 Pocket 1, Sector 14 Dwarka, Dwarka",1678,"OpenStreetMap station node (Overpass API, fetched 2026-10-10); line from OSM route relations"
Dwarka Mor,Delhi NCR,Blue Line,28.61931,77.033279,,,,"NCR-C06 Pocket 1, Sector 14 Dwarka, Dwarka",2024,"OpenStreetMap station node (Overpass API, fetched 2026-10-10); line from OSM route relations"
Dwarka Sector 10,Delhi NCR,Blue Line,28.581058,77.0575,,,,"NCR-C17 Pocket 8, Block B, Sector 12 Dwarka, Dwarka",2025,"OpenStreetMap station node (Overpass API, fetched 2026-10-10); line from OSM route relations"
Dwarka Sector 11,Delhi NCR,Blue Line,28.586443,77.049443,,,,"NCR-C17 Pocket 8, Block B, Sector 12 Dwarka, Dwarka",1037,"OpenStreetMap station node (Overpass API, fetched 2026-10-10); line from OSM route relations"
Dwarka Sector 12,Delhi NCR,Blue Line,28.592236,77.040732,,,,"NCR-C17 Pocket 8, Block B, Sector 12 Dwarka, Dwarka",86,"OpenStreetMap station node (Overpass API, fetched 2026-10-10); line from OSM route relations"
Dwarka Sector 13,Delhi NCR,Blue Line,28.597009,77.033541,,,,"NCR-C06 Pocket 1, Sector 14 Dwarka, Dwarka",654,"OpenStreetMap station node (Overpass API, fetched 2026-10-10); line from OSM route relations"
Dwarka Sector 14,Delhi NCR,Blue Line,28.602222,77.025976,,,,"NCR-C06 Pocket 1, Sector 14 Dwarka, Dwarka",323,"OpenStreetMap station node (Overpass API, fetched 2026-10-10); line from OSM route relations"
Dwarka Sector 21,Delhi NCR,Airport Express Line; Blue Line,28.551922,77.05856,,,,"NCR-C11 Sector 21, Dwarka",76,"OpenStreetMap station node (Overpass API, fetched 2026-10-10); line from OSM route relations"
Dwarka Sector 8,Delhi NCR,Blue Line,28.565611,77.067037,,,,"NCR-C11 Sector 21, Dwarka",1705,"OpenStreetMap station node (Overpass API, fetched 2026-10-10); line from OSM route relations"
Dwarka Sector 9,Delhi NCR,Blue Line,28.574272,77.065332,,,,"NCR-C11 Sector 21, Dwarka",2528,"OpenStreetMap station node (Overpass API, fetched 2026-10-10); line from OSM route relations"
ESI - Basaidarapur,Delhi NCR,Pink Line,28.658074,77.127268,,,,"NCR-C46 West Punjabi Bagh, Punjabi Bagh",1024,"OpenStreetMap station node (Overpass API, fetched 2026-10-10); line from OSM route relations"
East Azad Nagar,Delhi NCR,Pink Line,28.664676,77.284843,,,,"NCR-C18 Block C, Bharati Artist Colony, Preet Vihar",3149,"OpenStreetMap station node (Overpass API, fetched 2026-10-10); line from OSM route relations"
East Vinod Nagar - Mayur Vihar - II,Delhi NCR,Pink Line,28.620044,77.305407,,,,"NCR-C18 Block C, Bharati Artist Colony, Preet Vihar",2550,"OpenStreetMap station node (Overpass API, fetched 2026-10-10); line from OSM route relations"
GNIDA Office,Delhi NCR,Aqua Line,28.484683,77.536504,,,,"NCR-C14 Alpha-II Commercial Belt, Block I, Sector Alpha II",1231,"OpenStreetMap station node (Overpass API, fetched 2026-10-10); line from OSM route relations"
GTB Nagar,Delhi NCR,Yellow Line,28.698133,77.2064,,,,Model Town (02/0013),1808,"OpenStreetMap station node (Overpass API, fetched 2026-10-10); line from OSM route relations"
Ghevra,Delhi NCR,Green Line,28.685238,76.996159,,,,"NCR-C06 Pocket 1, Sector 14 Dwarka, Dwarka",9856,"OpenStreetMap station node (Overpass API, fetched 2026-10-10); line from OSM route relations"
Ghitorni,Delhi NCR,Yellow Line,28.493751,77.149187,,,,"NCR-C05 Vasant Kunj II, Vasant Kunj",5358,"OpenStreetMap station node (Overpass API, fetched 2026-10-10); line from OSM route relations"
Gokulpuri,Delhi NCR,Pink Line,28.702475,77.286125,,,,"NCR-C51 Zulfe Bengal, Dilshad Garden",4183,"OpenStreetMap station node (Overpass API, fetched 2026-10-10); line from OSM route relations"
Govind Puri,Delhi NCR,Violet Line,28.544552,77.264276,,,,Kalkaji (02/0004),836,"OpenStreetMap station node (Overpass API, fetched 2026-10-10); line from OSM route relations"
Greater Kailash,Delhi NCR,Magenta Line,28.541908,77.238492,,,,Kalkaji (02/0004),1813,"OpenStreetMap station node (Overpass API, fetched 2026-10-10); line from OSM route relations"
Green Park,Delhi NCR,Yellow Line,28.558007,77.206793,,,,"NCR-C34 Block S, Green Park",198,"OpenStreetMap station node (Overpass API, fetched 2026-10-10); line from OSM route relations"
Guru Dronacharya,Delhi NCR,Yellow Line,28.482021,77.102268,,,,Gurgaon DLF (02/0009),1337,"OpenStreetMap station node (Overpass API, fetched 2026-10-10); line from OSM route relations"
Haiderpur Badli Mor,Delhi NCR,Magenta Line; Yellow Line,28.72994,77.149104,,,,Rohini Sec-7 (02/0008),3429,"OpenStreetMap station node (Overpass API, fetched 2026-10-10); line from OSM route relations"
Haiderpur Village,Delhi NCR,Magenta Line,28.724899,77.142467,,,,Rohini Sec-7 (02/0008),2573,"OpenStreetMap station node (Overpass API, fetched 2026-10-10); line from OSM route relations"
Harkesh Nagar Okhla,Delhi NCR,Violet Line,28.542934,77.275041,,,,"Pacific mall, Jasola (02/0011)",976,"OpenStreetMap station node (Overpass API, fetched 2026-10-10); line from OSM route relations"
Hauz Khas,Delhi NCR,Magenta Line; Yellow Line,28.543813,77.205876,,,,"NCR-C34 Block S, Green Park",1439,"OpenStreetMap station node (Overpass API, fetched 2026-10-10); line from OSM route relations"
Hindon River,Delhi NCR,Red Line,28.673429,77.406537,,,,"NCR-C04 RDC, Block 1, P & T Colony, Raj Nagar",3275,"OpenStreetMap station node (Overpass API, fetched 2026-10-10); line from OSM route relations"
IFFCO Chowk,Delhi NCR,Yellow Line,28.472328,77.072422,,,,NCR-C23 Sector 29,1517,"OpenStreetMap station node (Overpass API, fetched 2026-10-10); line from OSM route relations"
IGI Airport,Delhi NCR,Airport Express Line,28.556463,77.0867,,,,NCR-C07 Indira Gandhi International Airport,60,"OpenStreetMap station node (Overpass API, fetched 2026-10-10); line from OSM route relations"
IIT Delhi,Delhi NCR,Magenta Line,28.547012,77.194555,,,,"NCR-C34 Block S, Green Park",1512,"OpenStreetMap station node (Overpass API, fetched 2026-10-10); line from OSM route relations"
IP Extension,Delhi NCR,Pink Line,28.631903,77.310718,,,,"NCR-C47 Anand Vihar, Kaushambi",1211,"OpenStreetMap station node (Overpass API, fetched 2026-10-10); line from OSM route relations"
ITO,Delhi NCR,Violet Line,28.628191,77.241044,,,,Connaught place (02/0012),2470,"OpenStreetMap station node (Overpass API, fetched 2026-10-10); line from OSM route relations"
Inderlok,Delhi NCR,Green Line; Red Line,28.673148,77.169767,63546,Oct 2023 avg daily (DMRC data via TOI 1 Dec 2023),https://timesofindia.indiatimes.com/city/delhi/how-new-interchange-stations-are-taking-load-off-delhi-metro-hubs/articleshow/105640678.cms,"NCR-C32 Moti Nagar, Karampura Industrial Area, Karam Pura",1960,"OpenStreetMap station node (Overpass API, fetched 2026-10-10); line from OSM route relations"
Indraprastha,Delhi NCR,Blue Line,28.620602,77.249551,,,,Connaught place (02/0012),3514,"OpenStreetMap station node (Overpass API, fetched 2026-10-10); line from OSM route relations"
Jaffrabad,Delhi NCR,Pink Line,28.682682,77.274806,,,,"NCR-C51 Zulfe Bengal, Dilshad Garden",4178,"OpenStreetMap station node (Overpass API, fetched 2026-10-10); line from OSM route relations"
Jagatpur - Wazirabad,Delhi NCR,Pink Line,28.721116,77.223995,,,,Model Town (02/0013),3709,"OpenStreetMap station node (Overpass API, fetched 2026-10-10); line from OSM route relations"
Jahangirpuri,Delhi NCR,Yellow Line,28.725972,77.162658,,,,Shalimar Bagh (02/0015),2694,"OpenStreetMap station node (Overpass API, fetched 2026-10-10); line from OSM route relations"
Jamia Millia Islamia,Delhi NCR,Magenta Line,28.563049,77.286339,,,,"NCR-C33 Block A, New Friends Colony",1724,"OpenStreetMap station node (Overpass API, fetched 2026-10-10); line from OSM route relations"
Janakpuri East,Delhi NCR,Blue Line,28.633021,77.086757,,,,"NCR-C12 Narang Colony, Chander Nagar, Janakpuri",977,"OpenStreetMap station node (Overpass API, fetched 2026-10-10); line from OSM route relations"
Janakpuri West,Delhi NCR,Blue Line; Magenta Line,28.629266,77.078017,,,,"NCR-C12 Narang Colony, Chander Nagar, Janakpuri",28,"OpenStreetMap station node (Overpass API, fetched 2026-10-10); line from OSM route relations"
Jangpura,Delhi NCR,Violet Line,28.583039,77.239315,,,,"NCR-C09 Block I, Lajpat Nagar III, Lajpat Nagar",1473,"OpenStreetMap station node (Overpass API, fetched 2026-10-10); line from OSM route relations"
Janpath,Delhi NCR,Violet Line,28.624048,77.219259,,,,Connaught place (02/0012),994,"OpenStreetMap station node (Overpass API, fetched 2026-10-10); line from OSM route relations"
Jasola Vihar Shaheen Bagh,Delhi NCR,Magenta Line,28.545828,77.296658,,,,"Pacific mall, Jasola (02/0011)",1609,"OpenStreetMap station node (Overpass API, fetched 2026-10-10); line from OSM route relations"
Jawaharlal Nehru Stadium,Delhi NCR,Violet Line,28.588235,77.233783,,,,"NCR-C09 Block I, Lajpat Nagar III, Lajpat Nagar",2077,"OpenStreetMap station node (Overpass API, fetched 2026-10-10); line from OSM route relations"
Jhandewalan,Delhi NCR,Blue Line,28.644319,77.199916,,,,"NCR-C31 Block 15, WEA, Karol Bagh",786,"OpenStreetMap station node (Overpass API, fetched 2026-10-10); line from OSM route relations"
Jharoda Majra,Delhi NCR,Pink Line,28.724965,77.213712,,,,Model Town (02/0013),3125,"OpenStreetMap station node (Overpass API, fetched 2026-10-10); line from OSM route relations"
Jhilmil,Delhi NCR,Red Line,28.67572,77.312395,,,,"NCR-C51 Zulfe Bengal, Dilshad Garden",458,"OpenStreetMap station node (Overpass API, fetched 2026-10-10); line from OSM route relations"
Johri Enclave,Delhi NCR,Pink Line,28.712881,77.290129,,,,"NCR-C51 Zulfe Bengal, Dilshad Garden",4831,"OpenStreetMap station node (Overpass API, fetched 2026-10-10); line from OSM route relations"
Jor Bagh,Delhi NCR,Yellow Line,28.586509,77.212527,,,,"NCR-C50 Block G, Sarojini Nagar",1863,"OpenStreetMap station node (Overpass API, fetched 2026-10-10); line from OSM route relations"
Junpat Village,Delhi NCR,"Aqua Line (OSM; extension, check if open)",28.495234,77.554843,,,,"NCR-C14 Alpha-II Commercial Belt, Block I, Sector Alpha II",3371,"OpenStreetMap station node (Overpass API, fetched 2026-10-10); line from OSM route relations"
Kailash Colony,Delhi NCR,Violet Line,28.55533,77.241964,,,,"NCR-C45 D Block, East of Kailash",430,"OpenStreetMap station node (Overpass API, fetched 2026-10-10); line from OSM route relations"
Kalindi Kunj,Delhi NCR,Magenta Line,28.542916,77.310111,,,,"Pacific mall, Jasola (02/0011)",2707,"OpenStreetMap station node (Overpass API, fetched 2026-10-10); line from OSM route relations"
Kalkaji Mandir,Delhi NCR,Magenta Line; Violet Line,28.549915,77.258017,108633,Oct 2023 avg daily (DMRC data via TOI 1 Dec 2023),https://timesofindia.indiatimes.com/city/delhi/how-new-interchange-stations-are-taking-load-off-delhi-metro-hubs/articleshow/105640678.cms,Kalkaji (02/0004),1040,"OpenStreetMap station node (Overpass API, fetched 2026-10-10); line from OSM route relations"
Kanhaiya Nagar,Delhi NCR,Red Line,28.682408,77.164775,,,,Shalimar Bagh (02/0015),2169,"OpenStreetMap station node (Overpass API, fetched 2026-10-10); line from OSM route relations"
Karkarduma,Delhi NCR,Blue Line; Pink Line,28.64883,77.305793,,,,"NCR-C47 Anand Vihar, Kaushambi",1368,"OpenStreetMap station node (Overpass API, fetched 2026-10-10); line from OSM route relations"
Karkarduma Court,Delhi NCR,Pink Line,28.6536,77.295788,,,,"NCR-C18 Block C, Bharati Artist Colony, Preet Vihar",2088,"OpenStreetMap station node (Overpass API, fetched 2026-10-10); line from OSM route relations"
Karol Bagh,Delhi NCR,Blue Line,28.644012,77.188524,,,,"NCR-C31 Block 15, WEA, Karol Bagh",608,"OpenStreetMap station node (Overpass API, fetched 2026-10-10); line from OSM route relations"
Kashmere Gate,Delhi NCR,Red Line; Violet Line; Yellow Line,28.668061,77.22815,260000,"Jun 2026 avg daily (DMRC data reported by TOI, rounded to 0.1 lakh)",https://timesofindia.indiatimes.com/city/noida/4-months-counting-botanical-garden-not-kashmere-gate-is-delhi-metros-busiest-station/articleshow/132500567.cms,"NCR-C25 Old Delhi, Kaccha Bagh Area, Chandni Chowk",1241,"OpenStreetMap station node (Overpass API, fetched 2026-10-10); line from OSM route relations"
Kashmere Gate,Delhi NCR,Red Line; Violet Line; Yellow Line,28.668061,77.22815,250386,Oct 2023 avg daily (DMRC data via TOI 1 Dec 2023),https://timesofindia.indiatimes.com/city/delhi/how-new-interchange-stations-are-taking-load-off-delhi-metro-hubs/articleshow/105640678.cms,"NCR-C25 Old Delhi, Kaccha Bagh Area, Chandni Chowk",1241,"OpenStreetMap station node (Overpass API, fetched 2026-10-10); line from OSM route relations"
Kaushambi,Delhi NCR,Blue Line,28.645286,77.324343,,,,"NCR-C47 Anand Vihar, Kaushambi",847,"OpenStreetMap station node (Overpass API, fetched 2026-10-10); line from OSM route relations"
Keshav Puram,Delhi NCR,Red Line,28.688926,77.161683,,,,Shalimar Bagh (02/0015),1496,"OpenStreetMap station node (Overpass API, fetched 2026-10-10); line from OSM route relations"
Khajuri Khas,Delhi NCR,Pink Line,28.705261,77.254499,,,,"NCR-C24 Block UA, Jawahar Nagar, Kamla Nagar",5304,"OpenStreetMap station node (Overpass API, fetched 2026-10-10); line from OSM route relations"
Khan Market,Delhi NCR,Violet Line,28.602245,77.229128,,,,Connaught place (02/0012),3600,"OpenStreetMap station node (Overpass API, fetched 2026-10-10); line from OSM route relations"
Kirti Nagar,Delhi NCR,Blue Line; Green Line,28.655143,77.151012,50215,Oct 2023 avg daily (DMRC data via TOI 1 Dec 2023),https://timesofindia.indiatimes.com/city/delhi/how-new-interchange-stations-are-taking-load-off-delhi-metro-hubs/articleshow/105640678.cms,"NCR-C32 Moti Nagar, Karampura Industrial Area, Karam Pura",912,"OpenStreetMap station node (Overpass API, fetched 2026-10-10); line from OSM route relations"
Kohat Enclave,Delhi NCR,Red Line,28.698042,77.140539,,,,Rohini Sec-7 (02/0008),2167,"OpenStreetMap station node (Overpass API, fetched 2026-10-10); line from OSM route relations"
Krishna Nagar,Delhi NCR,Pink Line,28.657813,77.29012,,,,"NCR-C18 Block C, Bharati Artist Colony, Preet Vihar",2396,"OpenStreetMap station node (Overpass API, fetched 2026-10-10); line from OSM route relations"
Krishna Park Extension,Delhi NCR,Magenta Line,28.647792,77.084342,,,,"NCR-C12 Narang Colony, Chander Nagar, Janakpuri",2165,"OpenStreetMap station node (Overpass API, fetched 2026-10-10); line from OSM route relations"
Lajpat Nagar,Delhi NCR,Pink Line; Violet Line,28.570088,77.237453,78218,Oct 2023 avg daily (DMRC data via TOI 1 Dec 2023),https://timesofindia.indiatimes.com/city/delhi/how-new-interchange-stations-are-taking-load-off-delhi-metro-hubs/articleshow/105640678.cms,"NCR-C09 Block I, Lajpat Nagar III, Lajpat Nagar",34,"OpenStreetMap station node (Overpass API, fetched 2026-10-10); line from OSM route relations"
Lal Quila,Delhi NCR,Violet Line,28.657483,77.236661,,,,"NCR-C25 Old Delhi, Kaccha Bagh Area, Chandni Chowk",463,"OpenStreetMap station node (Overpass API, fetched 2026-10-10); line from OSM route relations"
Laxmi Nagar,Delhi NCR,Blue Line,28.630597,77.277523,,,,"NCR-C18 Block C, Bharati Artist Colony, Preet Vihar",1140,"OpenStreetMap station node (Overpass API, fetched 2026-10-10); line from OSM route relations"
Lok Kalyan Marg,Delhi NCR,Yellow Line,28.597351,77.211097,,,,"NCR-C50 Block G, Sarojini Nagar",2696,"OpenStreetMap station node (Overpass API, fetched 2026-10-10); line from OSM route relations"
M G Road,Delhi NCR,Yellow Line,28.479554,77.079893,,,,Gurgaon DLF (02/0009),1730,"OpenStreetMap station node (Overpass API, fetched 2026-10-10); line from OSM route relations"
Madhuban Chowk,Delhi NCR,Magenta Line; Red Line,28.703418,77.131161,,,,Rohini Sec-7 (02/0008),1078,"OpenStreetMap station node (Overpass API, fetched 2026-10-10); line from OSM route relations"
Madipur,Delhi NCR,Green Line,28.676475,77.11936,,,,"NCR-C46 West Punjabi Bagh, Punjabi Bagh",1168,"OpenStreetMap station node (Overpass API, fetched 2026-10-10); line from OSM route relations"
Majlis Park,Delhi NCR,Magenta Line; Pink Line,28.724403,77.181841,,,,Model Town (02/0013),2207,"OpenStreetMap station node (Overpass API, fetched 2026-10-10); line from OSM route relations"
Malviya Nagar,Delhi NCR,Yellow Line,28.529066,77.204824,,,,"NCR-C02 Saket District Centre, District Centre, Sector 6, Pushp Vihar",1421,"OpenStreetMap station node (Overpass API, fetched 2026-10-10); line from OSM route relations"
Mandawali - West Vinod Nagar,Delhi NCR,Pink Line,28.624979,77.304452,,,,"NCR-C18 Block C, Bharati Artist Colony, Preet Vihar",2116,"OpenStreetMap station node (Overpass API, fetched 2026-10-10); line from OSM route relations"
Mandi House,Delhi NCR,Blue Line; Violet Line,28.625564,77.234195,,,,Connaught place (02/0012),1919,"OpenStreetMap station node (Overpass API, fetched 2026-10-10); line from OSM route relations"
Mansarovar Park,Delhi NCR,Red Line,28.675385,77.300868,,,,"NCR-C51 Zulfe Bengal, Dilshad Garden",1581,"OpenStreetMap station node (Overpass API, fetched 2026-10-10); line from OSM route relations"
Maujpur-Babarpur,Delhi NCR,Pink Line,28.692078,77.279697,,,,"NCR-C51 Zulfe Bengal, Dilshad Garden",4038,"OpenStreetMap station node (Overpass API, fetched 2026-10-10); line from OSM route relations"
Mayapuri,Delhi NCR,Pink Line,28.63718,77.129733,,,,"NCR-C01 Shivaji Place, Vishal Enclave, Rajouri Garden",1447,"OpenStreetMap station node (Overpass API, fetched 2026-10-10); line from OSM route relations"
Mayur Vihar - I,Delhi NCR,Blue Line; Pink Line,28.603853,77.290236,95492,Oct 2023 avg daily (DMRC data via TOI 1 Dec 2023),https://timesofindia.indiatimes.com/city/delhi/how-new-interchange-stations-are-taking-load-off-delhi-metro-hubs/articleshow/105640678.cms,"NCR-C18 Block C, Bharati Artist Colony, Preet Vihar",3635,"OpenStreetMap station node (Overpass API, fetched 2026-10-10); line from OSM route relations"
Millennium City Centre Gurugram,Delhi NCR,Yellow Line,28.459343,77.072657,,,,NCR-C23 Sector 29,91,"OpenStreetMap station node (Overpass API, fetched 2026-10-10); line from OSM route relations"
Model Town,Delhi NCR,Yellow Line,28.702714,77.193991,,,,Model Town (02/0013),520,"OpenStreetMap station node (Overpass API, fetched 2026-10-10); line from OSM route relations"
Mohan Estate,Delhi NCR,Violet Line,28.51958,77.294603,,,,"Pacific mall, Jasola (02/0011)",2307,"OpenStreetMap station node (Overpass API, fetched 2026-10-10); line from OSM route relations"
Mohan Nagar,Delhi NCR,Red Line,28.678537,77.384003,,,,"NCR-C16 Vaibhav Khand, Indirapuram",5135,"OpenStreetMap station node (Overpass API, fetched 2026-10-10); line from OSM route relations"
Moolchand,Delhi NCR,Violet Line,28.564404,77.234256,,,,"NCR-C09 Block I, Lajpat Nagar III, Lajpat Nagar",694,"OpenStreetMap station node (Overpass API, fetched 2026-10-10); line from OSM route relations"
Moti Nagar,Delhi NCR,Blue Line,28.657859,77.142429,,,,"NCR-C32 Moti Nagar, Karampura Industrial Area, Karam Pura",1207,"OpenStreetMap station node (Overpass API, fetched 2026-10-10); line from OSM route relations"
Moulsari Avenue Station,Delhi NCR,Rapid MetroRail Gurgaon,28.500778,77.094631,,,,Gurgaon DLF (02/0009),1166,"OpenStreetMap station node (Overpass API, fetched 2026-10-10); line from OSM route relations"
Mundka,Delhi NCR,Green Line,28.682434,77.030574,,,,Paschim Vihar (02/0003),7210,"OpenStreetMap station node (Overpass API, fetched 2026-10-10); line from OSM route relations"
Mundka Industrial Area,Delhi NCR,Green Line,28.68337,77.017148,,,,"NCR-C12 Narang Colony, Chander Nagar, Janakpuri",8440,"OpenStreetMap station node (Overpass API, fetched 2026-10-10); line from OSM route relations"
Munirka,Delhi NCR,Magenta Line,28.556897,77.175059,,,,"NCR-C30 Basant Lok, Vasant Vihar",1042,"OpenStreetMap station node (Overpass API, fetched 2026-10-10); line from OSM route relations"
NSEZ,Delhi NCR,Aqua Line,28.532404,77.394754,,,,"NCR-C20 Block B, Sector 132",3476,"OpenStreetMap station node (Overpass API, fetched 2026-10-10); line from OSM route relations"
Najafgarh,Delhi NCR,Grey Line,28.61245,76.986507,,,,"NCR-C06 Pocket 1, Sector 14 Dwarka, Dwarka",4340,"OpenStreetMap station node (Overpass API, fetched 2026-10-10); line from OSM route relations"
Nanaksar - Sonia Vihar,Delhi NCR,Pink Line,28.708718,77.24251,,,,"NCR-C24 Block UA, Jawahar Nagar, Kamla Nagar",4597,"OpenStreetMap station node (Overpass API, fetched 2026-10-10); line from OSM route relations"
Nangli,Delhi NCR,Grey Line,28.6173,77.010438,,,,"NCR-C06 Pocket 1, Sector 14 Dwarka, Dwarka",2538,"OpenStreetMap station node (Overpass API, fetched 2026-10-10); line from OSM route relations"
Nangloi,Delhi NCR,Green Line,28.682401,77.064732,,,,Paschim Vihar (02/0003),3924,"OpenStreetMap station node (Overpass API, fetched 2026-10-10); line from OSM route relations"
Nangloi Railway Station,Delhi NCR,Green Line,28.682201,77.056246,,,,Paschim Vihar (02/0003),4730,"OpenStreetMap station node (Overpass API, fetched 2026-10-10); line from OSM route relations"
Naraina Vihar,Delhi NCR,Pink Line,28.624385,77.136444,,,,"NCR-C01 Shivaji Place, Vishal Enclave, Rajouri Garden",3009,"OpenStreetMap station node (Overpass API, fetched 2026-10-10); line from OSM route relations"
Nawada,Delhi NCR,Blue Line,28.620276,77.045079,,,,"NCR-C06 Pocket 1, Sector 14 Dwarka, Dwarka",2605,"OpenStreetMap station node (Overpass API, fetched 2026-10-10); line from OSM route relations"
Nehru Enclave,Delhi NCR,Magenta Line,28.546058,77.251506,,,,Kalkaji (02/0004),809,"OpenStreetMap station node (Overpass API, fetched 2026-10-10); line from OSM route relations"
Nehru Place,Delhi NCR,Violet Line,28.551417,77.251739,,,,"NCR-C45 D Block, East of Kailash",952,"OpenStreetMap station node (Overpass API, fetched 2026-10-10); line from OSM route relations"
Netaji Subhash Place,Delhi NCR,Pink Line; Red Line,28.695382,77.153373,,,,Shalimar Bagh (02/0015),1408,"OpenStreetMap station node (Overpass API, fetched 2026-10-10); line from OSM route relations"
New Ashok Nagar,Delhi NCR,Blue Line,28.589088,77.301508,,,,Sec 18 Noida (02/0001),2813,"OpenStreetMap station node (Overpass API, fetched 2026-10-10); line from OSM route relations"
New Delhi,Delhi NCR,Airport Express Line; Yellow Line,28.643483,77.222742,,,,Connaught place (02/0012),1369,"OpenStreetMap station node (Overpass API, fetched 2026-10-10); line from OSM route relations"
New Delhi Airport Express Terminal,Delhi NCR,Airport Express Line; Yellow Line,28.642479,77.223112,,,,Connaught place (02/0012),1289,"OpenStreetMap station node (Overpass API, fetched 2026-10-10); line from OSM route relations"
Nirman Vihar,Delhi NCR,Blue Line,28.636459,77.286814,,,,"NCR-C18 Block C, Bharati Artist Colony, Preet Vihar",31,"OpenStreetMap station node (Overpass API, fetched 2026-10-10); line from OSM route relations"
Noida City Centre,Delhi NCR,Blue Line,28.574733,77.356164,,,,"NCR-C26 Wave City Center, Sector 32",192,"OpenStreetMap station node (Overpass API, fetched 2026-10-10); line from OSM route relations"
Noida Electronic City,Delhi NCR,Blue Line,28.628263,77.375003,,,,"NCR-C16 Vaibhav Khand, Indirapuram",844,"OpenStreetMap station node (Overpass API, fetched 2026-10-10); line from OSM route relations"
Noida Golf Course,Delhi NCR,Blue Line,28.567376,77.346325,,,,"NCR-C26 Wave City Center, Sector 32",1096,"OpenStreetMap station node (Overpass API, fetched 2026-10-10); line from OSM route relations"
Noida Office,Delhi NCR,"Aqua Line (OSM; extension, check if open)",28.545381,77.337714,,,,"NCR-C54 Block A, Sector 43",2507,"OpenStreetMap station node (Overpass API, fetched 2026-10-10); line from OSM route relations"
Noida Sector 101,Delhi NCR,Aqua Line,28.556048,77.384949,,,,"NCR-C44 Gardenia Gateway, Sector 75",1938,"OpenStreetMap station node (Overpass API, fetched 2026-10-10); line from OSM route relations"
Noida Sector 137,Delhi NCR,Aqua Line,28.510769,77.403607,,,,Sec 143 Noida (02/0006),2135,"OpenStreetMap station node (Overpass API, fetched 2026-10-10); line from OSM route relations"
Noida Sector 143,Delhi NCR,Aqua Line,28.494256,77.422377,,,,Sec 143 Noida (02/0006),724,"OpenStreetMap station node (Overpass API, fetched 2026-10-10); line from OSM route relations"
Noida Sector 144,Delhi NCR,Aqua Line,28.486288,77.433077,,,,Sec 143 Noida (02/0006),1926,"OpenStreetMap station node (Overpass API, fetched 2026-10-10); line from OSM route relations"
Noida Sector 145,Delhi NCR,Aqua Line,28.478996,77.44241,,,,Sec 143 Noida (02/0006),3120,"OpenStreetMap station node (Overpass API, fetched 2026-10-10); line from OSM route relations"
Noida Sector 146,Delhi NCR,Aqua Line,28.468819,77.455208,,,,NCR-C49 Knowledge Park II,4466,"OpenStreetMap station node (Overpass API, fetched 2026-10-10); line from OSM route relations"
Noida Sector 147,Delhi NCR,Aqua Line,28.459355,77.466115,,,,NCR-C49 Knowledge Park II,3249,"OpenStreetMap station node (Overpass API, fetched 2026-10-10); line from OSM route relations"
Noida Sector 148,Delhi NCR,Aqua Line,28.448055,77.476604,,,,NCR-C49 Knowledge Park II,2501,"OpenStreetMap station node (Overpass API, fetched 2026-10-10); line from OSM route relations"
Noida Sector 15,Delhi NCR,Blue Line,28.584884,77.311612,,,,Sec 18 Noida (02/0001),1794,"OpenStreetMap station node (Overpass API, fetched 2026-10-10); line from OSM route relations"
Noida Sector 16,Delhi NCR,Blue Line,28.578081,77.317778,,,,Sec 18 Noida (02/0001),827,"OpenStreetMap station node (Overpass API, fetched 2026-10-10); line from OSM route relations"
Noida Sector 18,Delhi NCR,Blue Line,28.570758,77.326076,,,,Sec 18 Noida (02/0001),345,"OpenStreetMap station node (Overpass API, fetched 2026-10-10); line from OSM route relations"
Noida Sector 34,Delhi NCR,Blue Line,28.580254,77.363492,,,,"NCR-C26 Wave City Center, Sector 32",1116,"OpenStreetMap station node (Overpass API, fetched 2026-10-10); line from OSM route relations"
Noida Sector 44,Delhi NCR,"Aqua Line (OSM; extension, check if open)",28.551276,77.335246,,,,"NCR-C54 Block A, Sector 43",2323,"OpenStreetMap station node (Overpass API, fetched 2026-10-10); line from OSM route relations"
Noida Sector 51,Delhi NCR,Aqua Line; Blue Line,28.585719,77.375259,,,,"NCR-C44 Gardenia Gateway, Sector 75",1495,"OpenStreetMap station node (Overpass API, fetched 2026-10-10); line from OSM route relations"
Noida Sector 52,Delhi NCR,Aqua Line; Blue Line,28.586874,77.373024,,,,"NCR-C44 Gardenia Gateway, Sector 75",1683,"OpenStreetMap station node (Overpass API, fetched 2026-10-10); line from OSM route relations"
Noida Sector 59,Delhi NCR,Blue Line,28.606528,77.372683,,,,"NCR-C16 Vaibhav Khand, Indirapuram",3086,"OpenStreetMap station node (Overpass API, fetched 2026-10-10); line from OSM route relations"
Noida Sector 61,Delhi NCR,Blue Line,28.597579,77.372373,,,,"NCR-C44 Gardenia Gateway, Sector 75",2843,"OpenStreetMap station node (Overpass API, fetched 2026-10-10); line from OSM route relations"
Noida Sector 62,Delhi NCR,Blue Line,28.616986,77.373588,,,,"NCR-C16 Vaibhav Khand, Indirapuram",1948,"OpenStreetMap station node (Overpass API, fetched 2026-10-10); line from OSM route relations"
Noida Sector 70,Delhi NCR,"Aqua Line (OSM; extension, check if open)",28.600734,77.383236,,,,"NCR-C44 Gardenia Gateway, Sector 75",3144,"OpenStreetMap station node (Overpass API, fetched 2026-10-10); line from OSM route relations"
Noida Sector 76,Delhi NCR,Aqua Line,28.56533,77.379658,,,,"NCR-C44 Gardenia Gateway, Sector 75",821,"OpenStreetMap station node (Overpass API, fetched 2026-10-10); line from OSM route relations"
Noida Sector 81,Delhi NCR,Aqua Line,28.549299,77.389949,,,,"NCR-C44 Gardenia Gateway, Sector 75",2810,"OpenStreetMap station node (Overpass API, fetched 2026-10-10); line from OSM route relations"
Noida Sector 83,Delhi NCR,Aqua Line,28.522269,77.396446,,,,"NCR-C20 Block B, Sector 132",2942,"OpenStreetMap station node (Overpass API, fetched 2026-10-10); line from OSM route relations"
North Pitampura - Prashant Vihar,Delhi NCR,Magenta Line,28.713074,77.138731,,,,Rohini Sec-7 (02/0008),1614,"OpenStreetMap station node (Overpass API, fetched 2026-10-10); line from OSM route relations"
Okhla Bird Sanctuary,Delhi NCR,Magenta Line,28.552942,77.321595,,,,Sec 18 Noida (02/0001),2143,"OpenStreetMap station node (Overpass API, fetched 2026-10-10); line from OSM route relations"
Okhla Vihar,Delhi NCR,Magenta Line,28.5613,77.291877,,,,"NCR-C33 Block A, New Friends Colony",2255,"OpenStreetMap station node (Overpass API, fetched 2026-10-10); line from OSM route relations"
Palam,Delhi NCR,Magenta Line,28.58891,77.083076,,,,NCR-C07 Indira Gandhi International Airport,3596,"OpenStreetMap station node (Overpass API, fetched 2026-10-10); line from OSM route relations"
Panchsheel Park,Delhi NCR,Magenta Line,28.542375,77.221092,,,,"NCR-C02 Saket District Centre, District Centre, Sector 6, Pushp Vihar",1678,"OpenStreetMap station node (Overpass API, fetched 2026-10-10); line from OSM route relations"
Pandit Shree Ram Sharma,Delhi NCR,Green Line,28.689281,76.951199,,,,"NCR-C06 Pocket 1, Sector 14 Dwarka, Dwarka",12379,"OpenStreetMap station node (Overpass API, fetched 2026-10-10); line from OSM route relations"
Paschim Vihar East,Delhi NCR,Green Line,28.677356,77.112282,,,,Paschim Vihar (02/0003),881,"OpenStreetMap station node (Overpass API, fetched 2026-10-10); line from OSM route relations"
Paschim Vihar West,Delhi NCR,Green Line,28.678602,77.102215,,,,Paschim Vihar (02/0003),497,"OpenStreetMap station node (Overpass API, fetched 2026-10-10); line from OSM route relations"
Patel Chowk,Delhi NCR,Yellow Line,28.622966,77.214031,,,,Connaught place (02/0012),1090,"OpenStreetMap station node (Overpass API, fetched 2026-10-10); line from OSM route relations"
Patel Nagar,Delhi NCR,Blue Line,28.645013,77.169282,,,,"NCR-C31 Block 15, WEA, Karol Bagh",2331,"OpenStreetMap station node (Overpass API, fetched 2026-10-10); line from OSM route relations"
Peera Garhi,Delhi NCR,Green Line,28.679807,77.092679,,,,Paschim Vihar (02/0003),1250,"OpenStreetMap station node (Overpass API, fetched 2026-10-10); line from OSM route relations"
Phase 3 Station,Delhi NCR,Rapid MetroRail Gurgaon,28.493568,77.093661,,,,Gurgaon DLF (02/0009),364,"OpenStreetMap station node (Overpass API, fetched 2026-10-10); line from OSM route relations"
Pratap Nagar,Delhi NCR,Red Line,28.666718,77.198897,,,,"NCR-C24 Block UA, Jawahar Nagar, Kamla Nagar",1780,"OpenStreetMap station node (Overpass API, fetched 2026-10-10); line from OSM route relations"
Preet Vihar,Delhi NCR,Blue Line,28.641418,77.295282,,,,"NCR-C18 Block C, Bharati Artist Colony, Preet Vihar",970,"OpenStreetMap station node (Overpass API, fetched 2026-10-10); line from OSM route relations"
Pul Bangash,Delhi NCR,Red Line,28.666407,77.207416,,,,"NCR-C24 Block UA, Jawahar Nagar, Kamla Nagar",1582,"OpenStreetMap station node (Overpass API, fetched 2026-10-10); line from OSM route relations"
Punjabi Bagh,Delhi NCR,Green Line,28.672995,77.146124,,,,"NCR-C32 Moti Nagar, Karampura Industrial Area, Karam Pura",1302,"OpenStreetMap station node (Overpass API, fetched 2026-10-10); line from OSM route relations"
Punjabi Bagh West,Delhi NCR,Green Line; Pink Line,28.672767,77.139198,,,,"NCR-C46 West Punjabi Bagh, Punjabi Bagh",1743,"OpenStreetMap station node (Overpass API, fetched 2026-10-10); line from OSM route relations"
Qutab Minar,Delhi NCR,Yellow Line,28.512951,77.186453,,,,"NCR-C02 Saket District Centre, District Centre, Sector 6, Pushp Vihar",3582,"OpenStreetMap station node (Overpass API, fetched 2026-10-10); line from OSM route relations"
R. K. Puram,Delhi NCR,Magenta Line,28.55038,77.185523,,,,"NCR-C34 Block S, Green Park",2063,"OpenStreetMap station node (Overpass API, fetched 2026-10-10); line from OSM route relations"
Rainbow,Delhi NCR,Aqua Line,28.574358,77.378235,,,,"NCR-C44 Gardenia Gateway, Sector 75",202,"OpenStreetMap station node (Overpass API, fetched 2026-10-10); line from OSM route relations"
Raj Bagh,Delhi NCR,Red Line,28.677088,77.346828,,,,"NCR-C51 Zulfe Bengal, Dilshad Garden",2908,"OpenStreetMap station node (Overpass API, fetched 2026-10-10); line from OSM route relations"
Raja Nahar Singh,Delhi NCR,Violet Line,28.340002,77.316451,,,,"NCR-C38 Aravalli Golf Course, New Industrial Township",5464,"OpenStreetMap station node (Overpass API, fetched 2026-10-10); line from OSM route relations"
Rajdhani Park,Delhi NCR,Green Line,28.682308,77.043944,,,,Paschim Vihar (02/0003),5916,"OpenStreetMap station node (Overpass API, fetched 2026-10-10); line from OSM route relations"
Rajendra Nagar,Delhi NCR,Red Line,28.677611,77.358143,,,,"NCR-C51 Zulfe Bengal, Dilshad Garden",4013,"OpenStreetMap station node (Overpass API, fetched 2026-10-10); line from OSM route relations"
Rajendra Place,Delhi NCR,Blue Line,28.642496,77.178276,,,,"NCR-C31 Block 15, WEA, Karol Bagh",1551,"OpenStreetMap station node (Overpass API, fetched 2026-10-10); line from OSM route relations"
Rajiv Chowk,Delhi NCR,Blue Line; Yellow Line,28.632742,77.219505,210000,"Jun 2026 avg daily (DMRC data reported by TOI, rounded to 0.1 lakh)",https://timesofindia.indiatimes.com/city/noida/4-months-counting-botanical-garden-not-kashmere-gate-is-delhi-metros-busiest-station/articleshow/132500567.cms,Connaught place (02/0012),320,"OpenStreetMap station node (Overpass API, fetched 2026-10-10); line from OSM route relations"
Rajiv Chowk,Delhi NCR,Blue Line; Yellow Line,28.632742,77.219505,216524,Oct 2023 avg daily (DMRC data via TOI 1 Dec 2023),https://timesofindia.indiatimes.com/city/delhi/how-new-interchange-stations-are-taking-load-off-delhi-metro-hubs/articleshow/105640678.cms,Connaught place (02/0012),320,"OpenStreetMap station node (Overpass API, fetched 2026-10-10); line from OSM route relations"
Rajouri Garden,Delhi NCR,Blue Line; Pink Line,28.650123,77.12349,,,,"NCR-C01 Shivaji Place, Vishal Enclave, Rajouri Garden",226,"OpenStreetMap station node (Overpass API, fetched 2026-10-10); line from OSM route relations"
Ramakrishna Ashram Marg,Delhi NCR,Blue Line,28.639244,77.208579,,,,Connaught place (02/0012),1052,"OpenStreetMap station node (Overpass API, fetched 2026-10-10); line from OSM route relations"
Ramesh Nagar,Delhi NCR,Blue Line,28.652744,77.13165,,,,"NCR-C01 Shivaji Place, Vishal Enclave, Rajouri Garden",1036,"OpenStreetMap station node (Overpass API, fetched 2026-10-10); line from OSM route relations"
Rithala,Delhi NCR,Red Line,28.720806,77.107181,,,,Rohini Sec-7 (02/0008),1957,"OpenStreetMap station node (Overpass API, fetched 2026-10-10); line from OSM route relations"
Rohini East,Delhi NCR,Red Line,28.707577,77.125997,,,,Rohini Sec-7 (02/0008),396,"OpenStreetMap station node (Overpass API, fetched 2026-10-10); line from OSM route relations"
"Rohini Sector 18, 19",Delhi NCR,Yellow Line,28.73838,77.139853,,,,Rohini Sec-7 (02/0008),3611,"OpenStreetMap station node (Overpass API, fetched 2026-10-10); line from OSM route relations"
Rohini West,Delhi NCR,Red Line,28.714957,77.115385,,,,Rohini Sec-7 (02/0008),926,"OpenStreetMap station node (Overpass API, fetched 2026-10-10); line from OSM route relations"
Sadar Bazar Cantonment,Delhi NCR,Magenta Line,28.577114,77.111128,,,,NCR-C29 Indira Gandhi International Airport,1638,"OpenStreetMap station node (Overpass API, fetched 2026-10-10); line from OSM route relations"
Saket,Delhi NCR,Yellow Line,28.521168,77.202224,,,,"NCR-C02 Saket District Centre, District Centre, Sector 6, Pushp Vihar",1800,"OpenStreetMap station node (Overpass API, fetched 2026-10-10); line from OSM route relations"
Samaypur Badli,Delhi NCR,Yellow Line,28.744641,77.13827,,,,Rohini Sec-7 (02/0008),4182,"OpenStreetMap station node (Overpass API, fetched 2026-10-10); line from OSM route relations"
Sarai Kale Khan - Nizamuddin,Delhi NCR,Pink Line,28.588749,77.257249,,,,"NCR-C09 Block I, Lajpat Nagar III, Lajpat Nagar",2838,"OpenStreetMap station node (Overpass API, fetched 2026-10-10); line from OSM route relations"
Sarojini Nagar,Delhi NCR,Pink Line,28.575817,77.198079,,,,"NCR-C50 Block G, Sarojini Nagar",84,"OpenStreetMap station node (Overpass API, fetched 2026-10-10); line from OSM route relations"
Satguru Ramsingh Marg,Delhi NCR,Green Line,28.662053,77.157703,,,,"NCR-C32 Moti Nagar, Karampura Industrial Area, Karam Pura",449,"OpenStreetMap station node (Overpass API, fetched 2026-10-10); line from OSM route relations"
Sector 42-43,Delhi NCR,Rapid MetroRail Gurgaon,28.457425,77.096953,,,,"NCR-C15 Ardee City, Sector 52",2090,"OpenStreetMap station node (Overpass API, fetched 2026-10-10); line from OSM route relations"
Sector 53-54,Delhi NCR,Rapid MetroRail Gurgaon,28.446383,77.100463,,,,"NCR-C15 Ardee City, Sector 52",1930,"OpenStreetMap station node (Overpass API, fetched 2026-10-10); line from OSM route relations"
Sector 54 Chowk,Delhi NCR,Rapid MetroRail Gurgaon,28.432977,77.104897,,,,"NCR-C15 Ardee City, Sector 52",2720,"OpenStreetMap station node (Overpass API, fetched 2026-10-10); line from OSM route relations"
Sector 55–56,Delhi NCR,Rapid MetroRail Gurgaon,28.423356,77.105133,,,,"NCR-C15 Ardee City, Sector 52",3398,"OpenStreetMap station node (Overpass API, fetched 2026-10-10); line from OSM route relations"
Seelampur,Delhi NCR,Red Line,28.669816,77.266814,,,,"NCR-C25 Old Delhi, Kaccha Bagh Area, Chandni Chowk",3674,"OpenStreetMap station node (Overpass API, fetched 2026-10-10); line from OSM route relations"
Seva Teerth,Delhi NCR,Yellow Line,28.609514,77.211796,,,,Connaught place (02/0012),2601,"OpenStreetMap station node (Overpass API, fetched 2026-10-10); line from OSM route relations"
Shadipur,Delhi NCR,Blue Line,28.651583,77.158259,,,,"NCR-C32 Moti Nagar, Karampura Industrial Area, Karam Pura",1370,"OpenStreetMap station node (Overpass API, fetched 2026-10-10); line from OSM route relations"
Shahdara,Delhi NCR,Red Line,28.67343,77.289886,,,,"NCR-C51 Zulfe Bengal, Dilshad Garden",2669,"OpenStreetMap station node (Overpass API, fetched 2026-10-10); line from OSM route relations"
Shaheed Nagar,Delhi NCR,Red Line,28.676662,77.333915,,,,"NCR-C51 Zulfe Bengal, Dilshad Garden",1647,"OpenStreetMap station node (Overpass API, fetched 2026-10-10); line from OSM route relations"
Shaheed Sthal,Delhi NCR,Red Line,28.670645,77.415474,,,,"NCR-C52 East Model Town, Gandhi Nagar, Nehru Nagar III, Nehru Nagar",2402,"OpenStreetMap station node (Overpass API, fetched 2026-10-10); line from OSM route relations"
Shakurpur,Delhi NCR,Pink Line,28.685767,77.149609,,,,Shalimar Bagh (02/0015),2386,"OpenStreetMap station node (Overpass API, fetched 2026-10-10); line from OSM route relations"
Shalimar Bagh,Delhi NCR,Pink Line,28.702086,77.165183,,,,Shalimar Bagh (02/0015),59,"OpenStreetMap station node (Overpass API, fetched 2026-10-10); line from OSM route relations"
Shankar Vihar,Delhi NCR,Magenta Line,28.560846,77.140281,,,,NCR-C29 Indira Gandhi International Airport,1923,"OpenStreetMap station node (Overpass API, fetched 2026-10-10); line from OSM route relations"
Shastri Nagar,Delhi NCR,Red Line,28.670088,77.181859,,,,"NCR-C31 Block 15, WEA, Karol Bagh",2698,"OpenStreetMap station node (Overpass API, fetched 2026-10-10); line from OSM route relations"
Shastri Park,Delhi NCR,Red Line,28.668434,77.25053,,,,"NCR-C25 Old Delhi, Kaccha Bagh Area, Chandni Chowk",2191,"OpenStreetMap station node (Overpass API, fetched 2026-10-10); line from OSM route relations"
Shiv Vihar,Delhi NCR,Pink Line,28.721381,77.28946,,,,"NCR-C51 Zulfe Bengal, Dilshad Garden",5679,"OpenStreetMap station node (Overpass API, fetched 2026-10-10); line from OSM route relations"
Shivaji Park,Delhi NCR,Green Line,28.675032,77.130472,,,,"NCR-C46 West Punjabi Bagh, Punjabi Bagh",1211,"OpenStreetMap station node (Overpass API, fetched 2026-10-10); line from OSM route relations"
Shivaji Stadium,Delhi NCR,Airport Express Line,28.628896,77.211322,,,,Connaught place (02/0012),631,"OpenStreetMap station node (Overpass API, fetched 2026-10-10); line from OSM route relations"
Shree Ram Mandir Mayur Vihar,Delhi NCR,Pink Line,28.605862,77.298702,,,,"NCR-C18 Block C, Bharati Artist Colony, Preet Vihar",3582,"OpenStreetMap station node (Overpass API, fetched 2026-10-10); line from OSM route relations"
Shyam Park,Delhi NCR,Red Line,28.678228,77.370645,,,,"NCR-C16 Vaibhav Khand, Indirapuram",4904,"OpenStreetMap station node (Overpass API, fetched 2026-10-10); line from OSM route relations"
Sikanderpur,Delhi NCR,Rapid MetroRail Gurgaon; Yellow Line,28.481272,77.093002,,,,Gurgaon DLF (02/0009),1022,"OpenStreetMap station node (Overpass API, fetched 2026-10-10); line from OSM route relations"
Sikanderpur RMRG Station,Delhi NCR,Rapid MetroRail Gurgaon; Yellow Line,28.480997,77.094437,,,,Gurgaon DLF (02/0009),1068,"OpenStreetMap station node (Overpass API, fetched 2026-10-10); line from OSM route relations"
Sir M. Vishweshwaraiah Moti Bagh,Delhi NCR,Pink Line,28.578533,77.175741,,,,"NCR-C50 Block G, Sarojini Nagar",2131,"OpenStreetMap station node (Overpass API, fetched 2026-10-10); line from OSM route relations"
Soorghat,Delhi NCR,Pink Line,28.710222,77.227453,,,,Model Town (02/0013),3671,"OpenStreetMap station node (Overpass API, fetched 2026-10-10); line from OSM route relations"
South Extension,Delhi NCR,Pink Line,28.568566,77.220568,,,,NCR-C43 South Extension II,113,"OpenStreetMap station node (Overpass API, fetched 2026-10-10); line from OSM route relations"
Subhash Nagar,Delhi NCR,Blue Line,28.640459,77.105182,,,,"NCR-C19 Tagore Garden, Tilak Nagar",300,"OpenStreetMap station node (Overpass API, fetched 2026-10-10); line from OSM route relations"
Sukhdev Vihar,Delhi NCR,Magenta Line,28.559748,77.2749,,,,"NCR-C33 Block A, New Friends Colony",623,"OpenStreetMap station node (Overpass API, fetched 2026-10-10); line from OSM route relations"
Sultanpur,Delhi NCR,Yellow Line,28.499124,77.161374,,,,"NCR-C05 Vasant Kunj II, Vasant Kunj",4770,"OpenStreetMap station node (Overpass API, fetched 2026-10-10); line from OSM route relations"
Supreme Court,Delhi NCR,Blue Line,28.623475,77.242528,,,,Connaught place (02/0012),2759,"OpenStreetMap station node (Overpass API, fetched 2026-10-10); line from OSM route relations"
Surajmal Stadium,Delhi NCR,Green Line,28.681878,77.074,,,,Paschim Vihar (02/0003),3034,"OpenStreetMap station node (Overpass API, fetched 2026-10-10); line from OSM route relations"
Tagore Garden,Delhi NCR,Blue Line,28.643726,77.11282,,,,"NCR-C19 Tagore Garden, Tilak Nagar",624,"OpenStreetMap station node (Overpass API, fetched 2026-10-10); line from OSM route relations"
Terminal 1 IGI Airport,Delhi NCR,Magenta Line,28.564835,77.122657,,,,NCR-C29 Indira Gandhi International Airport,148,"OpenStreetMap station node (Overpass API, fetched 2026-10-10); line from OSM route relations"
Tikri Border,Delhi NCR,Green Line,28.688025,76.964083,,,,"NCR-C06 Pocket 1, Sector 14 Dwarka, Dwarka",11531,"OpenStreetMap station node (Overpass API, fetched 2026-10-10); line from OSM route relations"
Tikri Kalan,Delhi NCR,Green Line,28.686885,76.977208,,,,"NCR-C06 Pocket 1, Sector 14 Dwarka, Dwarka",10767,"OpenStreetMap station node (Overpass API, fetched 2026-10-10); line from OSM route relations"
Tilak Nagar,Delhi NCR,Blue Line,28.636548,77.096496,,,,"NCR-C19 Tagore Garden, Tilak Nagar",1205,"OpenStreetMap station node (Overpass API, fetched 2026-10-10); line from OSM route relations"
Tis Hazari,Delhi NCR,Red Line,28.667163,77.216631,,,,"NCR-C24 Block UA, Jawahar Nagar, Kamla Nagar",1721,"OpenStreetMap station node (Overpass API, fetched 2026-10-10); line from OSM route relations"
Trilokpuri Sanjay Lake,Delhi NCR,Pink Line,28.613453,77.308855,,,,"NCR-C47 Anand Vihar, Kaushambi",3199,"OpenStreetMap station node (Overpass API, fetched 2026-10-10); line from OSM route relations"
Udyog Nagar,Delhi NCR,Green Line,28.681103,77.080849,,,,Paschim Vihar (02/0003),2370,"OpenStreetMap station node (Overpass API, fetched 2026-10-10); line from OSM route relations"
Uttam Nagar East,Delhi NCR,Blue Line,28.624846,77.065286,,,,"NCR-C12 Narang Colony, Chander Nagar, Janakpuri",1308,"OpenStreetMap station node (Overpass API, fetched 2026-10-10); line from OSM route relations"
Uttam Nagar West,Delhi NCR,Blue Line,28.621757,77.055712,,,,"NCR-C12 Narang Colony, Chander Nagar, Janakpuri",2304,"OpenStreetMap station node (Overpass API, fetched 2026-10-10); line from OSM route relations"
Vaishali,Delhi NCR,Blue Line,28.64967,77.339575,,,,"NCR-C27 Sector 3F, Sector 3, Vaishali",682,"OpenStreetMap station node (Overpass API, fetched 2026-10-10); line from OSM route relations"
Vasant Vihar,Delhi NCR,Magenta Line,28.557827,77.161117,,,,"NCR-C30 Basant Lok, Vasant Vihar",325,"OpenStreetMap station node (Overpass API, fetched 2026-10-10); line from OSM route relations"
Vidhan Sabha,Delhi NCR,Yellow Line,28.686322,77.221727,,,,"NCR-C24 Block UA, Jawahar Nagar, Kamla Nagar",1487,"OpenStreetMap station node (Overpass API, fetched 2026-10-10); line from OSM route relations"
Vinobapuri,Delhi NCR,Pink Line,28.565871,77.249297,,,,"NCR-C45 D Block, East of Kailash",973,"OpenStreetMap station node (Overpass API, fetched 2026-10-10); line from OSM route relations"
Vishwa Vidyalaya,Delhi NCR,Yellow Line,28.695077,77.214746,,,,"NCR-C24 Block UA, Jawahar Nagar, Kamla Nagar",1739,"OpenStreetMap station node (Overpass API, fetched 2026-10-10); line from OSM route relations"
Welcome,Delhi NCR,Pink Line; Red Line,28.672096,77.277436,,,,"NCR-C51 Zulfe Bengal, Dilshad Garden",3892,"OpenStreetMap station node (Overpass API, fetched 2026-10-10); line from OSM route relations"
Yamuna Bank,Delhi NCR,Blue Line,28.623312,77.268013,,,,"NCR-C18 Block C, Bharati Artist Colony, Preet Vihar",2368,"OpenStreetMap station node (Overpass API, fetched 2026-10-10); line from OSM route relations"
Yamuna Vihar,Delhi NCR,Pink Line,28.702376,77.277311,,,,"NCR-C51 Zulfe Bengal, Dilshad Garden",4833,"OpenStreetMap station node (Overpass API, fetched 2026-10-10); line from OSM route relations"
Yashobhoomi Dwarka Sector 25,Delhi NCR,Airport Express Line,28.550832,77.045307,,,,"NCR-C11 Sector 21, Dwarka",1260,"OpenStreetMap station node (Overpass API, fetched 2026-10-10); line from OSM route relations"
Baranagar,Kolkata,Blue Line,22.653076,88.380596,,,,"KOL-C12 Ananya, Baranagar",1328,"OpenStreetMap station node (Overpass API, fetched 2026-10-10); line from OSM route relations"
Barun Sengupta,Kolkata,Orange Line,22.543807,88.399276,,,,Dosa Coffee - Salt Lake (002),3136,"OpenStreetMap station node (Overpass API, fetched 2026-10-10); line from OSM route relations"
Behala Bazar,Kolkata,Purple Line,22.498758,88.317387,,,,"KOL-C07 Jadu Colony, Behala",643,"OpenStreetMap station node (Overpass API, fetched 2026-10-10); line from OSM route relations"
Behala Chowrasta,Kolkata,Purple Line,22.487355,88.313379,,,,Dosa Coffee - James long Sarani (01/0011),783,"OpenStreetMap station node (Overpass API, fetched 2026-10-10); line from OSM route relations"
Beleghata,Kolkata,Orange Line,22.550708,88.403985,,,,Dosa Coffee - Salt Lake (002),2240,"OpenStreetMap station node (Overpass API, fetched 2026-10-10); line from OSM route relations"
Belgachia,Kolkata,Blue Line,22.605924,88.386391,,,,Dosa Coffee - Lake Town (0005),1961,"OpenStreetMap station node (Overpass API, fetched 2026-10-10); line from OSM route relations"
Bengal Chemical,Kolkata,Green Line,22.580067,88.401296,,,,Dosa Coffee - Manisquare (0004),269,"OpenStreetMap station node (Overpass API, fetched 2026-10-10); line from OSM route relations"
Central,Kolkata,Blue Line,22.572486,88.358743,,,,Dosa Coffee - Calcutta Swiming Club (0007),1493,"OpenStreetMap station node (Overpass API, fetched 2026-10-10); line from OSM route relations"
Central Park,Kolkata,Green Line,22.590474,88.415625,,,,Dosa Coffee - Salt Lake Sec-1 (0009),994,"OpenStreetMap station node (Overpass API, fetched 2026-10-10); line from OSM route relations"
Chandni Chowk,Kolkata,Blue Line,22.567012,88.354158,,,,Dosa Coffee - Calcutta Swiming Club (0007),1039,"OpenStreetMap station node (Overpass API, fetched 2026-10-10); line from OSM route relations"
City Centre,Kolkata,Green Line,22.587099,88.407891,,,,Dosa Coffee - Salt Lake Sec-1 (0009),1030,"OpenStreetMap station node (Overpass API, fetched 2026-10-10); line from OSM route relations"
Dakshineshwar,Kolkata,Blue Line,22.654032,88.363753,,,,"KOL-C12 Ananya, Baranagar",2038,"OpenStreetMap station node (Overpass API, fetched 2026-10-10); line from OSM route relations"
Dum Dum,Kolkata,Blue Line,22.621114,88.392897,66000,"single day 1 Sep 2025 (Metro Railway Kolkata statement via PTI; ""more than"")",https://theprint.in/india/over-8-lakh-commuters-avail-of-kolkata-metro-services-on-sep-1/2734698/,"KOL-C05 Ward Number 23, Satgachi",2101,"OpenStreetMap station node (Overpass API, fetched 2026-10-10); line from OSM route relations"
Dum Dum,Kolkata,Blue Line,22.621114,88.392897,53552,FY2023-24 annual 1.96 crore / 366 days (Metro Railway Kolkata),https://railanalysis.in/rail-news/kolkata-metro-sets-new-records-in-non-fare-revenue-and-passenger-ridership-for-fy-2023-24/,"KOL-C05 Ward Number 23, Satgachi",2101,"OpenStreetMap station node (Overpass API, fetched 2026-10-10); line from OSM route relations"
Dum Dum Cantonment,Kolkata,Yellow Line,22.637594,88.412162,,,,"KOL-C05 Ward Number 23, Satgachi",2457,"OpenStreetMap station node (Overpass API, fetched 2026-10-10); line from OSM route relations"
Esplanade (Line 1),Kolkata,Blue Line; Green Line,22.563614,88.35121,57000,"single day 1 Sep 2025 (Metro Railway Kolkata statement via PTI; ""more than"")",https://theprint.in/india/over-8-lakh-commuters-avail-of-kolkata-metro-services-on-sep-1/2734698/,KOL-C02 Park Street area,753,"OpenStreetMap station node (Overpass API, fetched 2026-10-10); line from OSM route relations"
Esplanade (Line 1),Kolkata,Blue Line; Green Line,22.563614,88.35121,36066,FY2023-24 annual 1.32 crore / 366 days (Metro Railway Kolkata),https://railanalysis.in/rail-news/kolkata-metro-sets-new-records-in-non-fare-revenue-and-passenger-ridership-for-fy-2023-24/,KOL-C02 Park Street area,753,"OpenStreetMap station node (Overpass API, fetched 2026-10-10); line from OSM route relations"
Esplanade (Line 2),Kolkata,Blue Line; Green Line,22.564129,88.350275,,,,KOL-C02 Park Street area,836,"OpenStreetMap station node (Overpass API, fetched 2026-10-10); line from OSM route relations"
Girish Park,Kolkata,Blue Line,22.587144,88.362942,,,,Dosa Coffee - Calcutta Swiming Club (0007),2703,"OpenStreetMap station node (Overpass API, fetched 2026-10-10); line from OSM route relations"
Hemanta Mukhopadhyay,Kolkata,Orange Line,22.514851,88.401428,,,,Dosa Coffee - Kalikapur (01/0014),1526,"OpenStreetMap station node (Overpass API, fetched 2026-10-10); line from OSM route relations"
Howrah,Kolkata,Green Line,22.583365,88.340345,48700,"single day 1 Sep 2025 (Metro Railway Kolkata statement via PTI; ""more than"")",https://theprint.in/india/over-8-lakh-commuters-avail-of-kolkata-metro-services-on-sep-1/2734698/,Dosa Coffee - Calcutta Swiming Club (0007),1568,"OpenStreetMap station node (Overpass API, fetched 2026-10-10); line from OSM route relations"
Howrah Maidan,Kolkata,Green Line,22.583858,88.333998,25500,single day 1 Sep 2025 (Metro Railway Kolkata statement via PTI),https://theprint.in/india/over-8-lakh-commuters-avail-of-kolkata-metro-services-on-sep-1/2734698/,Dosa Coffee - Calcutta Swiming Club (0007),1899,"OpenStreetMap station node (Overpass API, fetched 2026-10-10); line from OSM route relations"
Jai Hind,Kolkata,Yellow Line,22.647306,88.437303,,,,"KOL-C11 International Airport, Dum Dum",501,"OpenStreetMap station node (Overpass API, fetched 2026-10-10); line from OSM route relations"
Jatin Das Park,Kolkata,Blue Line,22.524154,88.346473,,,,Dosa Coffee - Lake road 01/0015,1154,"OpenStreetMap station node (Overpass API, fetched 2026-10-10); line from OSM route relations"
Jessore Road,Kolkata,Yellow Line,22.639265,88.42977,,,,"KOL-C11 International Airport, Dum Dum",1091,"OpenStreetMap station node (Overpass API, fetched 2026-10-10); line from OSM route relations"
Joka,Kolkata,Purple Line,22.452347,88.301824,,,,Dosa Coffee - James long Sarani (01/0011),3323,"OpenStreetMap station node (Overpass API, fetched 2026-10-10); line from OSM route relations"
Jyotirindra Nandi,Kolkata,Orange Line,22.495626,88.398449,,,,Dosa Coffee - Kalikapur (01/0014),921,"OpenStreetMap station node (Overpass API, fetched 2026-10-10); line from OSM route relations"
Kalighat,Kolkata,Blue Line,22.516875,88.345845,,,,Dosa Coffee - Lake road 01/0015,679,"OpenStreetMap station node (Overpass API, fetched 2026-10-10); line from OSM route relations"
Karunamoyee,Kolkata,Green Line,22.58638,88.421531,3301,FY2023-24 annual 12.08 lakh / 366 days (Metro Railway Kolkata),https://railanalysis.in/rail-news/kolkata-metro-sets-new-records-in-non-fare-revenue-and-passenger-ridership-for-fy-2023-24/,Dosa Coffee - Salt Lake Sec-1 (0009),1751,"OpenStreetMap station node (Overpass API, fetched 2026-10-10); line from OSM route relations"
Kavi Nazrul,Kolkata,Blue Line,22.46425,88.38046,,,,Dosa Coffee - Santoshpur (01/0012),3257,"OpenStreetMap station node (Overpass API, fetched 2026-10-10); line from OSM route relations"
Kavi Subhash,Kolkata,Blue Line; Orange Line,22.47164,88.39803,,,,Dosa Coffee - Santoshpur (01/0012),2578,"OpenStreetMap station node (Overpass API, fetched 2026-10-10); line from OSM route relations"
Kavi Sukanta,Kolkata,Orange Line,22.505302,88.400996,,,,Dosa Coffee - Kalikapur (01/0014),753,"OpenStreetMap station node (Overpass API, fetched 2026-10-10); line from OSM route relations"
Mahakaran,Kolkata,Green Line,22.572078,88.350528,,,,Dosa Coffee - Calcutta Swiming Club (0007),669,"OpenStreetMap station node (Overpass API, fetched 2026-10-10); line from OSM route relations"
Mahanayak Uttam Kumar,Kolkata,Blue Line,22.494769,88.345088,,,,"KOL-C03 South City Complex, Jadavpur",1850,"OpenStreetMap station node (Overpass API, fetched 2026-10-10); line from OSM route relations"
Mahatma Gandhi Road,Kolkata,Blue Line,22.580921,88.361327,,,,Dosa Coffee - Calcutta Swiming Club (0007),2125,"OpenStreetMap station node (Overpass API, fetched 2026-10-10); line from OSM route relations"
Maidan,Kolkata,Blue Line,22.549467,88.348788,,,,KOL-C02 Park Street area,949,"OpenStreetMap station node (Overpass API, fetched 2026-10-10); line from OSM route relations"
Majerhat,Kolkata,Purple Line,22.519147,88.323656,,,,"KOL-C06 Block M, New Alipore",1480,"OpenStreetMap station node (Overpass API, fetched 2026-10-10); line from OSM route relations"
Netaji,Kolkata,Blue Line,22.480993,88.346,,,,"KOL-C03 South City Complex, Jadavpur",2763,"OpenStreetMap station node (Overpass API, fetched 2026-10-10); line from OSM route relations"
Netaji Bhavan,Kolkata,Blue Line,22.533182,88.345927,,,,Dosa Coffee - Forum (0003),800,"OpenStreetMap station node (Overpass API, fetched 2026-10-10); line from OSM route relations"
Noapara,Kolkata,Blue Line; Yellow Line,22.639842,88.394134,,,,"KOL-C12 Ananya, Baranagar",1654,"OpenStreetMap station node (Overpass API, fetched 2026-10-10); line from OSM route relations"
Park Street,Kolkata,Blue Line,22.555159,88.350117,,,,KOL-C02 Park Street area,366,"OpenStreetMap station node (Overpass API, fetched 2026-10-10); line from OSM route relations"
Phoolbagan,Kolkata,Green Line,22.572127,88.390241,,,,Dosa Coffee - Manisquare (0004),1223,"OpenStreetMap station node (Overpass API, fetched 2026-10-10); line from OSM route relations"
Rabindra Sadan,Kolkata,Blue Line,22.54149,88.347349,41000,"single day 1 Sep 2025 (Metro Railway Kolkata statement via PTI; ""around"")",https://theprint.in/india/over-8-lakh-commuters-avail-of-kolkata-metro-services-on-sep-1/2734698/,Dosa Coffee - Forum (0003),536,"OpenStreetMap station node (Overpass API, fetched 2026-10-10); line from OSM route relations"
Rabindra Sadan,Kolkata,Blue Line,22.54149,88.347349,33880,FY2023-24 annual 1.24 crore / 366 days (Metro Railway Kolkata),https://railanalysis.in/rail-news/kolkata-metro-sets-new-records-in-non-fare-revenue-and-passenger-ridership-for-fy-2023-24/,Dosa Coffee - Forum (0003),536,"OpenStreetMap station node (Overpass API, fetched 2026-10-10); line from OSM route relations"
Rabindra Sarobar,Kolkata,Blue Line,22.507222,88.345494,,,,Dosa Coffee - Lake road 01/0015,1126,"OpenStreetMap station node (Overpass API, fetched 2026-10-10); line from OSM route relations"
Ritwik Ghatak,Kolkata,Orange Line,22.533,88.396419,,,,Dosa Coffee - Quest Mall (01/0016),3218,"OpenStreetMap station node (Overpass API, fetched 2026-10-10); line from OSM route relations"
Sakher Bazar,Kolkata,Purple Line,22.474853,88.309959,,,,Dosa Coffee - James long Sarani (01/0011),694,"OpenStreetMap station node (Overpass API, fetched 2026-10-10); line from OSM route relations"
Salt Lake Sector V,Kolkata,Green Line,22.580943,88.429087,5891,FY2023-24 annual 21.56 lakh / 366 days (Metro Railway Kolkata),https://railanalysis.in/rail-news/kolkata-metro-sets-new-records-in-non-fare-revenue-and-passenger-ridership-for-fy-2023-24/,"KOL-C01 DN Block, Sector V",942,"OpenStreetMap station node (Overpass API, fetched 2026-10-10); line from OSM route relations"
Salt Lake Stadium,Kolkata,Green Line,22.573112,88.403089,,,,Dosa Coffee - Manisquare (0004),584,"OpenStreetMap station node (Overpass API, fetched 2026-10-10); line from OSM route relations"
Satyajit Ray,Kolkata,Orange Line,22.484678,88.392645,,,,Dosa Coffee - Santoshpur (01/0012),1033,"OpenStreetMap station node (Overpass API, fetched 2026-10-10); line from OSM route relations"
Sealdah,Kolkata,Green Line,22.566606,88.369782,49000,"single day 1 Sep 2025 (Metro Railway Kolkata statement via PTI; ""more than"")",https://theprint.in/india/over-8-lakh-commuters-avail-of-kolkata-metro-services-on-sep-1/2734698/,KOL-C02 Park Street area,2022,"OpenStreetMap station node (Overpass API, fetched 2026-10-10); line from OSM route relations"
Sealdah,Kolkata,Green Line,22.566606,88.369782,13601,FY2023-24 annual 49.78 lakh / 366 days (Metro Railway Kolkata),https://railanalysis.in/rail-news/kolkata-metro-sets-new-records-in-non-fare-revenue-and-passenger-ridership-for-fy-2023-24/,KOL-C02 Park Street area,2022,"OpenStreetMap station node (Overpass API, fetched 2026-10-10); line from OSM route relations"
Shahid Khudiram,Kolkata,Blue Line,22.465985,88.391541,,,,Dosa Coffee - Santoshpur (01/0012),3004,"OpenStreetMap station node (Overpass API, fetched 2026-10-10); line from OSM route relations"
Shobhabazar Sutanuti,Kolkata,Blue Line,22.595881,88.3652,,,,Dosa Coffee - Rangoli Mall (01/0010),3348,"OpenStreetMap station node (Overpass API, fetched 2026-10-10); line from OSM route relations"
Shyambazar,Kolkata,Blue Line,22.601335,88.372497,,,,Dosa Coffee - Rangoli Mall (01/0010),3177,"OpenStreetMap station node (Overpass API, fetched 2026-10-10); line from OSM route relations"
Taratala,Kolkata,Purple Line,22.507686,88.320384,,,,"KOL-C06 Block M, New Alipore",1316,"OpenStreetMap station node (Overpass API, fetched 2026-10-10); line from OSM route relations"
Thakurpukur,Kolkata,Purple Line,22.464368,88.307532,,,,Dosa Coffee - James long Sarani (01/0011),1867,"OpenStreetMap station node (Overpass API, fetched 2026-10-10); line from OSM route relations"
VIP Bazar,Kolkata,Orange Line,22.524685,88.396233,,,,Dosa Coffee - Kalikapur (01/0014),2432,"OpenStreetMap station node (Overpass API, fetched 2026-10-10); line from OSM route relations"
