site_id,site_type,lat,lng,city,note
Dosa Coffee - New Town - Cloud Kitchen (01/0013),store,22.561892,88.490713,Kolkata,
Connaught place (02/0012),store,28.63258,77.216236,Delhi NCR,
Dosa Coffee - Salt Lake (002),store,22.569469,88.411934,Kolkata,
Dosa Coffee - Salt Lake Sec-1 (0009),store,22.596353,88.408329,Kolkata,
Dosa Coffee - Lake road 01/0015,store,22.51523,88.352207,Kolkata,
Rohini Sec-7 (02/0008),store,28.709613,77.122663,Delhi NCR,
Model Town (02/0013),store,28.705937,77.190133,Delhi NCR,
Sec 18 Noida (02/0001),store,28.57218,77.322934,Delhi NCR,
Dosa Coffee - James long Sarani (01/0011),store,22.48031,88.313241,Kolkata,
Kalkaji (02/0004),store,28.5406081,77.2569948,Delhi NCR,
Gurgaon Sec-15 (02/0010),store,28.458454,77.04391,Delhi NCR,
Dosa Coffee - Lake Town (0005),store,22.602693,88.405171,Kolkata,
Dosa Coffee - Kalikapur (01/0014),store,22.502895,88.394144,Kolkata,
Shalimar Bagh (02/0015),store,28.7018999,77.1657453,Delhi NCR,
Dosa Coffee - Santoshpur (01/0012),store,22.492767,88.387704,Kolkata,
Paschim Vihar (02/0003),store,28.674383,77.1039066,Delhi NCR,
Sec 143 Noida (02/0006),store,28.500767,77.422263,Delhi NCR,
Sec 31 - Gurgaon (02/0016),store,28.45296,77.050152,Delhi NCR,
Sec 15 Faridabad (02/0007),store,28.394871,77.322088,Delhi NCR,closing 31 Oct 2026
Gurgaon Sec 10 (02/0014),store,28.4400046,77.0068401,Delhi NCR,
Dosa Coffee - Ideal Plaza (01/0001),store,22.539053,88.354103,Kolkata,
"Pacific mall, Jasola (02/0011)",store,28.537674,77.283046,Delhi NCR,
Dosa Coffee - Rosedale Plaza(0006),store,22.561892,88.490713,Kolkata,
Dosa Coffee - Manisquare (0004),store,22.577773,88.400467,Kolkata,
Dosa Coffee - Rangoli Mall (01/0010),store,22.624088,88.353784,Kolkata,
Dosa Coffee - Quest Mall (01/0016),store,22.538952,88.365754,Kolkata,
Dosa Coffee - Forum (0003),store,22.538366,88.35133,Kolkata,
Gurgaon DLF (02/0009),store,28.490456,77.092522,Delhi NCR,
Dosa Coffee - Calcutta Swiming Club (0007),store,22.5698,88.3445,Kolkata,captive club outlet; pin approximate (manual)
"KOL-C01 DN Block, Sector V",candidate_cluster,22.57311,88.43259,Kolkata,
KOL-C02 Park Street area,candidate_cluster,22.55705,88.35303,Kolkata,
"KOL-C03 South City Complex, Jadavpur",candidate_cluster,22.50116,88.36171,Kolkata,
"KOL-C04 Choura Bustee, Shibpur",candidate_cluster,22.56322,88.3237,Kolkata,
"KOL-C05 Ward Number 23, Satgachi",candidate_cluster,22.6155,88.41244,Kolkata,
"KOL-C06 Block M, New Alipore",candidate_cluster,22.5091,88.3331,Kolkata,
"KOL-C07 Jadu Colony, Behala",candidate_cluster,22.4931,88.31867,Kolkata,
"KOL-C08 Chinar Park, Atghara, Rajarhat",candidate_cluster,22.62306,88.44075,Kolkata,
"KOL-C09 CF Block(Newtown), Action Area 1C, New Town",candidate_cluster,22.57958,88.4599,Kolkata,
"KOL-C10 Sisir Kunja, Madhyamgram",candidate_cluster,22.69929,88.46958,Kolkata,
"KOL-C11 International Airport, Dum Dum",candidate_cluster,22.64327,88.43947,Kolkata,airport concession - not a standard site
"KOL-C12 Ananya, Baranagar",candidate_cluster,22.64136,88.3781,Kolkata,
"NCR-C01 Shivaji Place, Vishal Enclave, Rajouri Garden",candidate_cluster,28.64841,77.12225,Delhi NCR,
"NCR-C02 Saket District Centre, District Centre, Sector 6, Pushp Vihar",candidate_cluster,28.52737,77.21924,Delhi NCR,
"NCR-C03 Gaur City 1, Sector 4",candidate_cluster,28.6061,77.43011,Delhi NCR,
"NCR-C04 RDC, Block 1, P & T Colony, Raj Nagar",candidate_cluster,28.674,77.4401,Delhi NCR,
"NCR-C05 Vasant Kunj II, Vasant Kunj",candidate_cluster,28.54166,77.15503,Delhi NCR,
"NCR-C06 Pocket 1, Sector 14 Dwarka, Dwarka",candidate_cluster,28.60147,77.02917,Delhi NCR,
NCR-C07 Indira Gandhi International Airport,candidate_cluster,28.55668,77.08614,Delhi NCR,airport concession - not a standard site
NCR-C08 Sector 81,candidate_cluster,28.38811,77.35377,Delhi NCR,
"NCR-C09 Block I, Lajpat Nagar III, Lajpat Nagar",candidate_cluster,28.56987,77.23769,Delhi NCR,
"NCR-C10 Ashoka Enclave 3, Subash Nagar, Sector 35",candidate_cluster,28.46987,77.30723,Delhi NCR,
"NCR-C11 Sector 21, Dwarka",candidate_cluster,28.55245,77.05807,Delhi NCR,
"NCR-C12 Narang Colony, Chander Nagar, Janakpuri",candidate_cluster,28.6292,77.07774,Delhi NCR,
NCR-C13 Sector 85,candidate_cluster,28.40132,76.94721,Delhi NCR,
"NCR-C14 Alpha-II Commercial Belt, Block I, Sector Alpha II",candidate_cluster,28.47803,77.52644,Delhi NCR,
"NCR-C15 Ardee City, Sector 52",candidate_cluster,28.44515,77.08077,Delhi NCR,
"NCR-C16 Vaibhav Khand, Indirapuram",candidate_cluster,28.63414,77.36953,Delhi NCR,
"NCR-C17 Pocket 8, Block B, Sector 12 Dwarka, Dwarka",candidate_cluster,28.59263,77.04149,Delhi NCR,
"NCR-C18 Block C, Bharati Artist Colony, Preet Vihar",candidate_cluster,28.63643,77.28713,Delhi NCR,
"NCR-C19 Tagore Garden, Tilak Nagar",candidate_cluster,28.6429,77.1065,Delhi NCR,
"NCR-C20 Block B, Sector 132",candidate_cluster,28.5103,77.36959,Delhi NCR,
"NCR-C21 Tech Zone IV, Amrapali Dream Valley",candidate_cluster,28.59041,77.43244,Delhi NCR,
NCR-C22 Sector 65,candidate_cluster,28.39806,77.07223,Delhi NCR,
NCR-C23 Sector 29,candidate_cluster,28.45869,77.07209,Delhi NCR,
"NCR-C24 Block UA, Jawahar Nagar, Kamla Nagar",candidate_cluster,28.68063,77.20793,Delhi NCR,
"NCR-C25 Old Delhi, Kaccha Bagh Area, Chandni Chowk",candidate_cluster,28.6574,77.23192,Delhi NCR,
"NCR-C26 Wave City Center, Sector 32",candidate_cluster,28.57435,77.35425,Delhi NCR,
"NCR-C27 Sector 3F, Sector 3, Vaishali",candidate_cluster,28.6447,77.33548,Delhi NCR,
NCR-C28 Aerocity,candidate_cluster,28.55056,77.12137,Delhi NCR,
NCR-C29 Indira Gandhi International Airport,candidate_cluster,28.56539,77.12128,Delhi NCR,airport concession - not a standard site
"NCR-C30 Basant Lok, Vasant Vihar",candidate_cluster,28.55737,77.1644,Delhi NCR,
"NCR-C31 Block 15, WEA, Karol Bagh",candidate_cluster,28.64786,77.19295,Delhi NCR,
"NCR-C32 Moti Nagar, Karampura Industrial Area, Karam Pura",candidate_cluster,28.6631,77.15326,Delhi NCR,
"NCR-C33 Block A, New Friends Colony",candidate_cluster,28.56137,77.26879,Delhi NCR,
"NCR-C34 Block S, Green Park",candidate_cluster,28.55675,77.20536,Delhi NCR,
NCR-C35 Sector 70,candidate_cluster,28.39228,77.03026,Delhi NCR,
NCR-C36 Sector 84,candidate_cluster,28.41542,76.9639,Delhi NCR,
NCR-C37 Sector 68,candidate_cluster,28.38465,77.05221,Delhi NCR,
"NCR-C38 Aravalli Golf Course, New Industrial Township",candidate_cluster,28.38672,77.29913,Delhi NCR,
"NCR-C39 Sector 47 & 49, Sector 49",candidate_cluster,28.42068,77.0515,Delhi NCR,
NCR-C40 Sector 21,candidate_cluster,28.50961,77.07173,Delhi NCR,
NCR-C41 Sector 109,candidate_cluster,28.50293,77.00738,Delhi NCR,
NCR-C42 Sector 82A,candidate_cluster,28.38332,76.96633,Delhi NCR,
NCR-C43 South Extension II,candidate_cluster,28.56815,77.22162,Delhi NCR,
"NCR-C44 Gardenia Gateway, Sector 75",candidate_cluster,28.5727,77.37908,Delhi NCR,
"NCR-C45 D Block, East of Kailash",candidate_cluster,28.55785,77.24531,Delhi NCR,
"NCR-C46 West Punjabi Bagh, Punjabi Bagh",candidate_cluster,28.66643,77.12286,Delhi NCR,
"NCR-C47 Anand Vihar, Kaushambi",candidate_cluster,28.64134,77.31692,Delhi NCR,
"NCR-C48 Choma, Chauma Village, Sector 1, Palam Vihar",candidate_cluster,28.51158,77.03969,Delhi NCR,
NCR-C49 Knowledge Park II,candidate_cluster,28.45839,77.49933,Delhi NCR,
"NCR-C50 Block G, Sarojini Nagar",candidate_cluster,28.57629,77.19741,Delhi NCR,
"NCR-C51 Zulfe Bengal, Dilshad Garden",candidate_cluster,28.6764,77.31703,Delhi NCR,
"NCR-C52 East Model Town, Gandhi Nagar, Nehru Nagar III, Nehru Nagar",candidate_cluster,28.65676,77.43434,Delhi NCR,
NCR-C53 G.B Nagar,candidate_cluster,28.60494,77.44831,Delhi NCR,
"NCR-C54 Block A, Sector 43",candidate_cluster,28.56086,77.35638,Delhi NCR,
