date,period_from,period_to,store,channel,gross,orders
,2026-09-09,2026-10-08,Dosa Coffee - Forum (0003),POS,804740,1550
2026-10-02,2026-09-09,2026-10-08,Dosa Coffee - Forum (0003),POS,36809.71,64
2026-10-03,2026-09-09,2026-10-08,Dosa Coffee - Forum (0003),POS,34173.47,69
2026-10-04,2026-09-09,2026-10-08,Dosa Coffee - Forum (0003),POS,47832.48,87
2026-10-05,2026-09-09,2026-10-08,Dosa Coffee - Forum (0003),POS,18846.08,34
2026-10-06,2026-09-09,2026-10-08,Dosa Coffee - Forum (0003),POS,22026.76,28
2026-10-07,2026-09-09,2026-10-08,Dosa Coffee - Forum (0003),POS,24865.07,41
2026-10-08,2026-09-09,2026-10-08,Dosa Coffee - Forum (0003),POS,18920.12,35
,2026-09-09,2026-10-08,Dosa Coffee - Manisquare (0004),POS,1661498,85
,2026-09-09,2026-10-08,Dosa Coffee - Manisquare (0004),Zomato,89858,259
,2026-09-09,2026-10-08,Dosa Coffee - Manisquare (0004),Swiggy,70428,182
2026-10-02,2026-09-09,2026-10-08,Dosa Coffee - Manisquare (0004),SWIGGY,1254.76,3
2026-10-02,2026-09-09,2026-10-08,Dosa Coffee - Manisquare (0004),ZOMATO,2016.78,8
2026-10-02,2026-09-09,2026-10-08,Dosa Coffee - Manisquare (0004),POS,75717.85,3
2026-10-03,2026-09-09,2026-10-08,Dosa Coffee - Manisquare (0004),SWIGGY,1076.25,5
2026-10-03,2026-09-09,2026-10-08,Dosa Coffee - Manisquare (0004),ZOMATO,7564.91,21
2026-10-03,2026-09-09,2026-10-08,Dosa Coffee - Manisquare (0004),POS,79406.6,3
2026-10-04,2026-09-09,2026-10-08,Dosa Coffee - Manisquare (0004),SWIGGY,1974.02,7
2026-10-04,2026-09-09,2026-10-08,Dosa Coffee - Manisquare (0004),ZOMATO,2169.84,6
2026-10-04,2026-09-09,2026-10-08,Dosa Coffee - Manisquare (0004),POS,89435.93,2
2026-10-05,2026-09-09,2026-10-08,Dosa Coffee - Manisquare (0004),SWIGGY,1402.28,6
2026-10-05,2026-09-09,2026-10-08,Dosa Coffee - Manisquare (0004),ZOMATO,5429.98,13
2026-10-05,2026-09-09,2026-10-08,Dosa Coffee - Manisquare (0004),POS,44528.42,4
2026-10-06,2026-09-09,2026-10-08,Dosa Coffee - Manisquare (0004),POS,48444.87,3
2026-10-06,2026-09-09,2026-10-08,Dosa Coffee - Manisquare (0004),SWIGGY,1435.36,5
2026-10-06,2026-09-09,2026-10-08,Dosa Coffee - Manisquare (0004),ZOMATO,3478.02,6
2026-10-07,2026-09-09,2026-10-08,Dosa Coffee - Manisquare (0004),POS,49735.28,2
2026-10-07,2026-09-09,2026-10-08,Dosa Coffee - Manisquare (0004),SWIGGY,4053.03,8
2026-10-07,2026-09-09,2026-10-08,Dosa Coffee - Manisquare (0004),ZOMATO,3139.33,11
2026-10-08,2026-09-09,2026-10-08,Dosa Coffee - Manisquare (0004),SWIGGY,1887.37,7
2026-10-08,2026-09-09,2026-10-08,Dosa Coffee - Manisquare (0004),POS,40390,2
2026-10-08,2026-09-09,2026-10-08,Dosa Coffee - Manisquare (0004),ZOMATO,2347,9
,2026-09-09,2026-10-08,Dosa Coffee - Lake Town (0005),Swiggy,371415,986
,2026-09-09,2026-10-08,Dosa Coffee - Lake Town (0005),Zomato,417141,1162
,2026-09-09,2026-10-08,Dosa Coffee - Lake Town (0005),MagicPin-Ordering,0,0
,2026-09-09,2026-10-08,Dosa Coffee - Lake Town (0005),POS,718743,1369
,2026-09-09,2026-10-08,Dosa Coffee - Lake Town (0005),Rapido,236,3
2026-10-02,2026-09-09,2026-10-08,Dosa Coffee - Lake Town (0005),POS,34250.79,68
2026-10-02,2026-09-09,2026-10-08,Dosa Coffee - Lake Town (0005),ZOMATO,18716.97,55
2026-10-02,2026-09-09,2026-10-08,Dosa Coffee - Lake Town (0005),SWIGGY,10436.57,30
2026-10-03,2026-09-09,2026-10-08,Dosa Coffee - Lake Town (0005),POS,32443.21,61
2026-10-03,2026-09-09,2026-10-08,Dosa Coffee - Lake Town (0005),ZOMATO,21403.52,50
2026-10-03,2026-09-09,2026-10-08,Dosa Coffee - Lake Town (0005),SWIGGY,15216.67,40
2026-10-04,2026-09-09,2026-10-08,Dosa Coffee - Lake Town (0005),POS,35172.69,64
2026-10-04,2026-09-09,2026-10-08,Dosa Coffee - Lake Town (0005),SWIGGY,16152.83,39
2026-10-04,2026-09-09,2026-10-08,Dosa Coffee - Lake Town (0005),ZOMATO,19153.98,47
2026-10-05,2026-09-09,2026-10-08,Dosa Coffee - Lake Town (0005),POS,14800.48,35
2026-10-05,2026-09-09,2026-10-08,Dosa Coffee - Lake Town (0005),SWIGGY,9849.48,27
2026-10-05,2026-09-09,2026-10-08,Dosa Coffee - Lake Town (0005),ZOMATO,17884.75,51
2026-10-06,2026-09-09,2026-10-08,Dosa Coffee - Lake Town (0005),ZOMATO,11692.76,36
2026-10-06,2026-09-09,2026-10-08,Dosa Coffee - Lake Town (0005),POS,15674.96,42
2026-10-06,2026-09-09,2026-10-08,Dosa Coffee - Lake Town (0005),SWIGGY,6322.09,20
2026-10-07,2026-09-09,2026-10-08,Dosa Coffee - Lake Town (0005),ZOMATO,14275.35,39
2026-10-07,2026-09-09,2026-10-08,Dosa Coffee - Lake Town (0005),POS,25075.6,50
2026-10-07,2026-09-09,2026-10-08,Dosa Coffee - Lake Town (0005),SWIGGY,6714.26,21
2026-10-08,2026-09-09,2026-10-08,Dosa Coffee - Lake Town (0005),ZOMATO,13514.82,38
2026-10-08,2026-09-09,2026-10-08,Dosa Coffee - Lake Town (0005),POS,25237.19,49
2026-10-08,2026-09-09,2026-10-08,Dosa Coffee - Lake Town (0005),SWIGGY,12218.41,29
,2026-09-09,2026-10-08,Dosa Coffee - Calcutta Swiming Club (0007),POS,134996,217
2026-10-02,2026-09-09,2026-10-08,Dosa Coffee - Calcutta Swiming Club (0007),POS,9636.08,14
2026-10-03,2026-09-09,2026-10-08,Dosa Coffee - Calcutta Swiming Club (0007),POS,2604.05,5
2026-10-04,2026-09-09,2026-10-08,Dosa Coffee - Calcutta Swiming Club (0007),POS,14826.24,20
2026-10-05,2026-09-09,2026-10-08,Dosa Coffee - Calcutta Swiming Club (0007),POS,2829.05,4
2026-10-06,2026-09-09,2026-10-08,Dosa Coffee - Calcutta Swiming Club (0007),POS,4272.05,7
2026-10-07,2026-09-09,2026-10-08,Dosa Coffee - Calcutta Swiming Club (0007),POS,2184.03,5
2026-10-08,2026-09-09,2026-10-08,Dosa Coffee - Calcutta Swiming Club (0007),POS,3834.08,13
,2026-09-09,2026-10-08,Dosa Coffee - Food Truck - 1 (0008),POS,92670,749
2026-10-02,2026-09-09,2026-10-08,Dosa Coffee - Food Truck - 1 (0008),not shown,,
2026-10-03,2026-09-09,2026-10-08,Dosa Coffee - Food Truck - 1 (0008),not shown,,
2026-10-04,2026-09-09,2026-10-08,Dosa Coffee - Food Truck - 1 (0008),POS,0,0
2026-10-05,2026-09-09,2026-10-08,Dosa Coffee - Food Truck - 1 (0008),POS,4460,38
2026-10-06,2026-09-09,2026-10-08,Dosa Coffee - Food Truck - 1 (0008),POS,4049.98,37
2026-10-07,2026-09-09,2026-10-08,Dosa Coffee - Food Truck - 1 (0008),POS,3754.99,34
2026-10-08,2026-09-09,2026-10-08,Dosa Coffee - Food Truck - 1 (0008),POS,7485.02,50
,2026-09-09,2026-10-08,Dosa Coffee - Salt Lake Sec-1 (0009),Swiggy,298083,737
,2026-09-09,2026-10-08,Dosa Coffee - Salt Lake Sec-1 (0009),POS,2020519,2814
,2026-09-09,2026-10-08,Dosa Coffee - Salt Lake Sec-1 (0009),Zomato,395363,1134
,2026-09-09,2026-10-08,Dosa Coffee - Salt Lake Sec-1 (0009),MagicPin-Ordering,0,0
,2026-09-09,2026-10-08,Dosa Coffee - Salt Lake Sec-1 (0009),Swiggy-Bolt Urgent,21941,78
,2026-09-09,2026-10-08,Dosa Coffee - Salt Lake Sec-1 (0009),Rapido,79,1
2026-10-02,2026-09-09,2026-10-08,Dosa Coffee - Salt Lake Sec-1 (0009),POS,105044.54,120
2026-10-02,2026-09-09,2026-10-08,Dosa Coffee - Salt Lake Sec-1 (0009),SWIGGY-BOLT URGENT,1373.41,4
2026-10-02,2026-09-09,2026-10-08,Dosa Coffee - Salt Lake Sec-1 (0009),ZOMATO,17063.23,48
2026-10-02,2026-09-09,2026-10-08,Dosa Coffee - Salt Lake Sec-1 (0009),SWIGGY,18884.97,40
2026-10-03,2026-09-09,2026-10-08,Dosa Coffee - Salt Lake Sec-1 (0009),POS,83104.26,128
2026-10-03,2026-09-09,2026-10-08,Dosa Coffee - Salt Lake Sec-1 (0009),SWIGGY-BOLT URGENT,1294.68,3
2026-10-03,2026-09-09,2026-10-08,Dosa Coffee - Salt Lake Sec-1 (0009),ZOMATO,17699.96,52
2026-10-03,2026-09-09,2026-10-08,Dosa Coffee - Salt Lake Sec-1 (0009),SWIGGY,10011.87,27
2026-10-04,2026-09-09,2026-10-08,Dosa Coffee - Salt Lake Sec-1 (0009),POS,125822.52,138
2026-10-04,2026-09-09,2026-10-08,Dosa Coffee - Salt Lake Sec-1 (0009),ZOMATO,19863,50
2026-10-04,2026-09-09,2026-10-08,Dosa Coffee - Salt Lake Sec-1 (0009),SWIGGY-BOLT URGENT,154.35,1
2026-10-04,2026-09-09,2026-10-08,Dosa Coffee - Salt Lake Sec-1 (0009),SWIGGY,15583.19,36
2026-10-05,2026-09-09,2026-10-08,Dosa Coffee - Salt Lake Sec-1 (0009),POS,37479.62,62
2026-10-05,2026-09-09,2026-10-08,Dosa Coffee - Salt Lake Sec-1 (0009),ZOMATO,8137.6,25
2026-10-05,2026-09-09,2026-10-08,Dosa Coffee - Salt Lake Sec-1 (0009),SWIGGY-BOLT URGENT,292.95,2
2026-10-05,2026-09-09,2026-10-08,Dosa Coffee - Salt Lake Sec-1 (0009),SWIGGY,7109.58,20
2026-10-06,2026-09-09,2026-10-08,Dosa Coffee - Salt Lake Sec-1 (0009),POS,54413.26,84
2026-10-06,2026-09-09,2026-10-08,Dosa Coffee - Salt Lake Sec-1 (0009),ZOMATO,17017.08,41
2026-10-06,2026-09-09,2026-10-08,Dosa Coffee - Salt Lake Sec-1 (0009),SWIGGY-BOLT URGENT,306.6,2
2026-10-06,2026-09-09,2026-10-08,Dosa Coffee - Salt Lake Sec-1 (0009),SWIGGY,7565.34,24
2026-10-07,2026-09-09,2026-10-08,Dosa Coffee - Salt Lake Sec-1 (0009),POS,55567.26,78
2026-10-07,2026-09-09,2026-10-08,Dosa Coffee - Salt Lake Sec-1 (0009),ZOMATO,11962.49,41
2026-10-07,2026-09-09,2026-10-08,Dosa Coffee - Salt Lake Sec-1 (0009),SWIGGY-BOLT URGENT,336,2
2026-10-07,2026-09-09,2026-10-08,Dosa Coffee - Salt Lake Sec-1 (0009),SWIGGY,9499.44,26
2026-10-08,2026-09-09,2026-10-08,Dosa Coffee - Salt Lake Sec-1 (0009),POS,62316.25,92
2026-10-08,2026-09-09,2026-10-08,Dosa Coffee - Salt Lake Sec-1 (0009),ZOMATO,14930.88,51
2026-10-08,2026-09-09,2026-10-08,Dosa Coffee - Salt Lake Sec-1 (0009),SWIGGY-BOLT URGENT,367.5,2
2026-10-08,2026-09-09,2026-10-08,Dosa Coffee - Salt Lake Sec-1 (0009),SWIGGY,10586.26,25
,2026-09-09,2026-10-08,Dosa Coffee - Salt Lake (002),POS,2150705,3681
,2026-09-09,2026-10-08,Dosa Coffee - Salt Lake (002),Swiggy,380191,967
,2026-09-09,2026-10-08,Dosa Coffee - Salt Lake (002),Zomato,291041,794
2026-10-02,2026-09-09,2026-10-08,Dosa Coffee - Salt Lake (002),POS,72186.64,111
2026-10-02,2026-09-09,2026-10-08,Dosa Coffee - Salt Lake (002),ZOMATO,8208.64,20
2026-10-02,2026-09-09,2026-10-08,Dosa Coffee - Salt Lake (002),SWIGGY,17952.5,38
2026-10-03,2026-09-09,2026-10-08,Dosa Coffee - Salt Lake (002),POS,118982.95,191
2026-10-03,2026-09-09,2026-10-08,Dosa Coffee - Salt Lake (002),ZOMATO,11091.58,30
2026-10-03,2026-09-09,2026-10-08,Dosa Coffee - Salt Lake (002),SWIGGY,11684.45,27
2026-10-04,2026-09-09,2026-10-08,Dosa Coffee - Salt Lake (002),POS,78031.84,106
2026-10-04,2026-09-09,2026-10-08,Dosa Coffee - Salt Lake (002),ZOMATO,9685.34,25
2026-10-04,2026-09-09,2026-10-08,Dosa Coffee - Salt Lake (002),SWIGGY,19768.51,38
2026-10-05,2026-09-09,2026-10-08,Dosa Coffee - Salt Lake (002),POS,68251.64,124
2026-10-05,2026-09-09,2026-10-08,Dosa Coffee - Salt Lake (002),ZOMATO,4559.42,17
2026-10-05,2026-09-09,2026-10-08,Dosa Coffee - Salt Lake (002),SWIGGY,11206.73,34
2026-10-06,2026-09-09,2026-10-08,Dosa Coffee - Salt Lake (002),POS,74110.21,132
2026-10-06,2026-09-09,2026-10-08,Dosa Coffee - Salt Lake (002),ZOMATO,10331.86,31
2026-10-06,2026-09-09,2026-10-08,Dosa Coffee - Salt Lake (002),SWIGGY,12651.6,41
2026-10-07,2026-09-09,2026-10-08,Dosa Coffee - Salt Lake (002),POS,76613.04,124
2026-10-07,2026-09-09,2026-10-08,Dosa Coffee - Salt Lake (002),ZOMATO,10105.47,26
2026-10-07,2026-09-09,2026-10-08,Dosa Coffee - Salt Lake (002),SWIGGY,13426.46,32
2026-10-08,2026-09-09,2026-10-08,Dosa Coffee - Salt Lake (002),POS,68669.04,122
2026-10-08,2026-09-09,2026-10-08,Dosa Coffee - Salt Lake (002),ZOMATO,14076.13,37
2026-10-08,2026-09-09,2026-10-08,Dosa Coffee - Salt Lake (002),SWIGGY,13976.15,36
,2026-09-09,2026-10-08,Dosa Coffee - Ideal Plaza (01/0001),POS,1829334,2673
,2026-09-09,2026-10-08,Dosa Coffee - Ideal Plaza (01/0001),Swiggy,769585,1991
,2026-09-09,2026-10-08,Dosa Coffee - Ideal Plaza (01/0001),Zomato,1072613,3098
,2026-09-09,2026-10-08,Dosa Coffee - Ideal Plaza (01/0001),Rapido,79,1
2026-10-02,2026-09-09,2026-10-08,Dosa Coffee - Ideal Plaza (01/0001),POS,72328.54,87
2026-10-02,2026-09-09,2026-10-08,Dosa Coffee - Ideal Plaza (01/0001),ZOMATO,43887.16,114
2026-10-02,2026-09-09,2026-10-08,Dosa Coffee - Ideal Plaza (01/0001),SWIGGY,18873.94,53
2026-10-03,2026-09-09,2026-10-08,Dosa Coffee - Ideal Plaza (01/0001),POS,55900.31,92
2026-10-03,2026-09-09,2026-10-08,Dosa Coffee - Ideal Plaza (01/0001),ZOMATO,41987.26,127
2026-10-03,2026-09-09,2026-10-08,Dosa Coffee - Ideal Plaza (01/0001),SWIGGY,30285.83,69
2026-10-04,2026-09-09,2026-10-08,Dosa Coffee - Ideal Plaza (01/0001),POS,104017.03,134
2026-10-04,2026-09-09,2026-10-08,Dosa Coffee - Ideal Plaza (01/0001),ZOMATO,55454.55,153
2026-10-04,2026-09-09,2026-10-08,Dosa Coffee - Ideal Plaza (01/0001),SWIGGY,36910.92,76
2026-10-05,2026-09-09,2026-10-08,Dosa Coffee - Ideal Plaza (01/0001),POS,69317.57,89
2026-10-05,2026-09-09,2026-10-08,Dosa Coffee - Ideal Plaza (01/0001),ZOMATO,41498.08,125
2026-10-05,2026-09-09,2026-10-08,Dosa Coffee - Ideal Plaza (01/0001),SWIGGY,20480.47,63
2026-10-06,2026-09-09,2026-10-08,Dosa Coffee - Ideal Plaza (01/0001),POS,41455.81,76
2026-10-06,2026-09-09,2026-10-08,Dosa Coffee - Ideal Plaza (01/0001),ZOMATO,29132.78,87
2026-10-06,2026-09-09,2026-10-08,Dosa Coffee - Ideal Plaza (01/0001),SWIGGY,26749.96,77
2026-10-07,2026-09-09,2026-10-08,Dosa Coffee - Ideal Plaza (01/0001),POS,47349.43,78
2026-10-07,2026-09-09,2026-10-08,Dosa Coffee - Ideal Plaza (01/0001),ZOMATO,30575.8,104
2026-10-07,2026-09-09,2026-10-08,Dosa Coffee - Ideal Plaza (01/0001),SWIGGY,35471.34,63
2026-10-08,2026-09-09,2026-10-08,Dosa Coffee - Ideal Plaza (01/0001),POS,60619.65,100
2026-10-08,2026-09-09,2026-10-08,Dosa Coffee - Ideal Plaza (01/0001),ZOMATO,42058.85,125
2026-10-08,2026-09-09,2026-10-08,Dosa Coffee - Ideal Plaza (01/0001),SWIGGY,24744.91,70
,2026-09-09,2026-10-08,Dosa Coffee - Rosedale Plaza(0006),Swiggy,462542,1225
,2026-09-09,2026-10-08,Dosa Coffee - Rosedale Plaza(0006),Zomato,585545,1714
,2026-09-09,2026-10-08,Dosa Coffee - Rosedale Plaza(0006),MagicPin-Ordering,189,2
,2026-09-09,2026-10-08,Dosa Coffee - Rosedale Plaza(0006),POS,1137785,2612
,2026-09-09,2026-10-08,Dosa Coffee - Rosedale Plaza(0006),Rapido,158,2
2026-10-02,2026-09-09,2026-10-08,Dosa Coffee - Rosedale Plaza(0006),POS,52392.46,108
2026-10-02,2026-09-09,2026-10-08,Dosa Coffee - Rosedale Plaza(0006),ZOMATO,16178.26,46
2026-10-02,2026-09-09,2026-10-08,Dosa Coffee - Rosedale Plaza(0006),SWIGGY,13215.94,37
2026-10-02,2026-09-09,2026-10-08,Dosa Coffee - Rosedale Plaza(0006),MAGICPIN-ORDERING,0,0
2026-10-03,2026-09-09,2026-10-08,Dosa Coffee - Rosedale Plaza(0006),POS,50098.62,122
2026-10-03,2026-09-09,2026-10-08,Dosa Coffee - Rosedale Plaza(0006),ZOMATO,22667.15,63
2026-10-03,2026-09-09,2026-10-08,Dosa Coffee - Rosedale Plaza(0006),SWIGGY,18601.96,52
2026-10-03,2026-09-09,2026-10-08,Dosa Coffee - Rosedale Plaza(0006),MAGICPIN-ORDERING,94.5,1
2026-10-04,2026-09-09,2026-10-08,Dosa Coffee - Rosedale Plaza(0006),POS,58258.69,120
2026-10-04,2026-09-09,2026-10-08,Dosa Coffee - Rosedale Plaza(0006),ZOMATO,25079.97,73
2026-10-04,2026-09-09,2026-10-08,Dosa Coffee - Rosedale Plaza(0006),SWIGGY,22227.16,54
2026-10-05,2026-09-09,2026-10-08,Dosa Coffee - Rosedale Plaza(0006),POS,25136.39,53
2026-10-05,2026-09-09,2026-10-08,Dosa Coffee - Rosedale Plaza(0006),ZOMATO,15833.52,51
2026-10-05,2026-09-09,2026-10-08,Dosa Coffee - Rosedale Plaza(0006),SWIGGY,16695.65,46
2026-10-06,2026-09-09,2026-10-08,Dosa Coffee - Rosedale Plaza(0006),POS,23747.5,56
2026-10-06,2026-09-09,2026-10-08,Dosa Coffee - Rosedale Plaza(0006),ZOMATO,17558.84,55
2026-10-06,2026-09-09,2026-10-08,Dosa Coffee - Rosedale Plaza(0006),SWIGGY,14921.12,44
2026-10-07,2026-09-09,2026-10-08,Dosa Coffee - Rosedale Plaza(0006),POS,22325.47,68
2026-10-07,2026-09-09,2026-10-08,Dosa Coffee - Rosedale Plaza(0006),ZOMATO,14001.67,50
2026-10-07,2026-09-09,2026-10-08,Dosa Coffee - Rosedale Plaza(0006),SWIGGY,14372,41
2026-10-08,2026-09-09,2026-10-08,Dosa Coffee - Rosedale Plaza(0006),POS,30468.8,69
2026-10-08,2026-09-09,2026-10-08,Dosa Coffee - Rosedale Plaza(0006),ZOMATO,27519.33,80
2026-10-08,2026-09-09,2026-10-08,Dosa Coffee - Rosedale Plaza(0006),SWIGGY,11244.5,32
,2026-09-09,2026-10-08,Dosa Coffee - Rangoli Mall (01/0010),Zomato,213702,544
,2026-09-09,2026-10-08,Dosa Coffee - Rangoli Mall (01/0010),Swiggy,88111,217
,2026-09-09,2026-10-08,Dosa Coffee - Rangoli Mall (01/0010),POS,1234774,2166
,2026-09-09,2026-10-08,Dosa Coffee - Rangoli Mall (01/0010),Rapido,158,2
2026-10-02,2026-09-09,2026-10-08,Dosa Coffee - Rangoli Mall (01/0010),POS,86125.73,139
2026-10-02,2026-09-09,2026-10-08,Dosa Coffee - Rangoli Mall (01/0010),ZOMATO,9675.04,21
2026-10-02,2026-09-09,2026-10-08,Dosa Coffee - Rangoli Mall (01/0010),SWIGGY,2666.39,5
2026-10-03,2026-09-09,2026-10-08,Dosa Coffee - Rangoli Mall (01/0010),POS,73750.26,121
2026-10-03,2026-09-09,2026-10-08,Dosa Coffee - Rangoli Mall (01/0010),ZOMATO,13854.47,31
2026-10-03,2026-09-09,2026-10-08,Dosa Coffee - Rangoli Mall (01/0010),SWIGGY,4612.21,11
2026-10-04,2026-09-09,2026-10-08,Dosa Coffee - Rangoli Mall (01/0010),POS,85954.24,142
2026-10-04,2026-09-09,2026-10-08,Dosa Coffee - Rangoli Mall (01/0010),ZOMATO,11450.65,27
2026-10-04,2026-09-09,2026-10-08,Dosa Coffee - Rangoli Mall (01/0010),SWIGGY,3340.08,10
2026-10-05,2026-09-09,2026-10-08,Dosa Coffee - Rangoli Mall (01/0010),POS,28456.56,51
2026-10-05,2026-09-09,2026-10-08,Dosa Coffee - Rangoli Mall (01/0010),ZOMATO,4223.89,11
2026-10-05,2026-09-09,2026-10-08,Dosa Coffee - Rangoli Mall (01/0010),SWIGGY,1530.91,5
2026-10-06,2026-09-09,2026-10-08,Dosa Coffee - Rangoli Mall (01/0010),POS,31516.35,65
2026-10-06,2026-09-09,2026-10-08,Dosa Coffee - Rangoli Mall (01/0010),ZOMATO,3929.93,14
2026-10-06,2026-09-09,2026-10-08,Dosa Coffee - Rangoli Mall (01/0010),SWIGGY,856.29,4
2026-10-07,2026-09-09,2026-10-08,Dosa Coffee - Rangoli Mall (01/0010),POS,29840.85,53
2026-10-07,2026-09-09,2026-10-08,Dosa Coffee - Rangoli Mall (01/0010),ZOMATO,10120.19,26
2026-10-07,2026-09-09,2026-10-08,Dosa Coffee - Rangoli Mall (01/0010),SWIGGY,1580.25,6
2026-10-08,2026-09-09,2026-10-08,Dosa Coffee - Rangoli Mall (01/0010),POS,30106.46,63
2026-10-08,2026-09-09,2026-10-08,Dosa Coffee - Rangoli Mall (01/0010),ZOMATO,4579.6,13
2026-10-08,2026-09-09,2026-10-08,Dosa Coffee - Rangoli Mall (01/0010),SWIGGY,1870.09,5
,2026-09-09,2026-10-08,Dosa Coffee - James long Sarani (01/0011),Zomato,547078,1443
,2026-09-09,2026-10-08,Dosa Coffee - James long Sarani (01/0011),Swiggy-Bolt Urgent,0,0
,2026-09-09,2026-10-08,Dosa Coffee - James long Sarani (01/0011),POS,901382,1331
,2026-09-09,2026-10-08,Dosa Coffee - James long Sarani (01/0011),MagicPin-Ordering,793,2
,2026-09-09,2026-10-08,Dosa Coffee - James long Sarani (01/0011),Swiggy,420292,1085
,2026-09-09,2026-10-08,Dosa Coffee - James long Sarani (01/0011),Rapido,158,2
2026-10-02,2026-09-09,2026-10-08,Dosa Coffee - James long Sarani (01/0011),POS,43086.41,53
2026-10-02,2026-09-09,2026-10-08,Dosa Coffee - James long Sarani (01/0011),ZOMATO,27507,59
2026-10-02,2026-09-09,2026-10-08,Dosa Coffee - James long Sarani (01/0011),SWIGGY,13079.95,39
2026-10-03,2026-09-09,2026-10-08,Dosa Coffee - James long Sarani (01/0011),POS,53093.75,77
2026-10-03,2026-09-09,2026-10-08,Dosa Coffee - James long Sarani (01/0011),ZOMATO,26264.35,69
2026-10-03,2026-09-09,2026-10-08,Dosa Coffee - James long Sarani (01/0011),SWIGGY,15837.7,44
2026-10-04,2026-09-09,2026-10-08,Dosa Coffee - James long Sarani (01/0011),POS,48617.24,62
2026-10-04,2026-09-09,2026-10-08,Dosa Coffee - James long Sarani (01/0011),ZOMATO,28893.74,73
2026-10-04,2026-09-09,2026-10-08,Dosa Coffee - James long Sarani (01/0011),SWIGGY,20335.08,49
2026-10-04,2026-09-09,2026-10-08,Dosa Coffee - James long Sarani (01/0011),MAGICPIN-ORDERING,693,1
2026-10-05,2026-09-09,2026-10-08,Dosa Coffee - James long Sarani (01/0011),POS,22696.82,33
2026-10-05,2026-09-09,2026-10-08,Dosa Coffee - James long Sarani (01/0011),ZOMATO,12110.54,28
2026-10-05,2026-09-09,2026-10-08,Dosa Coffee - James long Sarani (01/0011),SWIGGY,8772.86,21
2026-10-05,2026-09-09,2026-10-08,Dosa Coffee - James long Sarani (01/0011),MAGICPIN-ORDERING,0,0
2026-10-06,2026-09-09,2026-10-08,Dosa Coffee - James long Sarani (01/0011),POS,20799.22,34
2026-10-06,2026-09-09,2026-10-08,Dosa Coffee - James long Sarani (01/0011),ZOMATO,20161.33,56
2026-10-06,2026-09-09,2026-10-08,Dosa Coffee - James long Sarani (01/0011),SWIGGY,11904.49,33
2026-10-07,2026-09-09,2026-10-08,Dosa Coffee - James long Sarani (01/0011),POS,24138.4,36
2026-10-07,2026-09-09,2026-10-08,Dosa Coffee - James long Sarani (01/0011),ZOMATO,13891.31,37
2026-10-07,2026-09-09,2026-10-08,Dosa Coffee - James long Sarani (01/0011),SWIGGY,10220.67,33
2026-10-08,2026-09-09,2026-10-08,Dosa Coffee - James long Sarani (01/0011),POS,27299.81,36
2026-10-08,2026-09-09,2026-10-08,Dosa Coffee - James long Sarani (01/0011),ZOMATO,21826.22,61
2026-10-08,2026-09-09,2026-10-08,Dosa Coffee - James long Sarani (01/0011),SWIGGY,15502.86,39
,2026-09-09,2026-10-08,Dosa Coffee - Santoshpur (01/0012),Swiggy,372672,874
,2026-09-09,2026-10-08,Dosa Coffee - Santoshpur (01/0012),Zomato,379808,1047
,2026-09-09,2026-10-08,Dosa Coffee - Santoshpur (01/0012),POS,597838,1074
,2026-09-09,2026-10-08,Dosa Coffee - Santoshpur (01/0012),MagicPin-Ordering,95,1
2026-10-02,2026-09-09,2026-10-08,Dosa Coffee - Santoshpur (01/0012),POS,29166.87,47
2026-10-02,2026-09-09,2026-10-08,Dosa Coffee - Santoshpur (01/0012),ZOMATO,20169.97,51
2026-10-02,2026-09-09,2026-10-08,Dosa Coffee - Santoshpur (01/0012),SWIGGY,11952.14,35
2026-10-03,2026-09-09,2026-10-08,Dosa Coffee - Santoshpur (01/0012),POS,32798.98,56
2026-10-03,2026-09-09,2026-10-08,Dosa Coffee - Santoshpur (01/0012),ZOMATO,20378.46,56
2026-10-03,2026-09-09,2026-10-08,Dosa Coffee - Santoshpur (01/0012),SWIGGY,18210.28,39
2026-10-04,2026-09-09,2026-10-08,Dosa Coffee - Santoshpur (01/0012),POS,18266.24,36
2026-10-04,2026-09-09,2026-10-08,Dosa Coffee - Santoshpur (01/0012),ZOMATO,17006.62,46
2026-10-04,2026-09-09,2026-10-08,Dosa Coffee - Santoshpur (01/0012),SWIGGY,19764.77,40
2026-10-05,2026-09-09,2026-10-08,Dosa Coffee - Santoshpur (01/0012),POS,15870.15,34
2026-10-05,2026-09-09,2026-10-08,Dosa Coffee - Santoshpur (01/0012),ZOMATO,14574.78,34
2026-10-05,2026-09-09,2026-10-08,Dosa Coffee - Santoshpur (01/0012),SWIGGY,6481.56,18
2026-10-06,2026-09-09,2026-10-08,Dosa Coffee - Santoshpur (01/0012),POS,13754.75,29
2026-10-06,2026-09-09,2026-10-08,Dosa Coffee - Santoshpur (01/0012),ZOMATO,6295.99,22
2026-10-06,2026-09-09,2026-10-08,Dosa Coffee - Santoshpur (01/0012),SWIGGY,12600.08,40
2026-10-07,2026-09-09,2026-10-08,Dosa Coffee - Santoshpur (01/0012),POS,9114.26,21
2026-10-07,2026-09-09,2026-10-08,Dosa Coffee - Santoshpur (01/0012),ZOMATO,8158.43,27
2026-10-07,2026-09-09,2026-10-08,Dosa Coffee - Santoshpur (01/0012),SWIGGY,10085.84,21
2026-10-08,2026-09-09,2026-10-08,Dosa Coffee - Santoshpur (01/0012),POS,10778.71,24
2026-10-08,2026-09-09,2026-10-08,Dosa Coffee - Santoshpur (01/0012),ZOMATO,9993.15,34
2026-10-08,2026-09-09,2026-10-08,Dosa Coffee - Santoshpur (01/0012),SWIGGY,7551.67,25
,2026-09-09,2026-10-08,Dosa Coffee - New Town - Cloud Kitchen (01/0013),Zomato,449772,1258
,2026-09-09,2026-10-08,Dosa Coffee - New Town - Cloud Kitchen (01/0013),Swiggy,339919,882
,2026-09-09,2026-10-08,Dosa Coffee - New Town - Cloud Kitchen (01/0013),POS,25901,69
2026-10-02,2026-09-09,2026-10-08,Dosa Coffee - New Town - Cloud Kitchen (01/0013),POS,1270.5,4
2026-10-02,2026-09-09,2026-10-08,Dosa Coffee - New Town - Cloud Kitchen (01/0013),ZOMATO,20036.17,57
2026-10-02,2026-09-09,2026-10-08,Dosa Coffee - New Town - Cloud Kitchen (01/0013),SWIGGY,15648.81,39
2026-10-03,2026-09-09,2026-10-08,Dosa Coffee - New Town - Cloud Kitchen (01/0013),POS,808.5,2
2026-10-03,2026-09-09,2026-10-08,Dosa Coffee - New Town - Cloud Kitchen (01/0013),ZOMATO,21993.69,59
2026-10-03,2026-09-09,2026-10-08,Dosa Coffee - New Town - Cloud Kitchen (01/0013),SWIGGY,20700.38,49
2026-10-04,2026-09-09,2026-10-08,Dosa Coffee - New Town - Cloud Kitchen (01/0013),POS,204.75,1
2026-10-04,2026-09-09,2026-10-08,Dosa Coffee - New Town - Cloud Kitchen (01/0013),ZOMATO,22417.86,58
2026-10-04,2026-09-09,2026-10-08,Dosa Coffee - New Town - Cloud Kitchen (01/0013),SWIGGY,17066.29,46
2026-10-05,2026-09-09,2026-10-08,Dosa Coffee - New Town - Cloud Kitchen (01/0013),POS,1216.75,3
2026-10-05,2026-09-09,2026-10-08,Dosa Coffee - New Town - Cloud Kitchen (01/0013),ZOMATO,13586.97,38
2026-10-05,2026-09-09,2026-10-08,Dosa Coffee - New Town - Cloud Kitchen (01/0013),SWIGGY,9661.65,19
2026-10-06,2026-09-09,2026-10-08,Dosa Coffee - New Town - Cloud Kitchen (01/0013),POS,871.5,4
2026-10-06,2026-09-09,2026-10-08,Dosa Coffee - New Town - Cloud Kitchen (01/0013),ZOMATO,12453.59,35
2026-10-06,2026-09-09,2026-10-08,Dosa Coffee - New Town - Cloud Kitchen (01/0013),SWIGGY,13534.67,38
2026-10-07,2026-09-09,2026-10-08,Dosa Coffee - New Town - Cloud Kitchen (01/0013),POS,281.75,1
2026-10-07,2026-09-09,2026-10-08,Dosa Coffee - New Town - Cloud Kitchen (01/0013),ZOMATO,13871.16,42
2026-10-07,2026-09-09,2026-10-08,Dosa Coffee - New Town - Cloud Kitchen (01/0013),SWIGGY,10449.7,30
2026-10-08,2026-09-09,2026-10-08,Dosa Coffee - New Town - Cloud Kitchen (01/0013),POS,644.25,2
2026-10-08,2026-09-09,2026-10-08,Dosa Coffee - New Town - Cloud Kitchen (01/0013),ZOMATO,15299.24,45
2026-10-08,2026-09-09,2026-10-08,Dosa Coffee - New Town - Cloud Kitchen (01/0013),SWIGGY,10241.77,26
,2026-09-09,2026-10-08,Dosa Coffee - Kalikapur (01/0014),Swiggy-Bolt Urgent,832,3
,2026-09-09,2026-10-08,Dosa Coffee - Kalikapur (01/0014),POS,869921,1419
,2026-09-09,2026-10-08,Dosa Coffee - Kalikapur (01/0014),Zomato,325614,897
,2026-09-09,2026-10-08,Dosa Coffee - Kalikapur (01/0014),Swiggy,298832,748
,2026-09-09,2026-10-08,Dosa Coffee - Kalikapur (01/0014),Rapido,158,2
2026-10-02,2026-09-09,2026-10-08,Dosa Coffee - Kalikapur (01/0014),POS,45154.82,68
2026-10-02,2026-09-09,2026-10-08,Dosa Coffee - Kalikapur (01/0014),SWIGGY,8549.7,26
2026-10-02,2026-09-09,2026-10-08,Dosa Coffee - Kalikapur (01/0014),ZOMATO,14652.1,37
2026-10-03,2026-09-09,2026-10-08,Dosa Coffee - Kalikapur (01/0014),POS,36780.03,53
2026-10-03,2026-09-09,2026-10-08,Dosa Coffee - Kalikapur (01/0014),SWIGGY,13908.43,33
2026-10-03,2026-09-09,2026-10-08,Dosa Coffee - Kalikapur (01/0014),ZOMATO,7272.07,21
2026-10-04,2026-09-09,2026-10-08,Dosa Coffee - Kalikapur (01/0014),POS,32979.87,46
2026-10-04,2026-09-09,2026-10-08,Dosa Coffee - Kalikapur (01/0014),SWIGGY,18873.38,33
2026-10-04,2026-09-09,2026-10-08,Dosa Coffee - Kalikapur (01/0014),ZOMATO,14285.19,36
2026-10-05,2026-09-09,2026-10-08,Dosa Coffee - Kalikapur (01/0014),POS,16136.21,35
2026-10-05,2026-09-09,2026-10-08,Dosa Coffee - Kalikapur (01/0014),SWIGGY,7461.35,20
2026-10-05,2026-09-09,2026-10-08,Dosa Coffee - Kalikapur (01/0014),ZOMATO,5933.88,20
2026-10-06,2026-09-09,2026-10-08,Dosa Coffee - Kalikapur (01/0014),POS,26789.95,43
2026-10-06,2026-09-09,2026-10-08,Dosa Coffee - Kalikapur (01/0014),SWIGGY,6810.86,20
2026-10-06,2026-09-09,2026-10-08,Dosa Coffee - Kalikapur (01/0014),ZOMATO,13010.54,27
2026-10-07,2026-09-09,2026-10-08,Dosa Coffee - Kalikapur (01/0014),POS,22228.06,40
2026-10-07,2026-09-09,2026-10-08,Dosa Coffee - Kalikapur (01/0014),SWIGGY,5515.7,19
2026-10-07,2026-09-09,2026-10-08,Dosa Coffee - Kalikapur (01/0014),ZOMATO,11908.14,33
2026-10-08,2026-09-09,2026-10-08,Dosa Coffee - Kalikapur (01/0014),POS,26655.29,41
2026-10-08,2026-09-09,2026-10-08,Dosa Coffee - Kalikapur (01/0014),SWIGGY,8127.04,30
2026-10-08,2026-09-09,2026-10-08,Dosa Coffee - Kalikapur (01/0014),ZOMATO,15551.06,44
,2026-09-09,2026-10-08,Dosa Coffee - Lake road 01/0015,POS,1641446,2222
,2026-09-09,2026-10-08,Dosa Coffee - Lake road 01/0015,Swiggy,523955,1281
,2026-09-09,2026-10-08,Dosa Coffee - Lake road 01/0015,Zomato,529052,1447
,2026-09-09,2026-10-08,Dosa Coffee - Lake road 01/0015,Rapido,79,1
,2026-09-09,2026-10-08,Dosa Coffee - Lake road 01/0015,Swiggy-Bolt Urgent,168,1
2026-10-02,2026-09-09,2026-10-08,Dosa Coffee - Lake road 01/0015,POS,82810.67,96
2026-10-02,2026-09-09,2026-10-08,Dosa Coffee - Lake road 01/0015,ZOMATO,22172.55,52
2026-10-02,2026-09-09,2026-10-08,Dosa Coffee - Lake road 01/0015,SWIGGY,23208.86,56
2026-10-03,2026-09-09,2026-10-08,Dosa Coffee - Lake road 01/0015,POS,65844.92,88
2026-10-03,2026-09-09,2026-10-08,Dosa Coffee - Lake road 01/0015,ZOMATO,25282.27,68
2026-10-03,2026-09-09,2026-10-08,Dosa Coffee - Lake road 01/0015,SWIGGY,18353.62,45
2026-10-04,2026-09-09,2026-10-08,Dosa Coffee - Lake road 01/0015,POS,80849.49,98
2026-10-04,2026-09-09,2026-10-08,Dosa Coffee - Lake road 01/0015,ZOMATO,33255.86,88
2026-10-04,2026-09-09,2026-10-08,Dosa Coffee - Lake road 01/0015,SWIGGY,30964.83,72
2026-10-04,2026-09-09,2026-10-08,Dosa Coffee - Lake road 01/0015,SWIGGY-BOLT URGENT,168,1
2026-10-05,2026-09-09,2026-10-08,Dosa Coffee - Lake road 01/0015,POS,36962.16,65
2026-10-05,2026-09-09,2026-10-08,Dosa Coffee - Lake road 01/0015,ZOMATO,19310.25,45
2026-10-05,2026-09-09,2026-10-08,Dosa Coffee - Lake road 01/0015,SWIGGY,10226.06,31
2026-10-05,2026-09-09,2026-10-08,Dosa Coffee - Lake road 01/0015,SWIGGY-BOLT URGENT,0,0
2026-10-06,2026-09-09,2026-10-08,Dosa Coffee - Lake road 01/0015,POS,43324.11,67
2026-10-06,2026-09-09,2026-10-08,Dosa Coffee - Lake road 01/0015,ZOMATO,18089.24,54
2026-10-06,2026-09-09,2026-10-08,Dosa Coffee - Lake road 01/0015,SWIGGY,18037.49,52
2026-10-07,2026-09-09,2026-10-08,Dosa Coffee - Lake road 01/0015,POS,41861.4,58
2026-10-07,2026-09-09,2026-10-08,Dosa Coffee - Lake road 01/0015,ZOMATO,12702.79,41
2026-10-07,2026-09-09,2026-10-08,Dosa Coffee - Lake road 01/0015,SWIGGY,14335.2,37
2026-10-08,2026-09-09,2026-10-08,Dosa Coffee - Lake road 01/0015,POS,46403.79,67
2026-10-08,2026-09-09,2026-10-08,Dosa Coffee - Lake road 01/0015,ZOMATO,12853.19,41
2026-10-08,2026-09-09,2026-10-08,Dosa Coffee - Lake road 01/0015,SWIGGY,11167.93,31
,2026-09-09,2026-10-08,Dosa Coffee - Quest Mall (01/0016),POS,1098563,3105
2026-10-02,2026-09-09,2026-10-08,Dosa Coffee - Quest Mall (01/0016),POS,60721.57,158
2026-10-03,2026-09-09,2026-10-08,Dosa Coffee - Quest Mall (01/0016),POS,55913.82,155
2026-10-04,2026-09-09,2026-10-08,Dosa Coffee - Quest Mall (01/0016),POS,65636.75,175
2026-10-05,2026-09-09,2026-10-08,Dosa Coffee - Quest Mall (01/0016),POS,27137.73,85
2026-10-06,2026-09-09,2026-10-08,Dosa Coffee - Quest Mall (01/0016),POS,35247.93,110
2026-10-07,2026-09-09,2026-10-08,Dosa Coffee - Quest Mall (01/0016),POS,30182.95,91
2026-10-08,2026-09-09,2026-10-08,Dosa Coffee - Quest Mall (01/0016),POS,30601.56,89
,2026-09-09,2026-10-08,Kalkaji (02/0004),MagicPin-Ordering,169,1
,2026-09-09,2026-10-08,Kalkaji (02/0004),POS,656489,1023
,2026-09-09,2026-10-08,Kalkaji (02/0004),Swiggy,415155,1136
,2026-09-09,2026-10-08,Kalkaji (02/0004),Swiggy-Bolt Urgent,26992,120
,2026-09-09,2026-10-08,Kalkaji (02/0004),Zomato,716462,1932
2026-10-02,2026-09-09,2026-10-08,Kalkaji (02/0004),POS,32330.62,46
2026-10-02,2026-09-09,2026-10-08,Kalkaji (02/0004),ZOMATO,11082.3,26
2026-10-02,2026-09-09,2026-10-08,Kalkaji (02/0004),SWIGGY,18478.65,51
2026-10-02,2026-09-09,2026-10-08,Kalkaji (02/0004),SWIGGY-BOLT URGENT,870.76,3
2026-10-03,2026-09-09,2026-10-08,Kalkaji (02/0004),POS,17691.76,27
2026-10-03,2026-09-09,2026-10-08,Kalkaji (02/0004),ZOMATO,18052.79,35
2026-10-03,2026-09-09,2026-10-08,Kalkaji (02/0004),SWIGGY,23357.11,53
2026-10-03,2026-09-09,2026-10-08,Kalkaji (02/0004),SWIGGY-BOLT URGENT,1221.01,5
2026-10-04,2026-09-09,2026-10-08,Kalkaji (02/0004),POS,28320.51,46
2026-10-04,2026-09-09,2026-10-08,Kalkaji (02/0004),ZOMATO,22301.66,34
2026-10-04,2026-09-09,2026-10-08,Kalkaji (02/0004),SWIGGY,23545.24,61
2026-10-04,2026-09-09,2026-10-08,Kalkaji (02/0004),SWIGGY-BOLT URGENT,420.75,2
2026-10-05,2026-09-09,2026-10-08,Kalkaji (02/0004),POS,11373.14,32
2026-10-05,2026-09-09,2026-10-08,Kalkaji (02/0004),ZOMATO,15316.81,31
2026-10-05,2026-09-09,2026-10-08,Kalkaji (02/0004),SWIGGY,16161.86,49
2026-10-05,2026-09-09,2026-10-08,Kalkaji (02/0004),SWIGGY-BOLT URGENT,979.51,4
2026-10-06,2026-09-09,2026-10-08,Kalkaji (02/0004),POS,16331.62,26
2026-10-06,2026-09-09,2026-10-08,Kalkaji (02/0004),ZOMATO,21005.61,63
2026-10-06,2026-09-09,2026-10-08,Kalkaji (02/0004),SWIGGY,9844.7,32
2026-10-06,2026-09-09,2026-10-08,Kalkaji (02/0004),SWIGGY-BOLT URGENT,575.25,3
2026-10-07,2026-09-09,2026-10-08,Kalkaji (02/0004),POS,19451.27,22
2026-10-07,2026-09-09,2026-10-08,Kalkaji (02/0004),ZOMATO,19309.78,57
2026-10-07,2026-09-09,2026-10-08,Kalkaji (02/0004),SWIGGY,12863.26,32
2026-10-07,2026-09-09,2026-10-08,Kalkaji (02/0004),SWIGGY-BOLT URGENT,805.14,4
2026-10-08,2026-09-09,2026-10-08,Kalkaji (02/0004),POS,14418.99,27
2026-10-08,2026-09-09,2026-10-08,Kalkaji (02/0004),ZOMATO,19401.92,60
2026-10-08,2026-09-09,2026-10-08,Kalkaji (02/0004),SWIGGY,14574.31,42
2026-10-08,2026-09-09,2026-10-08,Kalkaji (02/0004),SWIGGY-BOLT URGENT,893.67,5
,2026-09-09,2026-10-08,Gurgaon DLF (02/0009),POS,902308,1677
,2026-09-09,2026-10-08,Gurgaon DLF (02/0009),Swiggy,294574,908
,2026-09-09,2026-10-08,Gurgaon DLF (02/0009),Zomato,771030,2338
2026-10-02,2026-09-09,2026-10-08,Gurgaon DLF (02/0009),POS,12633.6,12
2026-10-02,2026-09-09,2026-10-08,Gurgaon DLF (02/0009),ZOMATO,22649.63,38
2026-10-02,2026-09-09,2026-10-08,Gurgaon DLF (02/0009),SWIGGY,12294.74,38
2026-10-03,2026-09-09,2026-10-08,Gurgaon DLF (02/0009),POS,3080.91,8
2026-10-03,2026-09-09,2026-10-08,Gurgaon DLF (02/0009),ZOMATO,15982.39,35
2026-10-03,2026-09-09,2026-10-08,Gurgaon DLF (02/0009),SWIGGY,10281.94,33
2026-10-04,2026-09-09,2026-10-08,Gurgaon DLF (02/0009),POS,8937.42,12
2026-10-04,2026-09-09,2026-10-08,Gurgaon DLF (02/0009),ZOMATO,15189.78,32
2026-10-04,2026-09-09,2026-10-08,Gurgaon DLF (02/0009),SWIGGY,12639.19,37
2026-10-05,2026-09-09,2026-10-08,Gurgaon DLF (02/0009),POS,33010.88,62
2026-10-05,2026-09-09,2026-10-08,Gurgaon DLF (02/0009),ZOMATO,9819,20
2026-10-05,2026-09-09,2026-10-08,Gurgaon DLF (02/0009),SWIGGY,10131.82,33
2026-10-06,2026-09-09,2026-10-08,Gurgaon DLF (02/0009),POS,45375.92,80
2026-10-06,2026-09-09,2026-10-08,Gurgaon DLF (02/0009),ZOMATO,18216.54,59
2026-10-06,2026-09-09,2026-10-08,Gurgaon DLF (02/0009),SWIGGY,8323.05,28
2026-10-07,2026-09-09,2026-10-08,Gurgaon DLF (02/0009),POS,38900.27,80
2026-10-07,2026-09-09,2026-10-08,Gurgaon DLF (02/0009),ZOMATO,23636.65,66
2026-10-07,2026-09-09,2026-10-08,Gurgaon DLF (02/0009),SWIGGY,7731.28,28
2026-10-08,2026-09-09,2026-10-08,Gurgaon DLF (02/0009),POS,50239.84,86
2026-10-08,2026-09-09,2026-10-08,Gurgaon DLF (02/0009),ZOMATO,29094.67,75
2026-10-08,2026-09-09,2026-10-08,Gurgaon DLF (02/0009),SWIGGY,8697.92,30
,2026-09-09,2026-10-08,Gurgaon Sec-15 (02/0010),POS,1215865,1804
,2026-09-09,2026-10-08,Gurgaon Sec-15 (02/0010),Swiggy,163869,467
,2026-09-09,2026-10-08,Gurgaon Sec-15 (02/0010),Swiggy-Bolt Urgent,8227,37
,2026-09-09,2026-10-08,Gurgaon Sec-15 (02/0010),Zomato,344170,970
2026-10-02,2026-09-09,2026-10-08,Gurgaon Sec-15 (02/0010),POS,60702.18,82
2026-10-02,2026-09-09,2026-10-08,Gurgaon Sec-15 (02/0010),ZOMATO,6837.66,17
2026-10-02,2026-09-09,2026-10-08,Gurgaon Sec-15 (02/0010),SWIGGY,6252.83,16
2026-10-02,2026-09-09,2026-10-08,Gurgaon Sec-15 (02/0010),SWIGGY-BOLT URGENT,164.25,1
2026-10-03,2026-09-09,2026-10-08,Gurgaon Sec-15 (02/0010),POS,47124.09,70
2026-10-03,2026-09-09,2026-10-08,Gurgaon Sec-15 (02/0010),ZOMATO,6641.28,12
2026-10-03,2026-09-09,2026-10-08,Gurgaon Sec-15 (02/0010),SWIGGY,7175.06,19
2026-10-03,2026-09-09,2026-10-08,Gurgaon Sec-15 (02/0010),SWIGGY-BOLT URGENT,159.42,1
2026-10-04,2026-09-09,2026-10-08,Gurgaon Sec-15 (02/0010),POS,62425.15,87
2026-10-04,2026-09-09,2026-10-08,Gurgaon Sec-15 (02/0010),ZOMATO,7490.21,15
2026-10-04,2026-09-09,2026-10-08,Gurgaon Sec-15 (02/0010),SWIGGY,6381.07,18
2026-10-04,2026-09-09,2026-10-08,Gurgaon Sec-15 (02/0010),SWIGGY-BOLT URGENT,799.75,4
2026-10-05,2026-09-09,2026-10-08,Gurgaon Sec-15 (02/0010),POS,22183.5,34
2026-10-05,2026-09-09,2026-10-08,Gurgaon Sec-15 (02/0010),ZOMATO,4477.11,12
2026-10-05,2026-09-09,2026-10-08,Gurgaon Sec-15 (02/0010),SWIGGY,3055.29,9
2026-10-05,2026-09-09,2026-10-08,Gurgaon Sec-15 (02/0010),SWIGGY-BOLT URGENT,501,3
2026-10-06,2026-09-09,2026-10-08,Gurgaon Sec-15 (02/0010),POS,30065.11,45
2026-10-06,2026-09-09,2026-10-08,Gurgaon Sec-15 (02/0010),ZOMATO,10781.45,35
2026-10-06,2026-09-09,2026-10-08,Gurgaon Sec-15 (02/0010),SWIGGY,5236.04,11
2026-10-06,2026-09-09,2026-10-08,Gurgaon Sec-15 (02/0010),SWIGGY-BOLT URGENT,164.25,1
2026-10-07,2026-09-09,2026-10-08,Gurgaon Sec-15 (02/0010),POS,27351.49,38
2026-10-07,2026-09-09,2026-10-08,Gurgaon Sec-15 (02/0010),ZOMATO,8598.44,28
2026-10-07,2026-09-09,2026-10-08,Gurgaon Sec-15 (02/0010),SWIGGY,3806.15,10
2026-10-07,2026-09-09,2026-10-08,Gurgaon Sec-15 (02/0010),SWIGGY-BOLT URGENT,190.5,1
2026-10-08,2026-09-09,2026-10-08,Gurgaon Sec-15 (02/0010),POS,30511.08,52
2026-10-08,2026-09-09,2026-10-08,Gurgaon Sec-15 (02/0010),ZOMATO,13498.58,39
2026-10-08,2026-09-09,2026-10-08,Gurgaon Sec-15 (02/0010),SWIGGY,3604.39,11
2026-10-08,2026-09-09,2026-10-08,Gurgaon Sec-15 (02/0010),SWIGGY-BOLT URGENT,341.64,1
,2026-09-09,2026-10-08,Connaught place (02/0012),POS,3768062,5006
,2026-09-09,2026-10-08,Connaught place (02/0012),Swiggy,140406,376
,2026-09-09,2026-10-08,Connaught place (02/0012),Zomato,117669,288
2026-10-02,2026-09-09,2026-10-08,Connaught place (02/0012),POS,149136.67,191
2026-10-02,2026-09-09,2026-10-08,Connaught place (02/0012),ZOMATO,10851.25,11
2026-10-02,2026-09-09,2026-10-08,Connaught place (02/0012),SWIGGY,6962.25,21
2026-10-03,2026-09-09,2026-10-08,Connaught place (02/0012),POS,162703.22,225
2026-10-03,2026-09-09,2026-10-08,Connaught place (02/0012),ZOMATO,3309.1,7
2026-10-03,2026-09-09,2026-10-08,Connaught place (02/0012),SWIGGY,3684.14,14
2026-10-04,2026-09-09,2026-10-08,Connaught place (02/0012),POS,203485.36,253
2026-10-04,2026-09-09,2026-10-08,Connaught place (02/0012),ZOMATO,4874.13,6
2026-10-04,2026-09-09,2026-10-08,Connaught place (02/0012),SWIGGY,4517.78,11
2026-10-05,2026-09-09,2026-10-08,Connaught place (02/0012),POS,87104.3,128
2026-10-05,2026-09-09,2026-10-08,Connaught place (02/0012),ZOMATO,0,0
2026-10-05,2026-09-09,2026-10-08,Connaught place (02/0012),SWIGGY,5134.59,14
2026-10-06,2026-09-09,2026-10-08,Connaught place (02/0012),POS,92580.71,124
2026-10-06,2026-09-09,2026-10-08,Connaught place (02/0012),ZOMATO,0,0
2026-10-06,2026-09-09,2026-10-08,Connaught place (02/0012),SWIGGY,3335.61,9
2026-10-07,2026-09-09,2026-10-08,Connaught place (02/0012),POS,95854.58,145
2026-10-07,2026-09-09,2026-10-08,Connaught place (02/0012),ZOMATO,4204.23,7
2026-10-07,2026-09-09,2026-10-08,Connaught place (02/0012),SWIGGY,6662.4,21
2026-10-08,2026-09-09,2026-10-08,Connaught place (02/0012),POS,101810.23,153
2026-10-08,2026-09-09,2026-10-08,Connaught place (02/0012),ZOMATO,4799.04,6
2026-10-08,2026-09-09,2026-10-08,Connaught place (02/0012),SWIGGY,5054.89,13
,2026-09-09,2026-10-08,Gurgaon Sec 10 (02/0014),Swiggy,92437,256
,2026-09-09,2026-10-08,Gurgaon Sec 10 (02/0014),POS,307780,562
,2026-09-09,2026-10-08,Gurgaon Sec 10 (02/0014),Zomato,238303,698
2026-10-02,2026-09-09,2026-10-08,Gurgaon Sec 10 (02/0014),POS,13876.8,25
2026-10-02,2026-09-09,2026-10-08,Gurgaon Sec 10 (02/0014),ZOMATO,8287.17,17
2026-10-02,2026-09-09,2026-10-08,Gurgaon Sec 10 (02/0014),SWIGGY,2826.67,8
2026-10-03,2026-09-09,2026-10-08,Gurgaon Sec 10 (02/0014),POS,12413.53,20
2026-10-03,2026-09-09,2026-10-08,Gurgaon Sec 10 (02/0014),ZOMATO,6623.96,14
2026-10-03,2026-09-09,2026-10-08,Gurgaon Sec 10 (02/0014),SWIGGY,2249.51,8
2026-10-04,2026-09-09,2026-10-08,Gurgaon Sec 10 (02/0014),POS,16441.93,25
2026-10-04,2026-09-09,2026-10-08,Gurgaon Sec 10 (02/0014),ZOMATO,4536.28,10
2026-10-04,2026-09-09,2026-10-08,Gurgaon Sec 10 (02/0014),SWIGGY,6135.23,15
2026-10-05,2026-09-09,2026-10-08,Gurgaon Sec 10 (02/0014),POS,4636.16,16
2026-10-05,2026-09-09,2026-10-08,Gurgaon Sec 10 (02/0014),ZOMATO,4331.28,12
2026-10-05,2026-09-09,2026-10-08,Gurgaon Sec 10 (02/0014),SWIGGY,1487.26,5
2026-10-06,2026-09-09,2026-10-08,Gurgaon Sec 10 (02/0014),POS,10950.21,17
2026-10-06,2026-09-09,2026-10-08,Gurgaon Sec 10 (02/0014),ZOMATO,2771.18,11
2026-10-06,2026-09-09,2026-10-08,Gurgaon Sec 10 (02/0014),SWIGGY,2435.09,6
2026-10-07,2026-09-09,2026-10-08,Gurgaon Sec 10 (02/0014),POS,9769.14,19
2026-10-07,2026-09-09,2026-10-08,Gurgaon Sec 10 (02/0014),ZOMATO,8697.18,21
2026-10-07,2026-09-09,2026-10-08,Gurgaon Sec 10 (02/0014),SWIGGY,1671.76,4
2026-10-08,2026-09-09,2026-10-08,Gurgaon Sec 10 (02/0014),POS,6132,12
2026-10-08,2026-09-09,2026-10-08,Gurgaon Sec 10 (02/0014),ZOMATO,8557.46,20
2026-10-08,2026-09-09,2026-10-08,Gurgaon Sec 10 (02/0014),SWIGGY,1400.51,5
