as_of,store_id,store,city,market,format,lat,lng,energy_of_6,quality,anchor,diversity,transport,nearby_reviews,classic_score,energy,reviews,premium,cuisine_types,n_anchor_brands_500m,n_fnb_chains_500m,neighbour_brands,competitor_count,competitor_count_all,south_indian_density,density_capped,google_rating
2026-10,dosa-coffee-calcutta-swiming-club-0007,Dosa Coffee - Calcutta Swiming Club (0007),,Kolkata,other_club,22.5698,88.3445,1.5,1,0,0,0.3,6052,2.8,0.25,,,3,,,,49,54,0.7692,yes,
2026-10,dosa-coffee-food-truck-1-0008,Dosa Coffee - Food Truck - 1 (0008),,Kolkata,other_truck,,,,,,,,,,,,,,,,,,,,no,
2026-10,dosa-coffee-forum-0003,Dosa Coffee - Forum (0003),Kolkata,Kolkata,mall,22.5384,88.3513,6,1,0,1,0.37,68077,8.4,1,,,5,9,6,Spencer's (0m); Baskin Robbins (0m); PVR/INOX (4m); Starbucks (37m); Lenskart (165m); Cafe Coffee Day (350m); Mio Amore (392m); Wow! Momo (468m); Giani's (479m),65,72,0.9231,yes,4.5
2026-10,dosa-coffee-ideal-plaza-01-0001,Dosa Coffee - Ideal Plaza (01/0001),Kolkata,Kolkata,mall,22.5391,88.3541,6,1,1,1,0.27,81821,9.3,1,,,5,10,7,Mio Amore (101m); Lenskart (187m); PVR/INOX (293m); Baskin Robbins (295m); Spencer's (295m); Starbucks (296m); Pizza Hut (437m); Domino's (468m); Giani's (468m); Cafe Coffee Day (482m),66,73,0.9615,yes,4.5
2026-10,dosa-coffee-james-long-sarani-01-0011,Dosa Coffee - James long Sarani (01/0011),Kolkata,Kolkata,high_street,22.4803,88.3132,3,1,1,1,0.37,12602,6.4,0.5,0.3093,0.25,7,3,3,Haldiram's (278m); Mio Amore (278m); KFC (340m),11,11,0.1923,no,4.5
2026-10,dosa-coffee-kalikapur-01-0014,Dosa Coffee - Kalikapur (01/0014),Kolkata,Kolkata,high_street,22.5029,88.3941,2.2,1,1,1,0.27,9159,5.5,0.3667,0.2013,0,7,5,4,Pizza Hut (2m); Lenskart (44m); Mio Amore (175m); Baskin Robbins (308m); Wow! Momo (490m),27,28,0.4231,yes,4.5
2026-10,dosa-coffee-lake-road-01-0015,Dosa Coffee - Lake road 01/0015,Kolkata,Kolkata,high_street,22.5152,88.3522,6,1,1,1,0.27,74529,9.3,1,0.9108,0.75,6,20,16,KFC (89m); Starbucks (105m); Haldiram's (119m); Baskin Robbins (134m); Cafe Coffee Day (231m); Reliance (Fresh/Smart/Trends/Digital) (253m); Pantaloons (278m); Giani's (303m); Domino's (341m); Wow! Momo (342m); Keventers (345m); Burger King (368m); Subway (374m); Taco Bell (377m); McDonald's (379m); Lenskart (393m); Zudio (396m); Chowman (442m); Mio Amore (446m); Blue Tokai (461m),55,58,0.8462,yes,4.4
2026-10,dosa-coffee-lake-town-0005,Dosa Coffee - Lake Town (0005),Kolkata,Kolkata,high_street,22.6027,88.4052,5.1,0.5,1,1,0.1,21071,7.7,0.85,0.4833,0,7,7,5,Mio Amore (100m); Wow! Momo (155m); Subway (169m); Lenskart (232m); Pizza Hut (264m); Spencer's (307m); Domino's (411m),30,32,0.5577,yes,4.3
2026-10,dosa-coffee-manisquare-0004,Dosa Coffee - Manisquare (0004),Kolkata,Kolkata,mall,22.5778,88.4005,3.7,1,1,1,0.53,15596,7.3,0.6167,,,5,11,8,Cafe Coffee Day (0m); Pizza Hut (6m); Lenskart (9m); Spencer's (12m); Keventers (18m); KFC (32m); PVR/INOX (40m); Baskin Robbins (51m); Starbucks (54m); Subway (74m); McDonald's (79m),28,31,0.4615,yes,4.4
2026-10,dosa-coffee-new-town-cloud-kitchen-01-0013,Dosa Coffee - New Town - Cloud Kitchen (01/0013),,Kolkata,cloud_kitchen,22.5619,88.4907,2,1,1,1,0.2,8345,5.2,0.3333,,,6,6,6,Cafe Coffee Day (1m); Baskin Robbins (13m); Domino's (36m); Subway (44m); Wow! Momo (45m); KFC (65m),5,5,0.0192,no,
2026-10,dosa-coffee-quest-mall-01-0016,Dosa Coffee - Quest Mall (01/0016),,Kolkata,mall,22.539,88.3658,6,1,1,1,0.1,80511,9.1,1,,,6,11,10,Burger King (7m); Taco Bell (9m); KFC (10m); Pizza Hut (13m); Starbucks (20m); Spencer's (25m); Domino's (86m); Giani's (261m); Mio Amore (270m); Arsalan (389m); Wow! Momo (481m),68,74,1,yes,
2026-10,dosa-coffee-rangoli-mall-01-0010,Dosa Coffee - Rangoli Mall (01/0010),Howrah,Kolkata,mall,22.6241,88.3538,4.9,1,1,1,0.2,20604,8.1,0.8167,,,5,10,4,PVR/INOX (0m); Zudio (0m); Domino's (15m); Lenskart (23m); Keventers (27m); Wow! Momo (32m); Spencer's (36m); Reliance (Fresh/Smart/Trends/Digital) (40m); KFC (42m); Pantaloons (64m),6,7,0.0769,no,4.8
2026-10,dosa-coffee-rosedale-plaza-0006,Dosa Coffee - Rosedale Plaza(0006),,Kolkata,mall,22.5619,88.4907,2,1,1,1,0.2,8345,5.2,0.3333,,,6,6,6,Cafe Coffee Day (1m); Baskin Robbins (13m); Domino's (36m); Subway (44m); Wow! Momo (45m); KFC (65m),5,5,0.0192,no,4.7
2026-10,dosa-coffee-salt-lake-002,Dosa Coffee - Salt Lake (002),Kolkata,Kolkata,high_street,22.5695,88.4119,6,1,0,1,0.4,26640,8.4,1,0.5626,0.15,5,3,2,Cafe Coffee Day (120m); Mio Amore (287m); Lenskart (345m),29,32,0.5,yes,4.5
2026-10,dosa-coffee-salt-lake-sec-1-0009,Dosa Coffee - Salt Lake Sec-1 (0009),Kolkata,Kolkata,high_street,22.5964,88.4083,6,1,1,1,0.2,41110,9.2,1,0.7094,0,6,5,3,KFC (157m); Reliance (Fresh/Smart/Trends/Digital) (165m); Cafe Coffee Day (383m); Mio Amore (414m); Spencer's (486m),35,37,0.6923,yes,4.6
2026-10,dosa-coffee-santoshpur-01-0012,Dosa Coffee - Santoshpur (01/0012),Kolkata,Kolkata,high_street,22.4928,88.3877,1.4,1,0,1,0.1,5920,3.5,0.2333,0.0536,0.15,6,6,5,Wow! Momo (63m); Mio Amore (107m); Cafe Coffee Day (159m); Baskin Robbins (201m); Lenskart (249m); Arsalan (251m),30,31,0.5577,yes,4.4
2026-10,connaught-place-02-0012,Connaught place (02/0012),New Delhi,NCR,high_street,28.6326,77.2162,6,0.5,1,1,0.8,483061,9.3,1,1,1,6,19,16,Saravana Bhavan (28m); Subway (108m); Starbucks (154m); PVR/INOX (169m); Cafe Coffee Day (174m); Domino's (196m); KFC (197m); Barbeque Nation (222m); Burger Singh (233m); Blue Tokai (236m); McDonald's (242m); Burger King (273m); Big Chill (338m); Chaayos (404m); Bikanervala (410m); Spencer's (422m); Third Wave Coffee (435m); Lenskart (468m); Taco Bell (475m),61,68,1,yes,4.4
2026-10,gurgaon-dlf-02-0009,Gurgaon DLF (02/0009),Gurugram,NCR,high_street,28.4905,77.0925,5.7,1,1,1,0.37,23928,9.1,0.95,0.5263,1,7,11,11,Subway (2m); Bikanervala (46m); Domino's (69m); Chaayos (71m); Starbucks (165m); Cafe Coffee Day (263m); Nirula's (339m); Wow! Momo (358m); McDonald's (385m); Baskin Robbins (413m); Pizza Hut (441m),33,37,0.694,yes,4.6
2026-10,gurgaon-sec-10-02-0014,Gurgaon Sec 10 (02/0014),Gurugram,NCR,high_street,28.44,77.0068,4.8,1,1,1,0.1,19906,7.9,0.8,0.464,0.3,5,7,6,Taco Bell (14m); Pizza Hut (19m); Burger King (23m); Domino's (40m); Lenskart (84m); KFC (110m); Giani's (114m),4,4,0.0149,no,4.5
2026-10,gurgaon-sec-15-02-0010,Gurgaon Sec-15 (02/0010),Gurgaon,NCR,high_street,28.4585,77.0439,3.2,1,1,1,0.1,13451,6.3,0.5333,0.3314,0.25,7,5,4,Lenskart (12m); Domino's (26m); Subway (47m); Giani's (75m); Bikanervala (82m),38,41,0.7761,yes,4.4
2026-10,kalkaji-02-0004,Kalkaji (02/0004),New Delhi,NCR,high_street,28.5406,77.257,6,1,1,1,0.2,54226,9.2,1,0.8032,1,6,17,16,Cafe Coffee Day (25m); Blue Tokai (31m); Lenskart (66m); McDonald's (87m); Domino's (116m); Keventers (129m); Chaayos (172m); Burger Singh (264m); Haldiram's (289m); Nirula's (320m); Third Wave Coffee (347m); KFC (377m); Subway (386m); Pizza Hut (393m); Taco Bell (404m); Giani's (433m); Baskin Robbins (496m),41,49,0.8134,yes,4.5
2026-10,model-town-02-0013,Model Town (02/0013),New Delhi,NCR,high_street,28.7059,77.1901,5.5,1,1,1,0.37,22833,8.8,0.9167,0.5104,0.9,5,11,10,Subway (5m); Burger King (12m); Domino's (23m); Lenskart (36m); Giani's (41m); Starbucks (68m); Haldiram's (191m); KFC (196m); Barbeque Nation (200m); Nirula's (316m); Blue Tokai (328m),26,28,0.4627,no,4.5
2026-10,pacific-mall-jasola-02-0011,"Pacific mall, Jasola (02/0011)",New Delhi,NCR,mall,28.5377,77.283,3,1,1,0,0.53,12671,5.6,0.5,,,4,12,11,McDonald's (2m); Burger King (29m); KFC (43m); PVR/INOX (46m); Wow! Momo (50m); Domino's (54m); Haldiram's (58m); Taco Bell (61m); Keventers (62m); Subway (64m); Pizza Hut (367m); Blue Tokai (396m),21,28,0.2985,no,4.5
2026-10,paschim-vihar-02-0003,Paschim Vihar (02/0003),New Delhi,NCR,high_street,28.6744,77.1039,4.1,0.5,1,1,0.1,16922,6.7,0.6833,0.4091,0,6,6,4,Sagar Ratna (28m); Reliance (Fresh/Smart/Trends/Digital) (85m); Lenskart (259m); Domino's (314m); Subway (490m); Cafe Coffee Day (500m),29,31,0.5672,yes,4.3
2026-10,rohini-sec-7-02-0008,Rohini Sec-7 (02/0008),Delhi,NCR,high_street,28.7096,77.1227,6,1,0,1,0.47,33925,8.5,1,0.6444,0.3,5,5,4,Giani's (30m); Nirula's (61m); Chaayos (170m); Lenskart (190m); Baskin Robbins (320m),27,29,0.4925,yes,4.5
2026-10,sec-143-noida-02-0006,Sec 143 Noida (02/0006),Noida,NCR,high_street,28.5008,77.4223,1,1,1,1,0.37,4207,4.4,0.1667,0,0,6,1,1,KFC (15m),17,19,0.209,no,4.5
2026-10,sec-15-faridabad-02-0007,Sec 15 Faridabad (02/0007),Faridabad,NCR,high_street,28.3949,77.3221,3.7,0.5,1,0,0.2,15288,5.4,0.6167,0.3747,0.55,4,9,8,Giani's (48m); Lenskart (76m); Blue Tokai (88m); Theobroma (132m); Chaayos (153m); Pizza Hut (153m); Subway (205m); Wow! Momo (216m); Nirula's (216m),28,34,0.5224,yes,4
2026-10,sec-18-noida-02-0001,Sec 18 Noida (02/0001),Noida,NCR,high_street,28.5722,77.3229,6,0.5,1,1,0.37,108676,8.9,1,1,0.85,7,13,12,Haldiram's (80m); Giani's (97m); Starbucks (148m); Bikanervala (183m); Subway (238m); Domino's (253m); Baskin Robbins (368m); McDonald's (378m); Lenskart (408m); KFC (429m); Chowman (437m); Burger King (439m); Blue Tokai (450m),29,32,0.5672,yes,4.4
2026-10,sec-31-gurgaon-02-0016,Sec 31 - Gurgaon (02/0016),Gurugram,NCR,high_street,28.453,77.0502,1.6,0.5,0,0,0.33,6583,2.4,0.2667,0.0895,0,4,5,5,Nirula's (78m); Wow! Momo (98m); Chowman (100m); Giani's (178m); Subway (227m),42,45,0.8358,yes,4.1
2026-10,shalimar-bagh-02-0015,Shalimar Bagh (02/0015),Delhi,NCR,metro,28.7019,77.1657,1.1,1,1,1,0.43,4546,4.5,0.1833,0,0.8,6,6,4,Third Wave Coffee (17m); Blue Tokai (28m); McDonald's (42m); Domino's (244m); Zudio (251m); Lenskart (361m),24,28,0.4179,no,4.9
