posist_store,keka_location,headcount,primary_lead,other_leads,match_status,note
Ideal Plaza (01/0001),Ideal Plaza,102,Dipankar Saha (RGM),Ranjit Mukherjee (RM); Shantanu Ghosh (SM); Sangita Mondal (SM),matched,"Headcount is registered employees, not shift strength. Primary is largest reporting line, not a confirmed single manager."
Salt Lake (002),Salt Lake Sec 3,51,Sk Jamiruddin (RGM),Abhijit Dutta (RM); Saijan Alam (SM); Indrajit Mondal (ARM),inferred,"Headcount is registered employees, not shift strength. Primary is largest reporting line, not a confirmed single manager."
Salt Lake Sec-1 (0009),Salt Lake Sec 1,36,Pallab Ghosh (RM),Tapas Kumar Jena (ARM); Somnath Sardar (SM); Tanusree Samanta (SM); Sk Merajuddin Ahmed (RM),matched,"Headcount is registered employees, not shift strength. Primary is largest reporting line, not a confirmed single manager."
Lake road 01/0015,Lake Road,52,Snehasish Dey (RGM),Priya Senko (ARM); Mohan Duari (SM),matched,"Headcount is registered employees, not shift strength. Primary is largest reporting line, not a confirmed single manager."
Lake Town (0005),Lake Town,39,Lob Chakraborty (ARM),Ramen Das (ARM); Sayan Das (SM),matched,"Headcount is registered employees, not shift strength. Primary is largest reporting line, not a confirmed single manager."
Rangoli Mall (01/0010),Rangoli Mall,41,Nikhil Gupta (RM),Raju Mondal (ARM),matched,"Headcount is registered employees, not shift strength. Primary is largest reporting line, not a confirmed single manager."
James long Sarani (01/0011),James Long Sarani,39,Saheb Das (ARM),Nafees Fatma (SM); Manoj Kumar Mondal (SM),matched,"Headcount is registered employees, not shift strength. Primary is largest reporting line, not a confirmed single manager."
Rosedale Plaza(0006),Rosedale Plaza,30,CHIRONJIT KUMAR GHOSH (RM),Sourav Dey (ARM),matched,"Headcount is registered employees, not shift strength. Primary is largest reporting line, not a confirmed single manager."
Manisquare (0004),Mani Square Mall,32,Rohit Kumar Paswan (ARM),Mousumi Panja (SM),matched,"Headcount is registered employees, not shift strength. Primary is largest reporting line, not a confirmed single manager."
Kalikapur (01/0014),Kalikapur,39,Samrat Roy (RGM),Rizwanul Haque (SM),matched,"Headcount is registered employees, not shift strength. Primary is largest reporting line, not a confirmed single manager."
Quest Mall (01/0016),Quest Mall,25,Asif Ali (RM),none,matched,"Headcount is registered employees, not shift strength. Primary is largest reporting line, not a confirmed single manager."
Santoshpur (01/0012),Santoshpur,48,Anisur Rahaman (ARM),Md Saheb Shakil (SM),matched,"Headcount is registered employees, not shift strength. Primary is largest reporting line, not a confirmed single manager."
Forum (0003),Forum Mall,24,Sudip Kumar Ghosh (ARM),none,matched,"Headcount is registered employees, not shift strength. Primary is largest reporting line, not a confirmed single manager."
New Town CK (01/0013),Cloud Kitchen New Town,13,Prodip Kumar Ghosh (ARM),Akash Sardar (SM),matched,"Headcount is registered employees, not shift strength. Primary is largest reporting line, not a confirmed single manager."
Calcutta Swiming Club (0007),Calcutta Swimming Club,4,Puja Singh (SM),Apu Paik (SM),matched,"Headcount is registered employees, not shift strength. Primary is largest reporting line, not a confirmed single manager."
Connaught place (02/0012),Connaught Place Delhi,73,Ashwani Kumar (RGM),Anjali (SM); Sumit Jamwal Singh (RGM); Arbind Tamang (ARM); Subhasish Mondal (SM); Dheera Singh (ARM),matched,"Headcount is registered employees, not shift strength. Primary is largest reporting line, not a confirmed single manager."
Pacific mall Jasola,Jasola Pacific Mall,60,Gaurav Rawat (RGM),Mohammad Javed Idrishi (SM); Sukumar Sardar (ARM),matched,"Headcount is registered employees, not shift strength. Primary is largest reporting line, not a confirmed single manager."
Model Town (02/0013),Model Town,69,Amit kumar Kumar (RGM),Anil Singh Bisht (ARM); Pooja Rao (ARM),matched,"Headcount is registered employees, not shift strength. Primary is largest reporting line, not a confirmed single manager."
Rohini Sec-7 (02/0008),Rohini Sector 7,50,Ajit (RGM),Sunny (ARM),matched,"Headcount is registered employees, not shift strength. Primary is largest reporting line, not a confirmed single manager."
Sec 18 Noida (02/0001),Noida Sec 18,64,Arun Kumar (RGM),Aman Singh Negi (SM); Manjeet Manjeet Kaur Kaur (SM),matched,"Headcount is registered employees, not shift strength. Primary is largest reporting line, not a confirmed single manager."
Paschim Vihar (02/0003),Paschim Vihar,56,Poonam Devi (RM),Sahil Kumar (SM),matched,"Headcount is registered employees, not shift strength. Primary is largest reporting line, not a confirmed single manager."
Gurgaon Sec-15 (02/0010),Gurgaon - Sec 15,56,Sandeep Kumar (RGM),Poonam (SM); Raushan Kumar (ARM),matched,"Headcount is registered employees, not shift strength. Primary is largest reporting line, not a confirmed single manager."
Kalkaji (02/0004),Kalkaji,39,Deepak Nagar (RGM),Kavita Arya (SM); Rahul Kumar (SM); Priyanka Das (SM),matched,"Headcount is registered employees, not shift strength. Primary is largest reporting line, not a confirmed single manager."
Shalimar Bagh (02/0015),Shalimar Bagh,21,Reena Bhardwaj (ARM),none,matched,"Headcount is registered employees, not shift strength. Primary is largest reporting line, not a confirmed single manager."
Sec 15 Faridabad (02/0007),Faridabad,47,Mohammad Javed Idrishi (SM),none,inferred,"Headcount is registered employees, not shift strength. Primary is largest reporting line, not a confirmed single manager."
Sec 31 Gurgaon (02/0016),Gurgaon Sec 31,17,Rinku (RM),Shrikant Gupta (SM),matched,"Headcount is registered employees, not shift strength. Primary is largest reporting line, not a confirmed single manager."
Gurgaon DLF (02/0009),Gurgaon - DLF,37,Abhishek Pandey (RM),Sahadab (SM),matched,"Headcount is registered employees, not shift strength. Primary is largest reporting line, not a confirmed single manager."
Sec 143 Noida (02/0006),Noida Sec 143,34,Ajay Giri (RM),Tanay Saigal (SM),matched,"Headcount is registered employees, not shift strength. Primary is largest reporting line, not a confirmed single manager."
Gurgaon Sec 10,Gurgaon Sec 10,24,Anil Singh Bisht (ARM),none,matched,"Headcount is registered employees, not shift strength. Primary is largest reporting line, not a confirmed single manager."
Food Truck - 1 (0008),no keka location,no keka match,no keka match,none,no keka match,no keka match
Events & Catering,no keka location,no keka match,no keka match,none,no keka match,no keka match
GK1 Cloud Kitchen (02/0002),no keka location,no keka match,no keka match,none,no keka match,no keka match
Chattarpur (02/0005),no keka location,no keka match,no keka match,none,no keka match,no keka match
