store,period,avg_score,weekday_score,weekend_score,note,status
Brand,August 2026,88.3%,not provided in one-pager,not provided in one-pager,Brand average from 2 Oct 2026 one-pager,brand aggregate
Forum,August 2026,64.7%,40.9% (1-10),recovered (score not provided in one-pager),Weekday POS outage; weekend recovered,scored
CP,August 2026,79.9%,not provided in one-pager,74.4% (4-10),Weekend score provided in one-pager,scored
Paschim Vihar,August 2026,82.7%,not provided in one-pager,not provided in one-pager,Soft both days,scored
Rohini Sec-7,August 2026,83.6%,not provided in one-pager,79.3% (4-10),Weekend score provided in one-pager,scored
Jasola,August 2026,84.0%,not provided in one-pager,73.3%,Weekend crash,scored
Salt Lake Sec-1,August 2026,95.7%,not provided in one-pager,not provided in one-pager,Strongest store reference in one-pager,scored
Lake Road,August 2026,95.6%,not provided in one-pager,not provided in one-pager,Strongest store reference in one-pager,scored
Lake Town,August 2026,94.3%,not provided in one-pager,not provided in one-pager,Strongest store reference in one-pager,scored
Ideal Plaza,August 2026,not in cycle,not in cycle,not in cycle,Not in August 2026 audit cycle,not in cycle
Quest,August 2026,not in cycle,not in cycle,not in cycle,Not in August 2026 audit cycle,not in cycle
Shalimar,August 2026,not in cycle,not in cycle,not in cycle,Not in August 2026 audit cycle,not in cycle
New Town CK,August 2026,not in cycle,not in cycle,not in cycle,Not in August 2026 audit cycle,not in cycle
