store,date,net,gross,bills,apb,net_wow_pct,bills_wow_pct,apb_wow_pct,net_last_same_weekday,bills_last_same_weekday,apb_last_same_weekday,unsettled_bills,unsettled_amount,void_bills,source,provisional,region
Connaught place (02/0012),2026-09-04,,113726.94,176,646.18,,-10.66%,,,197,,,,,historical-total-revenue,false,North
Connaught place (02/0012),2026-09-05,,166816.73,246,678.12,,0.00%,,,246,,,,,historical-total-revenue,false,North
Connaught place (02/0012),2026-09-06,,210986.17,263,802.23,,6.91%,,,246,,,,,historical-total-revenue,false,North
Connaught place (02/0012),2026-09-07,,69605.60,119,584.92,,-54.75%,,,263,,,,,historical-total-revenue,false,North
Connaught place (02/0012),2026-09-08,,105946.05,172,615.97,,44.54%,,,119,,,,,historical-total-revenue,false,North
Connaught place (02/0012),2026-09-09,,97970.62,150,653.14,,-12.79%,,,172,,,,,historical-total-revenue,false,North
Connaught place (02/0012),2026-09-10,,106909.44,166,644.03,,10.67%,,,150,,,,,historical-total-revenue,false,North
Connaught place (02/0012),2026-09-11,,70737.23,118,599.47,,0.00%,,,118,,,,,historical-total-revenue,false,North
Connaught place (02/0012),2026-09-12,,150714.60,222,678.89,,88.14%,,,118,,,,,historical-total-revenue,false,North
Connaught place (02/0012),2026-09-13,,175995.20,265,664.13,,19.37%,,,222,,,,,historical-total-revenue,false,North
Connaught place (02/0012),2026-09-14,,93420.30,156,598.85,,0.00%,,,156,,,,,historical-total-revenue,false,North
Connaught place (02/0012),2026-09-15,,95027.26,165,575.92,,,,,,,,,,historical-total-revenue,false,North
Connaught place (02/0012),2026-09-16,,104332.99,150,695.55,,,,,,,,,,historical-total-revenue,false,North
Connaught place (02/0012),2026-09-17,,98744.97,176,561.05,,,,,,,,,,historical-total-revenue,false,North
Connaught place (02/0012),2026-09-18,,114310.45,170,672.41,,-3.41%,,,176,,,,,historical-total-revenue,false,North
Connaught place (02/0012),2026-09-19,,183902.78,251,732.68,,47.65%,,,170,,,,,historical-total-revenue,false,North
Connaught place (02/0012),2026-09-20,,151458.44,230,658.51,,,,,,,,,,historical-total-revenue,false,North
Connaught place (02/0012),2026-09-21,,87443.62,153,571.53,,,,,,,,,,historical-total-revenue,false,North
Connaught place (02/0012),2026-09-22,,113835.94,187,608.75,,0.00%,,,187,,,,,historical-total-revenue,false,North
Connaught place (02/0012),2026-09-23,,106547.09,181,588.66,,,,,,,,,,historical-total-revenue,false,North
Connaught place (02/0012),2026-09-24,,114916.81,172,668.12,,-4.97%,,,181,,,,,historical-total-revenue,false,North
Connaught place (02/0012),2026-09-25,,109480.73,167,655.57,,,,,,,,,,historical-total-revenue,false,North
Connaught place (02/0012),2026-09-26,,220959.51,276,800.58,,0.00%,,,276,,,,,historical-total-revenue,false,North
Connaught place (02/0012),2026-09-27,,231912.15,262,885.16,,-5.07%,,,276,,,,,historical-total-revenue,false,North
Connaught place (02/0012),2026-09-28,,95315.80,151,631.23,,,,,,,,,,historical-total-revenue,false,North
Connaught place (02/0012),2026-09-29,,181044.30,196,923.70,,0.00%,,,196,,,,,historical-total-revenue,false,North
Connaught place (02/0012),2026-09-30,,255572.51,172,1485.89,,0.00%,,,172,,,,,historical-total-revenue,false,North
Connaught place (02/0012),2026-10-01,,109519.61,175,625.83,,,,,,,,,,historical-total-revenue,false,North
Connaught place (02/0012),2026-10-02,,166950.16,223,748.66,,27.43%,,,175,,,,,historical-total-revenue,false,North
"Pacific mall, Jasola (02/0011)",2026-09-04,,82673.83,136,607.90,,28.30%,,,106,,,,,historical-total-revenue,false,North
"Pacific mall, Jasola (02/0011)",2026-09-05,,116736.72,189,617.65,,0.00%,,,189,,,,,historical-total-revenue,false,North
"Pacific mall, Jasola (02/0011)",2026-09-06,,131220.63,222,591.08,,17.46%,,,189,,,,,historical-total-revenue,false,North
"Pacific mall, Jasola (02/0011)",2026-09-07,,60021.67,120,500.18,,-45.95%,,,222,,,,,historical-total-revenue,false,North
"Pacific mall, Jasola (02/0011)",2026-09-08,,82339.13,147,560.13,,22.50%,,,120,,,,,historical-total-revenue,false,North
"Pacific mall, Jasola (02/0011)",2026-09-09,,50931.75,109,467.26,,-25.85%,,,147,,,,,historical-total-revenue,false,North
"Pacific mall, Jasola (02/0011)",2026-09-10,,79770.65,140,569.79,,28.44%,,,109,,,,,historical-total-revenue,false,North
"Pacific mall, Jasola (02/0011)",2026-09-11,,81904.33,132,620.49,,0.00%,,,132,,,,,historical-total-revenue,false,North
"Pacific mall, Jasola (02/0011)",2026-09-12,,123318.32,212,581.69,,60.61%,,,132,,,,,historical-total-revenue,false,North
"Pacific mall, Jasola (02/0011)",2026-09-13,,147758.67,226,653.80,,6.60%,,,212,,,,,historical-total-revenue,false,North
"Pacific mall, Jasola (02/0011)",2026-09-14,,79732.34,127,627.81,,0.00%,,,127,,,,,historical-total-revenue,false,North
"Pacific mall, Jasola (02/0011)",2026-09-15,,83395.99,148,563.49,,,,,,,,,,historical-total-revenue,false,North
"Pacific mall, Jasola (02/0011)",2026-09-16,,51419.23,106,485.09,,,,,,,,,,historical-total-revenue,false,North
"Pacific mall, Jasola (02/0011)",2026-09-17,,50891.35,94,541.40,,,,,,,,,,historical-total-revenue,false,North
"Pacific mall, Jasola (02/0011)",2026-09-18,,61577.34,111,554.75,,18.09%,,,94,,,,,historical-total-revenue,false,North
"Pacific mall, Jasola (02/0011)",2026-09-19,,116386.28,194,599.93,,74.77%,,,111,,,,,historical-total-revenue,false,North
"Pacific mall, Jasola (02/0011)",2026-09-20,,122482.37,195,628.11,,,,,,,,,,historical-total-revenue,false,North
"Pacific mall, Jasola (02/0011)",2026-09-21,,59851.53,117,511.55,,,,,,,,,,historical-total-revenue,false,North
"Pacific mall, Jasola (02/0011)",2026-09-22,,70918.39,126,562.84,,0.00%,,,126,,,,,historical-total-revenue,false,North
"Pacific mall, Jasola (02/0011)",2026-09-23,,65053.03,110,591.39,,,,,,,,,,historical-total-revenue,false,North
"Pacific mall, Jasola (02/0011)",2026-09-24,,60966.72,114,534.80,,3.64%,,,110,,,,,historical-total-revenue,false,North
"Pacific mall, Jasola (02/0011)",2026-09-25,,67716.16,114,594.00,,,,,,,,,,historical-total-revenue,false,North
"Pacific mall, Jasola (02/0011)",2026-09-26,,111202.72,172,646.53,,0.00%,,,172,,,,,historical-total-revenue,false,North
"Pacific mall, Jasola (02/0011)",2026-09-27,,120879.92,197,613.60,,14.53%,,,172,,,,,historical-total-revenue,false,North
"Pacific mall, Jasola (02/0011)",2026-09-28,,52809.41,108,488.98,,,,,,,,,,historical-total-revenue,false,North
"Pacific mall, Jasola (02/0011)",2026-09-29,,80338.04,136,590.72,,0.00%,,,136,,,,,historical-total-revenue,false,North
"Pacific mall, Jasola (02/0011)",2026-09-30,,62192.89,103,603.81,,0.00%,,,103,,,,,historical-total-revenue,false,North
"Pacific mall, Jasola (02/0011)",2026-10-01,,73771.04,127,580.87,,,,,,,,,,historical-total-revenue,false,North
"Pacific mall, Jasola (02/0011)",2026-10-02,,151856.95,225,674.92,,77.17%,,,127,,,,,historical-total-revenue,false,North
Model Town (02/0013),2026-09-04,,82579.29,171,482.92,,56.88%,,,109,,,,,historical-total-revenue,false,North
Model Town (02/0013),2026-09-05,,83471.48,143,583.72,,0.00%,,,143,,,,,historical-total-revenue,false,North
Model Town (02/0013),2026-09-06,,95985.11,164,585.28,,14.69%,,,143,,,,,historical-total-revenue,false,North
Model Town (02/0013),2026-09-07,,53211.17,96,554.28,,-41.46%,,,164,,,,,historical-total-revenue,false,North
Model Town (02/0013),2026-09-08,,54356.30,109,498.68,,13.54%,,,96,,,,,historical-total-revenue,false,North
Model Town (02/0013),2026-09-09,,49196.95,89,552.77,,-18.35%,,,109,,,,,historical-total-revenue,false,North
Model Town (02/0013),2026-09-10,,82017.46,142,577.59,,59.55%,,,89,,,,,historical-total-revenue,false,North
Model Town (02/0013),2026-09-11,,55785.49,110,507.14,,0.00%,,,110,,,,,historical-total-revenue,false,North
Model Town (02/0013),2026-09-12,,83539.16,153,546.01,,39.09%,,,110,,,,,historical-total-revenue,false,North
Model Town (02/0013),2026-09-13,,99324.72,175,567.57,,14.38%,,,153,,,,,historical-total-revenue,false,North
Model Town (02/0013),2026-09-14,,57322.79,116,494.16,,0.00%,,,116,,,,,historical-total-revenue,false,North
Model Town (02/0013),2026-09-15,,52623.08,101,521.02,,,,,,,,,,historical-total-revenue,false,North
Model Town (02/0013),2026-09-16,,54464.11,109,499.67,,,,,,,,,,historical-total-revenue,false,North
Model Town (02/0013),2026-09-17,,53678.79,113,475.03,,,,,,,,,,historical-total-revenue,false,North
Model Town (02/0013),2026-09-18,,64625.58,115,561.96,,1.77%,,,113,,,,,historical-total-revenue,false,North
Model Town (02/0013),2026-09-19,,77462.76,143,541.70,,24.35%,,,115,,,,,historical-total-revenue,false,North
Model Town (02/0013),2026-09-20,,109836.88,165,665.68,,,,,,,,,,historical-total-revenue,false,North
Model Town (02/0013),2026-09-21,,60092.66,120,500.77,,,,,,,,,,historical-total-revenue,false,North
Model Town (02/0013),2026-09-22,,67568.34,120,563.07,,0.00%,,,120,,,,,historical-total-revenue,false,North
Model Town (02/0013),2026-09-23,,58371.89,118,494.68,,,,,,,,,,historical-total-revenue,false,North
Model Town (02/0013),2026-09-24,,54138.79,111,487.74,,-5.93%,,,118,,,,,historical-total-revenue,false,North
Model Town (02/0013),2026-09-25,,68942.50,127,542.85,,,,,,,,,,historical-total-revenue,false,North
Model Town (02/0013),2026-09-26,,83951.32,148,567.24,,0.00%,,,148,,,,,historical-total-revenue,false,North
Model Town (02/0013),2026-09-27,,96588.50,165,585.38,,11.49%,,,148,,,,,historical-total-revenue,false,North
Model Town (02/0013),2026-09-28,,54330.38,101,537.92,,,,,,,,,,historical-total-revenue,false,North
Model Town (02/0013),2026-09-29,,65191.84,128,509.31,,0.00%,,,128,,,,,historical-total-revenue,false,North
Model Town (02/0013),2026-09-30,,73572.44,130,565.94,,0.00%,,,130,,,,,historical-total-revenue,false,North
Model Town (02/0013),2026-10-01,,56325.74,91,618.96,,,,,,,,,,historical-total-revenue,false,North
Model Town (02/0013),2026-10-02,,111672.15,148,754.54,,62.64%,,,91,,,,,historical-total-revenue,false,North
Rohini Sec-7 (02/0008),2026-09-04,,83387.43,188,443.55,,12.57%,,,167,,,,,historical-total-revenue,false,North
Rohini Sec-7 (02/0008),2026-09-05,,112690.72,235,479.53,,0.00%,,,235,,,,,historical-total-revenue,false,North
Rohini Sec-7 (02/0008),2026-09-06,,131873.97,236,558.79,,0.43%,,,235,,,,,historical-total-revenue,false,North
Rohini Sec-7 (02/0008),2026-09-07,,60866.61,125,486.93,,-47.03%,,,236,,,,,historical-total-revenue,false,North
Rohini Sec-7 (02/0008),2026-09-08,,69995.92,143,489.48,,14.40%,,,125,,,,,historical-total-revenue,false,North
Rohini Sec-7 (02/0008),2026-09-09,,66594.50,125,532.76,,-12.59%,,,143,,,,,historical-total-revenue,false,North
Rohini Sec-7 (02/0008),2026-09-10,,55917.14,116,482.04,,-7.20%,,,125,,,,,historical-total-revenue,false,North
Rohini Sec-7 (02/0008),2026-09-11,,82448.12,160,515.30,,0.00%,,,160,,,,,historical-total-revenue,false,North
Rohini Sec-7 (02/0008),2026-09-12,,89387.32,158,565.74,,-1.25%,,,160,,,,,historical-total-revenue,false,North
Rohini Sec-7 (02/0008),2026-09-13,,110204.86,212,519.83,,34.18%,,,158,,,,,historical-total-revenue,false,North
Rohini Sec-7 (02/0008),2026-09-14,,74025.98,150,493.51,,0.00%,,,150,,,,,historical-total-revenue,false,North
Rohini Sec-7 (02/0008),2026-09-15,,68863.69,149,462.17,,,,,,,,,,historical-total-revenue,false,North
Rohini Sec-7 (02/0008),2026-09-16,,62289.62,132,471.89,,,,,,,,,,historical-total-revenue,false,North
Rohini Sec-7 (02/0008),2026-09-17,,65243.28,150,434.96,,,,,,,,,,historical-total-revenue,false,North
Rohini Sec-7 (02/0008),2026-09-18,,68954.00,154,447.75,,2.67%,,,150,,,,,historical-total-revenue,false,North
Rohini Sec-7 (02/0008),2026-09-19,,107146.37,202,530.43,,31.17%,,,154,,,,,historical-total-revenue,false,North
Rohini Sec-7 (02/0008),2026-09-20,,129100.43,241,535.69,,,,,,,,,,historical-total-revenue,false,North
Rohini Sec-7 (02/0008),2026-09-21,,83940.03,123,682.44,,,,,,,,,,historical-total-revenue,false,North
Rohini Sec-7 (02/0008),2026-09-22,,72706.68,147,494.60,,0.00%,,,147,,,,,historical-total-revenue,false,North
Rohini Sec-7 (02/0008),2026-09-23,,65512.09,126,519.94,,,,,,,,,,historical-total-revenue,false,North
Rohini Sec-7 (02/0008),2026-09-24,,74183.64,147,504.65,,16.67%,,,126,,,,,historical-total-revenue,false,North
Rohini Sec-7 (02/0008),2026-09-25,,77751.01,150,518.34,,,,,,,,,,historical-total-revenue,false,North
Rohini Sec-7 (02/0008),2026-09-26,,98317.07,174,565.04,,0.00%,,,174,,,,,historical-total-revenue,false,North
Rohini Sec-7 (02/0008),2026-09-27,,125580.79,222,565.68,,27.59%,,,174,,,,,historical-total-revenue,false,North
Rohini Sec-7 (02/0008),2026-09-28,,54902.05,123,446.36,,,,,,,,,,historical-total-revenue,false,North
Rohini Sec-7 (02/0008),2026-09-29,,71408.96,132,540.98,,0.00%,,,132,,,,,historical-total-revenue,false,North
Rohini Sec-7 (02/0008),2026-09-30,,69509.96,131,530.61,,0.00%,,,131,,,,,historical-total-revenue,false,North
Rohini Sec-7 (02/0008),2026-10-01,,77278.22,129,599.06,,,,,,,,,,historical-total-revenue,false,North
Rohini Sec-7 (02/0008),2026-10-02,,107887.27,172,627.25,,33.33%,,,129,,,,,historical-total-revenue,false,North
Sec 18 Noida (02/0001),2026-09-04,,55032.74,144,382.17,,-2.04%,,,147,,,,,historical-total-revenue,false,North
Sec 18 Noida (02/0001),2026-09-05,,89405.82,187,478.11,,0.00%,,,187,,,,,historical-total-revenue,false,North
Sec 18 Noida (02/0001),2026-09-06,,81487.34,150,543.25,,-19.79%,,,187,,,,,historical-total-revenue,false,North
Sec 18 Noida (02/0001),2026-09-07,,62365.07,144,433.09,,-4.00%,,,150,,,,,historical-total-revenue,false,North
Sec 18 Noida (02/0001),2026-09-08,,52660.09,134,392.99,,-6.94%,,,144,,,,,historical-total-revenue,false,North
Sec 18 Noida (02/0001),2026-09-09,,46695.05,107,436.40,,-20.15%,,,134,,,,,historical-total-revenue,false,North
Sec 18 Noida (02/0001),2026-09-10,,47978.28,122,393.26,,14.02%,,,107,,,,,historical-total-revenue,false,North
Sec 18 Noida (02/0001),2026-09-11,,53825.29,139,387.23,,0.00%,,,139,,,,,historical-total-revenue,false,North
Sec 18 Noida (02/0001),2026-09-12,,108440.60,200,542.20,,43.88%,,,139,,,,,historical-total-revenue,false,North
Sec 18 Noida (02/0001),2026-09-13,,95920.40,189,507.52,,-5.50%,,,200,,,,,historical-total-revenue,false,North
Sec 18 Noida (02/0001),2026-09-14,,60590.07,147,412.18,,0.00%,,,147,,,,,historical-total-revenue,false,North
Sec 18 Noida (02/0001),2026-09-15,,53442.08,138,387.26,,,,,,,,,,historical-total-revenue,false,North
Sec 18 Noida (02/0001),2026-09-16,,49722.24,128,388.45,,,,,,,,,,historical-total-revenue,false,North
Sec 18 Noida (02/0001),2026-09-17,,60765.22,155,392.03,,,,,,,,,,historical-total-revenue,false,North
Sec 18 Noida (02/0001),2026-09-18,,52496.47,138,380.41,,-10.97%,,,155,,,,,historical-total-revenue,false,North
Sec 18 Noida (02/0001),2026-09-19,,87389.50,177,493.73,,28.26%,,,138,,,,,historical-total-revenue,false,North
Sec 18 Noida (02/0001),2026-09-20,,83485.05,172,485.38,,,,,,,,,,historical-total-revenue,false,North
Sec 18 Noida (02/0001),2026-09-21,,48790.60,124,393.47,,,,,,,,,,historical-total-revenue,false,North
Sec 18 Noida (02/0001),2026-09-22,,58682.87,122,481.01,,0.00%,,,122,,,,,historical-total-revenue,false,North
Sec 18 Noida (02/0001),2026-09-23,,62243.36,140,444.60,,,,,,,,,,historical-total-revenue,false,North
Sec 18 Noida (02/0001),2026-09-24,,58863.18,144,408.77,,2.86%,,,140,,,,,historical-total-revenue,false,North
Sec 18 Noida (02/0001),2026-09-25,,59778.95,144,415.13,,,,,,,,,,historical-total-revenue,false,North
Sec 18 Noida (02/0001),2026-09-26,,89458.14,172,520.11,,0.00%,,,172,,,,,historical-total-revenue,false,North
Sec 18 Noida (02/0001),2026-09-27,,100548.30,179,561.72,,4.07%,,,172,,,,,historical-total-revenue,false,North
Sec 18 Noida (02/0001),2026-09-28,,48381.36,113,428.15,,,,,,,,,,historical-total-revenue,false,North
Sec 18 Noida (02/0001),2026-09-29,,51980.93,130,399.85,,0.00%,,,130,,,,,historical-total-revenue,false,North
Sec 18 Noida (02/0001),2026-09-30,,56177.92,112,501.59,,0.00%,,,112,,,,,historical-total-revenue,false,North
Sec 18 Noida (02/0001),2026-10-01,,65551.99,131,500.40,,,,,,,,,,historical-total-revenue,false,North
Sec 18 Noida (02/0001),2026-10-02,,89422.42,146,612.48,,11.45%,,,131,,,,,historical-total-revenue,false,North
Paschim Vihar (02/0003),2026-09-04,,42854.46,81,529.07,,20.90%,,,67,,,,,historical-total-revenue,false,North
Paschim Vihar (02/0003),2026-09-05,,51692.79,114,453.45,,0.00%,,,114,,,,,historical-total-revenue,false,North
Paschim Vihar (02/0003),2026-09-06,,62969.78,117,538.20,,2.63%,,,114,,,,,historical-total-revenue,false,North
Paschim Vihar (02/0003),2026-09-07,,31105.63,75,414.74,,-35.90%,,,117,,,,,historical-total-revenue,false,North
Paschim Vihar (02/0003),2026-09-08,,37691.12,65,579.86,,-13.33%,,,75,,,,,historical-total-revenue,false,North
Paschim Vihar (02/0003),2026-09-09,,29220.60,64,456.57,,-1.54%,,,65,,,,,historical-total-revenue,false,North
Paschim Vihar (02/0003),2026-09-10,,35222.54,77,457.44,,20.31%,,,64,,,,,historical-total-revenue,false,North
Paschim Vihar (02/0003),2026-09-11,,50275.15,97,518.30,,0.00%,,,97,,,,,historical-total-revenue,false,North
Paschim Vihar (02/0003),2026-09-12,,53222.02,101,526.95,,4.12%,,,97,,,,,historical-total-revenue,false,North
Paschim Vihar (02/0003),2026-09-13,,71529.15,130,550.22,,28.71%,,,101,,,,,historical-total-revenue,false,North
Paschim Vihar (02/0003),2026-09-14,,30492.34,65,469.11,,0.00%,,,65,,,,,historical-total-revenue,false,North
Paschim Vihar (02/0003),2026-09-15,,29729.68,69,430.86,,,,,,,,,,historical-total-revenue,false,North
Paschim Vihar (02/0003),2026-09-16,,30335.97,75,404.48,,,,,,,,,,historical-total-revenue,false,North
Paschim Vihar (02/0003),2026-09-17,,34284.53,89,385.22,,,,,,,,,,historical-total-revenue,false,North
Paschim Vihar (02/0003),2026-09-18,,38768.69,81,478.63,,-8.99%,,,89,,,,,historical-total-revenue,false,North
Paschim Vihar (02/0003),2026-09-19,,57831.19,90,642.57,,11.11%,,,81,,,,,historical-total-revenue,false,North
Paschim Vihar (02/0003),2026-09-20,,61084.61,127,480.98,,,,,,,,,,historical-total-revenue,false,North
Paschim Vihar (02/0003),2026-09-21,,34046.09,69,493.42,,,,,,,,,,historical-total-revenue,false,North
Paschim Vihar (02/0003),2026-09-22,,30887.07,66,467.99,,0.00%,,,66,,,,,historical-total-revenue,false,North
Paschim Vihar (02/0003),2026-09-23,,32825.99,80,410.32,,,,,,,,,,historical-total-revenue,false,North
Paschim Vihar (02/0003),2026-09-24,,38897.76,79,492.38,,-1.25%,,,80,,,,,historical-total-revenue,false,North
Paschim Vihar (02/0003),2026-09-25,,32042.44,64,500.66,,,,,,,,,,historical-total-revenue,false,North
Paschim Vihar (02/0003),2026-09-26,,55316.10,94,588.47,,0.00%,,,94,,,,,historical-total-revenue,false,North
Paschim Vihar (02/0003),2026-09-27,,70984.20,132,537.76,,40.43%,,,94,,,,,historical-total-revenue,false,North
Paschim Vihar (02/0003),2026-09-28,,32279.94,73,442.19,,,,,,,,,,historical-total-revenue,false,North
Paschim Vihar (02/0003),2026-09-29,,28243.03,70,403.47,,0.00%,,,70,,,,,historical-total-revenue,false,North
Paschim Vihar (02/0003),2026-09-30,,37665.33,77,489.16,,0.00%,,,77,,,,,historical-total-revenue,false,North
Paschim Vihar (02/0003),2026-10-01,,45757.31,85,538.32,,,,,,,,,,historical-total-revenue,false,North
Paschim Vihar (02/0003),2026-10-02,,78629.53,123,639.26,,44.71%,,,85,,,,,historical-total-revenue,false,North
Gurgaon Sec-15 (02/0010),2026-09-04,,71815.19,120,598.46,,5.26%,,,114,,,,,historical-total-revenue,false,North
Gurgaon Sec-15 (02/0010),2026-09-05,,60212.15,118,510.27,,0.00%,,,118,,,,,historical-total-revenue,false,North
Gurgaon Sec-15 (02/0010),2026-09-06,,86966.29,146,595.66,,23.73%,,,118,,,,,historical-total-revenue,false,North
Gurgaon Sec-15 (02/0010),2026-09-07,,34850.78,73,477.41,,-50.00%,,,146,,,,,historical-total-revenue,false,North
Gurgaon Sec-15 (02/0010),2026-09-08,,43656.50,90,485.07,,23.29%,,,73,,,,,historical-total-revenue,false,North
Gurgaon Sec-15 (02/0010),2026-09-09,,42602.07,94,453.21,,4.44%,,,90,,,,,historical-total-revenue,false,North
Gurgaon Sec-15 (02/0010),2026-09-10,,51731.54,111,466.05,,18.09%,,,94,,,,,historical-total-revenue,false,North
Gurgaon Sec-15 (02/0010),2026-09-11,,59185.59,97,610.16,,0.00%,,,97,,,,,historical-total-revenue,false,North
Gurgaon Sec-15 (02/0010),2026-09-12,,79636.22,143,556.90,,47.42%,,,97,,,,,historical-total-revenue,false,North
Gurgaon Sec-15 (02/0010),2026-09-13,,78613.54,144,545.93,,0.70%,,,143,,,,,historical-total-revenue,false,North
Gurgaon Sec-15 (02/0010),2026-09-14,,46186.38,94,491.34,,0.00%,,,94,,,,,historical-total-revenue,false,North
Gurgaon Sec-15 (02/0010),2026-09-15,,47325.55,102,463.98,,,,,,,,,,historical-total-revenue,false,North
Gurgaon Sec-15 (02/0010),2026-09-16,,39371.21,93,423.35,,,,,,,,,,historical-total-revenue,false,North
Gurgaon Sec-15 (02/0010),2026-09-17,,46594.10,113,412.34,,,,,,,,,,historical-total-revenue,false,North
Gurgaon Sec-15 (02/0010),2026-09-18,,68159.26,123,554.14,,8.85%,,,113,,,,,historical-total-revenue,false,North
Gurgaon Sec-15 (02/0010),2026-09-19,,80627.38,144,559.91,,17.07%,,,123,,,,,historical-total-revenue,false,North
Gurgaon Sec-15 (02/0010),2026-09-20,,89970.76,138,651.96,,,,,,,,,,historical-total-revenue,false,North
Gurgaon Sec-15 (02/0010),2026-09-21,,36711.97,75,489.49,,,,,,,,,,historical-total-revenue,false,North
Gurgaon Sec-15 (02/0010),2026-09-22,,40159.11,96,418.32,,0.00%,,,96,,,,,historical-total-revenue,false,North
Gurgaon Sec-15 (02/0010),2026-09-23,,50953.22,97,525.29,,,,,,,,,,historical-total-revenue,false,North
Gurgaon Sec-15 (02/0010),2026-09-24,,44653.21,105,425.27,,8.25%,,,97,,,,,historical-total-revenue,false,North
Gurgaon Sec-15 (02/0010),2026-09-25,,63816.12,110,580.15,,,,,,,,,,historical-total-revenue,false,North
Gurgaon Sec-15 (02/0010),2026-09-26,,77481.97,147,527.09,,0.00%,,,147,,,,,historical-total-revenue,false,North
Gurgaon Sec-15 (02/0010),2026-09-27,,99836.60,177,564.05,,20.41%,,,147,,,,,historical-total-revenue,false,North
Gurgaon Sec-15 (02/0010),2026-09-28,,51821.53,108,479.83,,,,,,,,,,historical-total-revenue,false,North
Gurgaon Sec-15 (02/0010),2026-09-29,,38980.65,93,419.15,,0.00%,,,93,,,,,historical-total-revenue,false,North
Gurgaon Sec-15 (02/0010),2026-09-30,,63197.18,87,726.40,,0.00%,,,87,,,,,historical-total-revenue,false,North
Gurgaon Sec-15 (02/0010),2026-10-01,,57996.77,115,504.32,,,,,,,,,,historical-total-revenue,false,North
Gurgaon Sec-15 (02/0010),2026-10-02,,73956.92,116,637.56,,0.87%,,,115,,,,,historical-total-revenue,false,North
Kalkaji (02/0004),2026-09-04,,65217.70,160,407.61,,28.00%,,,125,,,,,historical-total-revenue,false,North
Kalkaji (02/0004),2026-09-05,,53666.51,142,377.93,,0.00%,,,142,,,,,historical-total-revenue,false,North
Kalkaji (02/0004),2026-09-06,,78176.72,170,459.86,,19.72%,,,142,,,,,historical-total-revenue,false,North
Kalkaji (02/0004),2026-09-07,,47105.58,112,420.59,,-34.12%,,,170,,,,,historical-total-revenue,false,North
Kalkaji (02/0004),2026-09-08,,63884.39,152,420.29,,35.71%,,,112,,,,,historical-total-revenue,false,North
Kalkaji (02/0004),2026-09-09,,45216.14,111,407.35,,-26.97%,,,152,,,,,historical-total-revenue,false,North
Kalkaji (02/0004),2026-09-10,,58514.90,140,417.96,,26.13%,,,111,,,,,historical-total-revenue,false,North
Kalkaji (02/0004),2026-09-11,,61236.76,140,437.41,,0.00%,,,140,,,,,historical-total-revenue,false,North
Kalkaji (02/0004),2026-09-12,,66031.68,143,461.76,,2.14%,,,140,,,,,historical-total-revenue,false,North
Kalkaji (02/0004),2026-09-13,,88134.74,202,436.31,,41.26%,,,143,,,,,historical-total-revenue,false,North
Kalkaji (02/0004),2026-09-14,,58807.06,137,429.25,,0.00%,,,137,,,,,historical-total-revenue,false,North
Kalkaji (02/0004),2026-09-15,,61128.58,147,415.84,,,,,,,,,,historical-total-revenue,false,North
Kalkaji (02/0004),2026-09-16,,65027.29,158,411.57,,,,,,,,,,historical-total-revenue,false,North
Kalkaji (02/0004),2026-09-17,,60000.15,155,387.10,,,,,,,,,,historical-total-revenue,false,North
Kalkaji (02/0004),2026-09-18,,61929.25,140,442.35,,-9.68%,,,155,,,,,historical-total-revenue,false,North
Kalkaji (02/0004),2026-09-19,,70721.11,142,498.04,,1.43%,,,140,,,,,historical-total-revenue,false,North
Kalkaji (02/0004),2026-09-20,,91270.84,175,521.55,,,,,,,,,,historical-total-revenue,false,North
Kalkaji (02/0004),2026-09-21,,42682.35,120,355.69,,,,,,,,,,historical-total-revenue,false,North
Kalkaji (02/0004),2026-09-22,,50970.99,132,386.14,,0.00%,,,132,,,,,historical-total-revenue,false,North
Kalkaji (02/0004),2026-09-23,,53498.68,135,396.29,,,,,,,,,,historical-total-revenue,false,North
Kalkaji (02/0004),2026-09-24,,53190.87,131,406.04,,-2.96%,,,135,,,,,historical-total-revenue,false,North
Kalkaji (02/0004),2026-09-25,,58050.39,123,471.95,,,,,,,,,,historical-total-revenue,false,North
Kalkaji (02/0004),2026-09-26,,65238.37,155,420.89,,0.00%,,,155,,,,,historical-total-revenue,false,North
Kalkaji (02/0004),2026-09-27,,92719.41,216,429.26,,39.35%,,,155,,,,,historical-total-revenue,false,North
Kalkaji (02/0004),2026-09-28,,51298.22,120,427.49,,,,,,,,,,historical-total-revenue,false,North
Kalkaji (02/0004),2026-09-29,,64487.42,158,408.15,,0.00%,,,158,,,,,historical-total-revenue,false,North
Kalkaji (02/0004),2026-09-30,,52395.10,136,385.26,,0.00%,,,136,,,,,historical-total-revenue,false,North
Kalkaji (02/0004),2026-10-01,,51737.14,118,438.45,,,,,,,,,,historical-total-revenue,false,North
Kalkaji (02/0004),2026-10-02,,62762.33,126,498.11,,6.78%,,,118,,,,,historical-total-revenue,false,North
Shalimar Bagh (02/0015),2026-09-04,,45566.50,88,517.80,,-11.11%,,,99,,,,,historical-total-revenue,false,North
Shalimar Bagh (02/0015),2026-09-05,,56294.53,105,536.14,,0.00%,,,105,,,,,historical-total-revenue,false,North
Shalimar Bagh (02/0015),2026-09-06,,96733.54,129,749.87,,22.86%,,,105,,,,,historical-total-revenue,false,North
Shalimar Bagh (02/0015),2026-09-07,,39206.32,72,544.53,,-44.19%,,,129,,,,,historical-total-revenue,false,North
Shalimar Bagh (02/0015),2026-09-08,,44773.19,88,508.79,,22.22%,,,72,,,,,historical-total-revenue,false,North
Shalimar Bagh (02/0015),2026-09-09,,37381.23,67,557.93,,-23.86%,,,88,,,,,historical-total-revenue,false,North
Shalimar Bagh (02/0015),2026-09-10,,35888.47,77,466.08,,14.93%,,,67,,,,,historical-total-revenue,false,North
Shalimar Bagh (02/0015),2026-09-11,,37758.26,66,572.09,,0.00%,,,66,,,,,historical-total-revenue,false,North
Shalimar Bagh (02/0015),2026-09-12,,60535.92,106,571.09,,60.61%,,,66,,,,,historical-total-revenue,false,North
Shalimar Bagh (02/0015),2026-09-13,,72525.48,125,580.20,,17.92%,,,106,,,,,historical-total-revenue,false,North
Shalimar Bagh (02/0015),2026-09-14,,33844.40,73,463.62,,0.00%,,,73,,,,,historical-total-revenue,false,North
Shalimar Bagh (02/0015),2026-09-15,,40093.24,80,501.17,,,,,,,,,,historical-total-revenue,false,North
Shalimar Bagh (02/0015),2026-09-16,,48437.78,89,544.24,,,,,,,,,,historical-total-revenue,false,North
Shalimar Bagh (02/0015),2026-09-17,,41266.96,76,542.99,,,,,,,,,,historical-total-revenue,false,North
Shalimar Bagh (02/0015),2026-09-18,,53069.28,87,609.99,,14.47%,,,76,,,,,historical-total-revenue,false,North
Shalimar Bagh (02/0015),2026-09-19,,59596.70,91,654.91,,4.60%,,,87,,,,,historical-total-revenue,false,North
Shalimar Bagh (02/0015),2026-09-20,,81602.38,120,680.02,,,,,,,,,,historical-total-revenue,false,North
Shalimar Bagh (02/0015),2026-09-21,,41278.56,87,474.47,,,,,,,,,,historical-total-revenue,false,North
Shalimar Bagh (02/0015),2026-09-22,,41489.17,79,525.18,,0.00%,,,79,,,,,historical-total-revenue,false,North
Shalimar Bagh (02/0015),2026-09-23,,47532.88,83,572.69,,,,,,,,,,historical-total-revenue,false,North
Shalimar Bagh (02/0015),2026-09-24,,44079.16,87,506.66,,4.82%,,,83,,,,,historical-total-revenue,false,North
Shalimar Bagh (02/0015),2026-09-25,,29861.16,63,473.99,,,,,,,,,,historical-total-revenue,false,North
Shalimar Bagh (02/0015),2026-09-26,,87288.10,137,637.14,,0.00%,,,137,,,,,historical-total-revenue,false,North
Shalimar Bagh (02/0015),2026-09-27,,91151.42,145,628.63,,5.84%,,,137,,,,,historical-total-revenue,false,North
Shalimar Bagh (02/0015),2026-09-28,,42329.13,83,509.99,,,,,,,,,,historical-total-revenue,false,North
Shalimar Bagh (02/0015),2026-09-29,,40656.66,86,472.75,,0.00%,,,86,,,,,historical-total-revenue,false,North
Shalimar Bagh (02/0015),2026-09-30,,38160.95,81,471.12,,0.00%,,,81,,,,,historical-total-revenue,false,North
Shalimar Bagh (02/0015),2026-10-01,,34950.47,76,459.87,,,,,,,,,,historical-total-revenue,false,North
Shalimar Bagh (02/0015),2026-10-02,,58707.63,89,659.64,,17.11%,,,76,,,,,historical-total-revenue,false,North
Sec 15 Faridabad (02/0007),2026-09-04,,44554.45,105,424.33,,72.13%,,,61,,,,,historical-total-revenue,false,North
Sec 15 Faridabad (02/0007),2026-09-05,,25997.52,79,329.08,,0.00%,,,79,,,,,historical-total-revenue,false,North
Sec 15 Faridabad (02/0007),2026-09-06,,47435.12,99,479.14,,25.32%,,,79,,,,,historical-total-revenue,false,North
Sec 15 Faridabad (02/0007),2026-09-07,,21634.88,54,400.65,,-45.45%,,,99,,,,,historical-total-revenue,false,North
Sec 15 Faridabad (02/0007),2026-09-08,,27643.30,71,389.34,,31.48%,,,54,,,,,historical-total-revenue,false,North
Sec 15 Faridabad (02/0007),2026-09-09,,21430.60,61,351.32,,-14.08%,,,71,,,,,historical-total-revenue,false,North
Sec 15 Faridabad (02/0007),2026-09-10,,26175.69,60,436.26,,-1.64%,,,61,,,,,historical-total-revenue,false,North
Sec 15 Faridabad (02/0007),2026-09-11,,32556.79,73,445.98,,0.00%,,,73,,,,,historical-total-revenue,false,North
Sec 15 Faridabad (02/0007),2026-09-12,,41600.34,90,462.23,,23.29%,,,73,,,,,historical-total-revenue,false,North
Sec 15 Faridabad (02/0007),2026-09-13,,48592.88,103,471.78,,14.44%,,,90,,,,,historical-total-revenue,false,North
Sec 15 Faridabad (02/0007),2026-09-14,,31748.71,67,473.86,,0.00%,,,67,,,,,historical-total-revenue,false,North
Sec 15 Faridabad (02/0007),2026-09-15,,38257.34,89,429.86,,,,,,,,,,historical-total-revenue,false,North
Sec 15 Faridabad (02/0007),2026-09-16,,28287.96,62,456.26,,,,,,,,,,historical-total-revenue,false,North
Sec 15 Faridabad (02/0007),2026-09-17,,27246.02,76,358.50,,,,,,,,,,historical-total-revenue,false,North
Sec 15 Faridabad (02/0007),2026-09-18,,34183.28,87,392.91,,14.47%,,,76,,,,,historical-total-revenue,false,North
Sec 15 Faridabad (02/0007),2026-09-19,,50403.94,89,566.34,,2.30%,,,87,,,,,historical-total-revenue,false,North
Sec 15 Faridabad (02/0007),2026-09-20,,51810.05,101,512.97,,,,,,,,,,historical-total-revenue,false,North
Sec 15 Faridabad (02/0007),2026-09-21,,21260.43,57,372.99,,,,,,,,,,historical-total-revenue,false,North
Sec 15 Faridabad (02/0007),2026-09-22,,35136.91,79,444.77,,0.00%,,,79,,,,,historical-total-revenue,false,North
Sec 15 Faridabad (02/0007),2026-09-23,,29857.44,73,409.01,,,,,,,,,,historical-total-revenue,false,North
Sec 15 Faridabad (02/0007),2026-09-24,,27338.58,66,414.22,,-9.59%,,,73,,,,,historical-total-revenue,false,North
Sec 15 Faridabad (02/0007),2026-09-25,,21369.50,50,427.39,,,,,,,,,,historical-total-revenue,false,North
Sec 15 Faridabad (02/0007),2026-09-26,,47229.29,87,542.87,,0.00%,,,87,,,,,historical-total-revenue,false,North
Sec 15 Faridabad (02/0007),2026-09-27,,59215.05,112,528.71,,28.74%,,,87,,,,,historical-total-revenue,false,North
Sec 15 Faridabad (02/0007),2026-09-28,,20334.34,52,391.05,,,,,,,,,,historical-total-revenue,false,North
Sec 15 Faridabad (02/0007),2026-09-29,,27546.18,65,423.79,,0.00%,,,65,,,,,historical-total-revenue,false,North
Sec 15 Faridabad (02/0007),2026-09-30,,21097.87,55,383.60,,0.00%,,,55,,,,,historical-total-revenue,false,North
Sec 15 Faridabad (02/0007),2026-10-01,,28346.27,58,488.73,,,,,,,,,,historical-total-revenue,false,North
Sec 15 Faridabad (02/0007),2026-10-02,,46358.30,83,558.53,,43.10%,,,58,,,,,historical-total-revenue,false,North
Sec 31 - Gurgaon (02/0016),2026-09-04,,27554.80,65,423.92,,4.84%,,,62,,,,,historical-total-revenue,false,North
Sec 31 - Gurgaon (02/0016),2026-09-05,,34836.50,57,611.17,,0.00%,,,57,,,,,historical-total-revenue,false,North
Sec 31 - Gurgaon (02/0016),2026-09-06,,47056.38,83,566.94,,45.61%,,,57,,,,,historical-total-revenue,false,North
Sec 31 - Gurgaon (02/0016),2026-09-07,,27953.13,58,481.95,,-30.12%,,,83,,,,,historical-total-revenue,false,North
Sec 31 - Gurgaon (02/0016),2026-09-08,,31038.32,81,383.19,,39.66%,,,58,,,,,historical-total-revenue,false,North
Sec 31 - Gurgaon (02/0016),2026-09-09,,36478.44,60,607.97,,-25.93%,,,81,,,,,historical-total-revenue,false,North
Sec 31 - Gurgaon (02/0016),2026-09-10,,16530.10,40,413.25,,-33.33%,,,60,,,,,historical-total-revenue,false,North
Sec 31 - Gurgaon (02/0016),2026-09-11,,28822.01,62,464.87,,0.00%,,,62,,,,,historical-total-revenue,false,North
Sec 31 - Gurgaon (02/0016),2026-09-12,,52539.17,89,590.33,,43.55%,,,62,,,,,historical-total-revenue,false,North
Sec 31 - Gurgaon (02/0016),2026-09-13,,52941.99,97,545.79,,8.99%,,,89,,,,,historical-total-revenue,false,North
Sec 31 - Gurgaon (02/0016),2026-09-14,,27399.10,63,434.91,,0.00%,,,63,,,,,historical-total-revenue,false,North
Sec 31 - Gurgaon (02/0016),2026-09-15,,25299.38,55,459.99,,,,,,,,,,historical-total-revenue,false,North
Sec 31 - Gurgaon (02/0016),2026-09-16,,27513.56,60,458.56,,,,,,,,,,historical-total-revenue,false,North
Sec 31 - Gurgaon (02/0016),2026-09-17,,36660.85,78,470.01,,,,,,,,,,historical-total-revenue,false,North
Sec 31 - Gurgaon (02/0016),2026-09-18,,39844.51,78,510.83,,0.00%,,,78,,,,,historical-total-revenue,false,North
Sec 31 - Gurgaon (02/0016),2026-09-19,,50758.19,83,611.54,,6.41%,,,78,,,,,historical-total-revenue,false,North
Sec 31 - Gurgaon (02/0016),2026-09-20,,54913.38,113,485.96,,,,,,,,,,historical-total-revenue,false,North
Sec 31 - Gurgaon (02/0016),2026-09-21,,30636.35,75,408.48,,,,,,,,,,historical-total-revenue,false,North
Sec 31 - Gurgaon (02/0016),2026-09-22,,26086.61,63,414.07,,0.00%,,,63,,,,,historical-total-revenue,false,North
Sec 31 - Gurgaon (02/0016),2026-09-23,,29582.37,67,441.53,,,,,,,,,,historical-total-revenue,false,North
Sec 31 - Gurgaon (02/0016),2026-09-24,,29246.09,65,449.94,,-2.99%,,,67,,,,,historical-total-revenue,false,North
Sec 31 - Gurgaon (02/0016),2026-09-25,,28382.34,61,465.28,,,,,,,,,,historical-total-revenue,false,North
Sec 31 - Gurgaon (02/0016),2026-09-26,,61794.03,115,537.34,,0.00%,,,115,,,,,historical-total-revenue,false,North
Sec 31 - Gurgaon (02/0016),2026-09-27,,45746.89,90,508.30,,-21.74%,,,115,,,,,historical-total-revenue,false,North
Sec 31 - Gurgaon (02/0016),2026-09-28,,23682.78,53,446.84,,,,,,,,,,historical-total-revenue,false,North
Sec 31 - Gurgaon (02/0016),2026-09-29,,31296.33,67,467.11,,0.00%,,,67,,,,,historical-total-revenue,false,North
Sec 31 - Gurgaon (02/0016),2026-09-30,,20934.54,50,418.69,,0.00%,,,50,,,,,historical-total-revenue,false,North
Sec 31 - Gurgaon (02/0016),2026-10-01,,34926.79,63,554.39,,,,,,,,,,historical-total-revenue,false,North
Sec 31 - Gurgaon (02/0016),2026-10-02,,42883.47,74,579.51,,17.46%,,,63,,,,,historical-total-revenue,false,North
Gurgaon DLF (02/0009),2026-09-04,,50535.36,151,334.67,,-27.75%,,,209,,,,,historical-total-revenue,false,North
Gurgaon DLF (02/0009),2026-09-05,,40538.00,125,324.30,,0.00%,,,125,,,,,historical-total-revenue,false,North
Gurgaon DLF (02/0009),2026-09-06,,54515.84,135,403.82,,8.00%,,,125,,,,,historical-total-revenue,false,North
Gurgaon DLF (02/0009),2026-09-07,,86715.16,188,461.25,,39.26%,,,135,,,,,historical-total-revenue,false,North
Gurgaon DLF (02/0009),2026-09-08,,87363.88,194,450.33,,3.19%,,,188,,,,,historical-total-revenue,false,North
Gurgaon DLF (02/0009),2026-09-09,,64153.07,170,377.37,,-12.37%,,,194,,,,,historical-total-revenue,false,North
Gurgaon DLF (02/0009),2026-09-10,,71199.91,181,393.37,,6.47%,,,170,,,,,historical-total-revenue,false,North
Gurgaon DLF (02/0009),2026-09-11,,72807.99,184,395.70,,0.00%,,,184,,,,,historical-total-revenue,false,North
Gurgaon DLF (02/0009),2026-09-12,,51617.47,144,358.45,,-21.74%,,,184,,,,,historical-total-revenue,false,North
Gurgaon DLF (02/0009),2026-09-13,,57355.04,165,347.61,,14.58%,,,144,,,,,historical-total-revenue,false,North
Gurgaon DLF (02/0009),2026-09-14,,66200.55,161,411.18,,0.00%,,,161,,,,,historical-total-revenue,false,North
Gurgaon DLF (02/0009),2026-09-15,,73749.57,200,368.75,,,,,,,,,,historical-total-revenue,false,North
Gurgaon DLF (02/0009),2026-09-16,,78692.78,194,405.63,,,,,,,,,,historical-total-revenue,false,North
Gurgaon DLF (02/0009),2026-09-17,,89882.41,240,374.51,,,,,,,,,,historical-total-revenue,false,North
Gurgaon DLF (02/0009),2026-09-18,,80486.17,198,406.50,,-17.50%,,,240,,,,,historical-total-revenue,false,North
Gurgaon DLF (02/0009),2026-09-19,,57447.35,162,354.61,,-18.18%,,,198,,,,,historical-total-revenue,false,North
Gurgaon DLF (02/0009),2026-09-20,,53771.53,149,360.88,,,,,,,,,,historical-total-revenue,false,North
Gurgaon DLF (02/0009),2026-09-21,,53005.59,149,355.74,,,,,,,,,,historical-total-revenue,false,North
Gurgaon DLF (02/0009),2026-09-22,,84762.91,204,415.50,,0.00%,,,204,,,,,historical-total-revenue,false,North
Gurgaon DLF (02/0009),2026-09-23,,77682.82,185,419.91,,,,,,,,,,historical-total-revenue,false,North
Gurgaon DLF (02/0009),2026-09-24,,78174.30,210,372.26,,13.51%,,,185,,,,,historical-total-revenue,false,North
Gurgaon DLF (02/0009),2026-09-25,,64936.66,162,400.84,,,,,,,,,,historical-total-revenue,false,North
Gurgaon DLF (02/0009),2026-09-26,,52054.40,138,377.21,,0.00%,,,138,,,,,historical-total-revenue,false,North
Gurgaon DLF (02/0009),2026-09-27,,55789.38,143,390.14,,3.62%,,,138,,,,,historical-total-revenue,false,North
Gurgaon DLF (02/0009),2026-09-28,,60417.66,164,368.40,,,,,,,,,,historical-total-revenue,false,North
Gurgaon DLF (02/0009),2026-09-29,,75016.52,193,388.69,,0.00%,,,193,,,,,historical-total-revenue,false,North
Gurgaon DLF (02/0009),2026-09-30,,80763.51,181,446.21,,0.00%,,,181,,,,,historical-total-revenue,false,North
Gurgaon DLF (02/0009),2026-10-01,,71076.28,154,461.53,,,,,,,,,,historical-total-revenue,false,North
Gurgaon DLF (02/0009),2026-10-02,,47577.97,88,540.66,,-42.86%,,,154,,,,,historical-total-revenue,false,North
Sec 143 Noida (02/0006),2026-09-04,,40203.86,85,472.99,,16.44%,,,73,,,,,historical-total-revenue,false,North
Sec 143 Noida (02/0006),2026-09-05,,40696.40,98,415.27,,0.00%,,,98,,,,,historical-total-revenue,false,North
Sec 143 Noida (02/0006),2026-09-06,,49287.59,87,566.52,,-11.22%,,,98,,,,,historical-total-revenue,false,North
Sec 143 Noida (02/0006),2026-09-07,,30994.92,50,619.90,,-42.53%,,,87,,,,,historical-total-revenue,false,North
Sec 143 Noida (02/0006),2026-09-08,,31566.43,71,444.60,,42.00%,,,50,,,,,historical-total-revenue,false,North
Sec 143 Noida (02/0006),2026-09-09,,31147.84,76,409.84,,7.04%,,,71,,,,,historical-total-revenue,false,North
Sec 143 Noida (02/0006),2026-09-10,,30524.33,69,442.38,,-9.21%,,,76,,,,,historical-total-revenue,false,North
Sec 143 Noida (02/0006),2026-09-11,,34948.05,81,431.46,,0.00%,,,81,,,,,historical-total-revenue,false,North
Sec 143 Noida (02/0006),2026-09-12,,52038.29,99,525.64,,22.22%,,,81,,,,,historical-total-revenue,false,North
Sec 143 Noida (02/0006),2026-09-13,,60199.95,143,420.98,,44.44%,,,99,,,,,historical-total-revenue,false,North
Sec 143 Noida (02/0006),2026-09-14,,29508.02,76,388.26,,0.00%,,,76,,,,,historical-total-revenue,false,North
Sec 143 Noida (02/0006),2026-09-15,,26448.61,68,388.95,,,,,,,,,,historical-total-revenue,false,North
Sec 143 Noida (02/0006),2026-09-16,,19066.11,53,359.74,,,,,,,,,,historical-total-revenue,false,North
Sec 143 Noida (02/0006),2026-09-17,,35861.69,83,432.07,,,,,,,,,,historical-total-revenue,false,North
Sec 143 Noida (02/0006),2026-09-18,,31396.73,87,360.88,,4.82%,,,83,,,,,historical-total-revenue,false,North
Sec 143 Noida (02/0006),2026-09-19,,58711.56,114,515.01,,31.03%,,,87,,,,,historical-total-revenue,false,North
Sec 143 Noida (02/0006),2026-09-20,,45357.23,92,493.01,,,,,,,,,,historical-total-revenue,false,North
Sec 143 Noida (02/0006),2026-09-21,,23547.37,70,336.39,,,,,,,,,,historical-total-revenue,false,North
Sec 143 Noida (02/0006),2026-09-22,,27513.87,58,474.38,,0.00%,,,58,,,,,historical-total-revenue,false,North
Sec 143 Noida (02/0006),2026-09-23,,24967.74,56,445.85,,,,,,,,,,historical-total-revenue,false,North
Sec 143 Noida (02/0006),2026-09-24,,33939.87,75,452.53,,33.93%,,,56,,,,,historical-total-revenue,false,North
Sec 143 Noida (02/0006),2026-09-25,,48987.94,99,494.83,,,,,,,,,,historical-total-revenue,false,North
Sec 143 Noida (02/0006),2026-09-26,,50373.86,85,592.63,,0.00%,,,85,,,,,historical-total-revenue,false,North
Sec 143 Noida (02/0006),2026-09-27,,62084.82,105,591.28,,23.53%,,,85,,,,,historical-total-revenue,false,North
Sec 143 Noida (02/0006),2026-09-28,,21290.71,58,367.08,,,,,,,,,,historical-total-revenue,false,North
Sec 143 Noida (02/0006),2026-09-29,,30284.73,69,438.91,,0.00%,,,69,,,,,historical-total-revenue,false,North
Sec 143 Noida (02/0006),2026-09-30,,34697.61,79,439.21,,0.00%,,,79,,,,,historical-total-revenue,false,North
Sec 143 Noida (02/0006),2026-10-01,,25089.59,54,464.62,,,,,,,,,,historical-total-revenue,false,North
Sec 143 Noida (02/0006),2026-10-02,,40971.24,78,525.27,,44.44%,,,54,,,,,historical-total-revenue,false,North
Gurgaon Sec 10 (02/0014),2026-09-04,,20408.00,43,474.60,,-8.51%,,,47,,,,,historical-total-revenue,false,North
Gurgaon Sec 10 (02/0014),2026-09-05,,16556.05,39,424.51,,0.00%,,,39,,,,,historical-total-revenue,false,North
Gurgaon Sec 10 (02/0014),2026-09-06,,25811.77,59,437.49,,51.28%,,,39,,,,,historical-total-revenue,false,North
Gurgaon Sec 10 (02/0014),2026-09-07,,14099.64,40,352.49,,-32.20%,,,59,,,,,historical-total-revenue,false,North
Gurgaon Sec 10 (02/0014),2026-09-08,,24462.57,58,421.77,,45.00%,,,40,,,,,historical-total-revenue,false,North
Gurgaon Sec 10 (02/0014),2026-09-09,,23739.52,58,409.30,,0.00%,,,58,,,,,historical-total-revenue,false,North
Gurgaon Sec 10 (02/0014),2026-09-10,,16793.62,50,335.87,,-13.79%,,,58,,,,,historical-total-revenue,false,North
Gurgaon Sec 10 (02/0014),2026-09-11,,19271.63,48,401.49,,0.00%,,,48,,,,,historical-total-revenue,false,North
Gurgaon Sec 10 (02/0014),2026-09-12,,32368.68,80,404.61,,66.67%,,,48,,,,,historical-total-revenue,false,North
Gurgaon Sec 10 (02/0014),2026-09-13,,33616.43,82,409.96,,2.50%,,,80,,,,,historical-total-revenue,false,North
Gurgaon Sec 10 (02/0014),2026-09-14,,21670.31,55,394.01,,0.00%,,,55,,,,,historical-total-revenue,false,North
Gurgaon Sec 10 (02/0014),2026-09-15,,21317.46,48,444.11,,,,,,,,,,historical-total-revenue,false,North
Gurgaon Sec 10 (02/0014),2026-09-16,,8899.72,35,254.28,,,,,,,,,,historical-total-revenue,false,North
Gurgaon Sec 10 (02/0014),2026-09-17,,19904.64,53,375.56,,,,,,,,,,historical-total-revenue,false,North
Gurgaon Sec 10 (02/0014),2026-09-18,,21229.63,62,342.41,,16.98%,,,53,,,,,historical-total-revenue,false,North
Gurgaon Sec 10 (02/0014),2026-09-19,,32533.96,58,560.93,,-6.45%,,,62,,,,,historical-total-revenue,false,North
Gurgaon Sec 10 (02/0014),2026-09-20,,32501.51,71,457.77,,,,,,,,,,historical-total-revenue,false,North
Gurgaon Sec 10 (02/0014),2026-09-21,,18107.22,48,377.23,,,,,,,,,,historical-total-revenue,false,North
Gurgaon Sec 10 (02/0014),2026-09-22,,15814.85,41,385.73,,0.00%,,,41,,,,,historical-total-revenue,false,North
Gurgaon Sec 10 (02/0014),2026-09-23,,12408.71,36,344.69,,,,,,,,,,historical-total-revenue,false,North
Gurgaon Sec 10 (02/0014),2026-09-24,,14969.95,36,415.83,,0.00%,,,36,,,,,historical-total-revenue,false,North
Gurgaon Sec 10 (02/0014),2026-09-25,,23644.08,51,463.61,,,,,,,,,,historical-total-revenue,false,North
Gurgaon Sec 10 (02/0014),2026-09-26,,24534.95,58,423.02,,0.00%,,,58,,,,,historical-total-revenue,false,North
Gurgaon Sec 10 (02/0014),2026-09-27,,32886.42,63,522.01,,8.62%,,,58,,,,,historical-total-revenue,false,North
Gurgaon Sec 10 (02/0014),2026-09-28,,10162.27,31,327.82,,,,,,,,,,historical-total-revenue,false,North
Gurgaon Sec 10 (02/0014),2026-09-29,,21728.06,54,402.37,,0.00%,,,54,,,,,historical-total-revenue,false,North
Gurgaon Sec 10 (02/0014),2026-09-30,,22139.29,60,368.99,,0.00%,,,60,,,,,historical-total-revenue,false,North
Gurgaon Sec 10 (02/0014),2026-10-01,,22046.13,48,459.29,,,,,,,,,,historical-total-revenue,false,North
Gurgaon Sec 10 (02/0014),2026-10-02,,24990.64,50,499.81,,4.17%,,,48,,,,,historical-total-revenue,false,North
Dosa Coffee - Salt Lake Sec-1 (0009),2026-09-04,,70631.00,161,438.70,,24.81%,,,129,,,,,historical-total-revenue,false,East
Dosa Coffee - Salt Lake Sec-1 (0009),2026-09-05,,102228.30,176,580.84,,0.00%,,,176,,,,,historical-total-revenue,false,East
Dosa Coffee - Salt Lake Sec-1 (0009),2026-09-06,,132220.21,190,695.90,,7.95%,,,176,,,,,historical-total-revenue,false,East
Dosa Coffee - Salt Lake Sec-1 (0009),2026-09-07,,59905.11,122,491.03,,0.00%,,,122,,,,,historical-total-revenue,false,East
Dosa Coffee - Salt Lake Sec-1 (0009),2026-09-08,,68448.94,136,503.30,,0.00%,,,136,,,,,historical-total-revenue,false,East
Dosa Coffee - Salt Lake Sec-1 (0009),2026-09-09,,72651.26,141,515.26,,3.68%,,,136,,,,,historical-total-revenue,false,East
Dosa Coffee - Salt Lake Sec-1 (0009),2026-09-10,,73904.08,138,535.54,,-2.13%,,,141,,,,,historical-total-revenue,false,East
Dosa Coffee - Salt Lake Sec-1 (0009),2026-09-11,,84128.97,132,637.34,,-4.35%,,,138,,,,,historical-total-revenue,false,East
Dosa Coffee - Salt Lake Sec-1 (0009),2026-09-12,,108471.15,187,580.06,,0.00%,,,187,,,,,historical-total-revenue,false,East
Dosa Coffee - Salt Lake Sec-1 (0009),2026-09-13,,136044.19,207,657.22,,10.70%,,,187,,,,,historical-total-revenue,false,East
Dosa Coffee - Salt Lake Sec-1 (0009),2026-09-14,,71302.90,141,505.69,,-31.88%,,,207,,,,,historical-total-revenue,false,East
Dosa Coffee - Salt Lake Sec-1 (0009),2026-09-15,,92983.96,153,607.74,,0.00%,,,153,,,,,historical-total-revenue,false,East
Dosa Coffee - Salt Lake Sec-1 (0009),2026-09-16,,59880.78,117,511.80,,,,,,,,,,historical-total-revenue,false,East
Dosa Coffee - Salt Lake Sec-1 (0009),2026-09-17,,65405.38,139,470.54,,0.00%,,,139,,,,,historical-total-revenue,false,East
Dosa Coffee - Salt Lake Sec-1 (0009),2026-09-18,,88189.99,160,551.19,,0.00%,,,160,,,,,historical-total-revenue,false,East
Dosa Coffee - Salt Lake Sec-1 (0009),2026-09-19,,121933.05,198,615.82,,0.00%,,,198,,,,,historical-total-revenue,false,East
Dosa Coffee - Salt Lake Sec-1 (0009),2026-09-20,,142948.53,207,690.57,,,,,,,,,,historical-total-revenue,false,East
Dosa Coffee - Salt Lake Sec-1 (0009),2026-09-21,,80259.91,134,598.95,,0.00%,,,134,,,,,historical-total-revenue,false,East
Dosa Coffee - Salt Lake Sec-1 (0009),2026-09-22,,68765.58,131,524.93,,0.00%,,,131,,,,,historical-total-revenue,false,East
Dosa Coffee - Salt Lake Sec-1 (0009),2026-09-23,,54623.36,113,483.39,,0.00%,,,113,,,,,historical-total-revenue,false,East
Dosa Coffee - Salt Lake Sec-1 (0009),2026-09-24,,80493.00,148,543.87,,30.97%,,,113,,,,,historical-total-revenue,false,East
Dosa Coffee - Salt Lake Sec-1 (0009),2026-09-25,,57996.77,138,420.27,,-6.76%,,,148,,,,,historical-total-revenue,false,East
Dosa Coffee - Salt Lake Sec-1 (0009),2026-09-26,,111874.59,185,604.73,,34.06%,,,138,,,,,historical-total-revenue,false,East
Dosa Coffee - Salt Lake Sec-1 (0009),2026-09-27,,174376.76,237,735.77,,28.11%,,,185,,,,,historical-total-revenue,false,East
Dosa Coffee - Salt Lake Sec-1 (0009),2026-09-28,,68176.91,141,483.52,,0.00%,,,141,,,,,historical-total-revenue,false,East
Dosa Coffee - Salt Lake Sec-1 (0009),2026-09-29,,74882.12,141,531.08,,0.00%,,,141,,,,,historical-total-revenue,false,East
Dosa Coffee - Salt Lake Sec-1 (0009),2026-09-30,,73011.52,138,529.07,,-2.13%,,,141,,,,,historical-total-revenue,false,East
Dosa Coffee - Salt Lake Sec-1 (0009),2026-10-01,,59891.30,114,525.36,,,,,,,,,,historical-total-revenue,false,East
Dosa Coffee - Salt Lake Sec-1 (0009),2026-10-02,,142366.15,212,671.54,,0.00%,,,212,,,,,historical-total-revenue,false,East
Dosa Coffee - Ideal Plaza (01/0001),2026-09-04,,133990.04,325,412.28,,34.30%,,,242,,,,,historical-total-revenue,false,East
Dosa Coffee - Ideal Plaza (01/0001),2026-09-05,,146438.07,299,489.76,,0.00%,,,299,,,,,historical-total-revenue,false,East
Dosa Coffee - Ideal Plaza (01/0001),2026-09-06,,183418.33,352,521.07,,17.73%,,,299,,,,,historical-total-revenue,false,East
Dosa Coffee - Ideal Plaza (01/0001),2026-09-07,,92769.25,211,439.66,,0.00%,,,211,,,,,historical-total-revenue,false,East
Dosa Coffee - Ideal Plaza (01/0001),2026-09-08,,99953.44,224,446.22,,0.00%,,,224,,,,,historical-total-revenue,false,East
Dosa Coffee - Ideal Plaza (01/0001),2026-09-09,,88280.68,228,387.20,,1.79%,,,224,,,,,historical-total-revenue,false,East
Dosa Coffee - Ideal Plaza (01/0001),2026-09-10,,98342.14,227,433.23,,-0.44%,,,228,,,,,historical-total-revenue,false,East
Dosa Coffee - Ideal Plaza (01/0001),2026-09-11,,83055.60,183,453.86,,-19.38%,,,227,,,,,historical-total-revenue,false,East
Dosa Coffee - Ideal Plaza (01/0001),2026-09-12,,122396.69,241,507.87,,0.00%,,,241,,,,,historical-total-revenue,false,East
Dosa Coffee - Ideal Plaza (01/0001),2026-09-13,,154641.79,303,510.37,,25.73%,,,241,,,,,historical-total-revenue,false,East
Dosa Coffee - Ideal Plaza (01/0001),2026-09-14,,98417.74,215,457.76,,-29.04%,,,303,,,,,historical-total-revenue,false,East
Dosa Coffee - Ideal Plaza (01/0001),2026-09-15,,104202.38,242,430.59,,0.00%,,,242,,,,,historical-total-revenue,false,East
Dosa Coffee - Ideal Plaza (01/0001),2026-09-16,,107736.93,238,452.68,,,,,,,,,,historical-total-revenue,false,East
Dosa Coffee - Ideal Plaza (01/0001),2026-09-17,,110347.58,220,501.58,,0.00%,,,220,,,,,historical-total-revenue,false,East
Dosa Coffee - Ideal Plaza (01/0001),2026-09-18,,91493.29,213,429.55,,0.00%,,,213,,,,,historical-total-revenue,false,East
Dosa Coffee - Ideal Plaza (01/0001),2026-09-19,,162025.85,285,568.51,,0.00%,,,285,,,,,historical-total-revenue,false,East
Dosa Coffee - Ideal Plaza (01/0001),2026-09-20,,182018.84,322,565.28,,,,,,,,,,historical-total-revenue,false,East
Dosa Coffee - Ideal Plaza (01/0001),2026-09-21,,91866.22,231,397.69,,0.00%,,,231,,,,,historical-total-revenue,false,East
Dosa Coffee - Ideal Plaza (01/0001),2026-09-22,,94267.32,228,413.45,,0.00%,,,228,,,,,historical-total-revenue,false,East
Dosa Coffee - Ideal Plaza (01/0001),2026-09-23,,116584.32,240,485.77,,0.00%,,,240,,,,,historical-total-revenue,false,East
Dosa Coffee - Ideal Plaza (01/0001),2026-09-24,,88161.82,205,430.06,,-14.58%,,,240,,,,,historical-total-revenue,false,East
Dosa Coffee - Ideal Plaza (01/0001),2026-09-25,,113506.22,253,448.64,,23.41%,,,205,,,,,historical-total-revenue,false,East
Dosa Coffee - Ideal Plaza (01/0001),2026-09-26,,151629.19,301,503.75,,18.97%,,,253,,,,,historical-total-revenue,false,East
Dosa Coffee - Ideal Plaza (01/0001),2026-09-27,,188512.86,343,549.60,,13.95%,,,301,,,,,historical-total-revenue,false,East
Dosa Coffee - Ideal Plaza (01/0001),2026-09-28,,148051.29,285,519.48,,0.00%,,,285,,,,,historical-total-revenue,false,East
Dosa Coffee - Ideal Plaza (01/0001),2026-09-29,,108403.52,273,397.08,,-4.21%,,,285,,,,,historical-total-revenue,false,East
Dosa Coffee - Ideal Plaza (01/0001),2026-09-30,,124441.01,268,464.33,,-1.83%,,,273,,,,,historical-total-revenue,false,East
Dosa Coffee - Ideal Plaza (01/0001),2026-10-01,,114127.87,257,444.08,,,,,,,,,,historical-total-revenue,false,East
Dosa Coffee - Ideal Plaza (01/0001),2026-10-02,,135089.63,254,531.85,,0.00%,,,254,,,,,historical-total-revenue,false,East
Dosa Coffee - Lake road 01/0015,2026-09-04,,84990.08,170,499.94,,25.00%,,,136,,,,,historical-total-revenue,false,East
Dosa Coffee - Lake road 01/0015,2026-09-05,,116788.85,200,583.94,,0.00%,,,200,,,,,historical-total-revenue,false,East
Dosa Coffee - Lake road 01/0015,2026-09-06,,178298.58,244,730.73,,22.00%,,,200,,,,,historical-total-revenue,false,East
Dosa Coffee - Lake road 01/0015,2026-09-07,,53023.11,115,461.07,,0.00%,,,115,,,,,historical-total-revenue,false,East
Dosa Coffee - Lake road 01/0015,2026-09-08,,70311.15,147,478.31,,0.00%,,,147,,,,,historical-total-revenue,false,East
Dosa Coffee - Lake road 01/0015,2026-09-09,,65257.28,127,513.84,,-13.61%,,,147,,,,,historical-total-revenue,false,East
Dosa Coffee - Lake road 01/0015,2026-09-10,,74191.98,144,515.22,,13.39%,,,127,,,,,historical-total-revenue,false,East
Dosa Coffee - Lake road 01/0015,2026-09-11,,72368.06,141,513.25,,-2.08%,,,144,,,,,historical-total-revenue,false,East
Dosa Coffee - Lake road 01/0015,2026-09-12,,121872.89,211,577.60,,0.00%,,,211,,,,,historical-total-revenue,false,East
Dosa Coffee - Lake road 01/0015,2026-09-13,,147288.99,261,564.33,,23.70%,,,211,,,,,historical-total-revenue,false,East
Dosa Coffee - Lake road 01/0015,2026-09-14,,74128.98,149,497.51,,-42.91%,,,261,,,,,historical-total-revenue,false,East
Dosa Coffee - Lake road 01/0015,2026-09-15,,61189.51,117,522.99,,0.00%,,,117,,,,,historical-total-revenue,false,East
Dosa Coffee - Lake road 01/0015,2026-09-16,,63495.46,124,512.06,,,,,,,,,,historical-total-revenue,false,East
Dosa Coffee - Lake road 01/0015,2026-09-17,,72284.74,136,531.51,,0.00%,,,136,,,,,historical-total-revenue,false,East
Dosa Coffee - Lake road 01/0015,2026-09-18,,79884.58,155,515.38,,0.00%,,,155,,,,,historical-total-revenue,false,East
Dosa Coffee - Lake road 01/0015,2026-09-19,,127070.98,205,619.86,,0.00%,,,205,,,,,historical-total-revenue,false,East
Dosa Coffee - Lake road 01/0015,2026-09-20,,164963.75,236,699.00,,,,,,,,,,historical-total-revenue,false,East
Dosa Coffee - Lake road 01/0015,2026-09-21,,61658.17,125,493.27,,0.00%,,,125,,,,,historical-total-revenue,false,East
Dosa Coffee - Lake road 01/0015,2026-09-22,,67182.79,136,493.99,,0.00%,,,136,,,,,historical-total-revenue,false,East
Dosa Coffee - Lake road 01/0015,2026-09-23,,62599.03,121,517.35,,0.00%,,,121,,,,,historical-total-revenue,false,East
Dosa Coffee - Lake road 01/0015,2026-09-24,,59006.82,139,424.51,,14.88%,,,121,,,,,historical-total-revenue,false,East
Dosa Coffee - Lake road 01/0015,2026-09-25,,60229.06,122,493.68,,-12.23%,,,139,,,,,historical-total-revenue,false,East
Dosa Coffee - Lake road 01/0015,2026-09-26,,113009.98,215,525.63,,76.23%,,,122,,,,,historical-total-revenue,false,East
Dosa Coffee - Lake road 01/0015,2026-09-27,,178566.97,282,633.22,,31.16%,,,215,,,,,historical-total-revenue,false,East
Dosa Coffee - Lake road 01/0015,2026-09-28,,69544.94,133,522.89,,0.00%,,,133,,,,,historical-total-revenue,false,East
Dosa Coffee - Lake road 01/0015,2026-09-29,,65725.07,136,483.27,,2.26%,,,133,,,,,historical-total-revenue,false,East
Dosa Coffee - Lake road 01/0015,2026-09-30,,72797.27,132,551.49,,-2.94%,,,136,,,,,historical-total-revenue,false,East
Dosa Coffee - Lake road 01/0015,2026-10-01,,92197.48,152,606.56,,,,,,,,,,historical-total-revenue,false,East
Dosa Coffee - Lake road 01/0015,2026-10-02,,128192.08,204,628.39,,0.00%,,,204,,,,,historical-total-revenue,false,East
Dosa Coffee - Rangoli Mall (01/0010),2026-09-04,,29769.77,68,437.79,,0.00%,,,68,,,,,historical-total-revenue,false,East
Dosa Coffee - Rangoli Mall (01/0010),2026-09-05,,37768.47,88,429.19,,0.00%,,,88,,,,,historical-total-revenue,false,East
Dosa Coffee - Rangoli Mall (01/0010),2026-09-06,,92146.00,163,565.31,,85.23%,,,88,,,,,historical-total-revenue,false,East
Dosa Coffee - Rangoli Mall (01/0010),2026-09-07,,24377.09,55,443.22,,0.00%,,,55,,,,,historical-total-revenue,false,East
Dosa Coffee - Rangoli Mall (01/0010),2026-09-08,,24958.78,62,402.56,,0.00%,,,62,,,,,historical-total-revenue,false,East
Dosa Coffee - Rangoli Mall (01/0010),2026-09-09,,40564.82,80,507.06,,29.03%,,,62,,,,,historical-total-revenue,false,East
Dosa Coffee - Rangoli Mall (01/0010),2026-09-10,,39597.15,76,521.02,,-5.00%,,,80,,,,,historical-total-revenue,false,East
Dosa Coffee - Rangoli Mall (01/0010),2026-09-11,,37854.62,84,450.65,,10.53%,,,76,,,,,historical-total-revenue,false,East
Dosa Coffee - Rangoli Mall (01/0010),2026-09-12,,62651.06,128,489.46,,0.00%,,,128,,,,,historical-total-revenue,false,East
Dosa Coffee - Rangoli Mall (01/0010),2026-09-13,,78665.46,152,517.54,,18.75%,,,128,,,,,historical-total-revenue,false,East
Dosa Coffee - Rangoli Mall (01/0010),2026-09-14,,44597.79,97,459.77,,-36.18%,,,152,,,,,historical-total-revenue,false,East
Dosa Coffee - Rangoli Mall (01/0010),2026-09-15,,34576.94,67,516.07,,0.00%,,,67,,,,,historical-total-revenue,false,East
Dosa Coffee - Rangoli Mall (01/0010),2026-09-16,,25728.50,63,408.39,,,,,,,,,,historical-total-revenue,false,East
Dosa Coffee - Rangoli Mall (01/0010),2026-09-17,,36471.61,66,552.60,,0.00%,,,66,,,,,historical-total-revenue,false,East
Dosa Coffee - Rangoli Mall (01/0010),2026-09-18,,72093.38,116,621.49,,0.00%,,,116,,,,,historical-total-revenue,false,East
Dosa Coffee - Rangoli Mall (01/0010),2026-09-19,,64949.89,118,550.42,,0.00%,,,118,,,,,historical-total-revenue,false,East
Dosa Coffee - Rangoli Mall (01/0010),2026-09-20,,87676.42,159,551.42,,,,,,,,,,historical-total-revenue,false,East
Dosa Coffee - Rangoli Mall (01/0010),2026-09-21,,36700.61,82,447.57,,0.00%,,,82,,,,,historical-total-revenue,false,East
Dosa Coffee - Rangoli Mall (01/0010),2026-09-22,,33393.64,73,457.45,,0.00%,,,73,,,,,historical-total-revenue,false,East
Dosa Coffee - Rangoli Mall (01/0010),2026-09-23,,24927.08,55,453.22,,0.00%,,,55,,,,,historical-total-revenue,false,East
Dosa Coffee - Rangoli Mall (01/0010),2026-09-24,,22080.69,47,469.80,,-14.55%,,,55,,,,,historical-total-revenue,false,East
Dosa Coffee - Rangoli Mall (01/0010),2026-09-25,,35359.97,76,465.26,,61.70%,,,47,,,,,historical-total-revenue,false,East
Dosa Coffee - Rangoli Mall (01/0010),2026-09-26,,74102.13,133,557.16,,75.00%,,,76,,,,,historical-total-revenue,false,East
Dosa Coffee - Rangoli Mall (01/0010),2026-09-27,,94093.78,155,607.06,,16.54%,,,133,,,,,historical-total-revenue,false,East
Dosa Coffee - Rangoli Mall (01/0010),2026-09-28,,32093.58,66,486.27,,0.00%,,,66,,,,,historical-total-revenue,false,East
Dosa Coffee - Rangoli Mall (01/0010),2026-09-29,,38629.84,65,594.31,,-1.52%,,,66,,,,,historical-total-revenue,false,East
Dosa Coffee - Rangoli Mall (01/0010),2026-09-30,,32047.30,65,493.04,,0.00%,,,65,,,,,historical-total-revenue,false,East
Dosa Coffee - Rangoli Mall (01/0010),2026-10-01,,47848.22,83,576.48,,,,,,,,,,historical-total-revenue,false,East
Dosa Coffee - Rangoli Mall (01/0010),2026-10-02,,98467.16,165,596.77,,0.00%,,,165,,,,,historical-total-revenue,false,East
Dosa Coffee - Salt Lake (002),2026-09-04,,94590.43,204,463.68,,7.37%,,,190,,,,,historical-total-revenue,false,East
Dosa Coffee - Salt Lake (002),2026-09-05,,103845.85,171,607.29,,0.00%,,,171,,,,,historical-total-revenue,false,East
Dosa Coffee - Salt Lake (002),2026-09-06,,113926.74,184,619.17,,7.60%,,,171,,,,,historical-total-revenue,false,East
Dosa Coffee - Salt Lake (002),2026-09-07,,68797.91,149,461.73,,0.00%,,,149,,,,,historical-total-revenue,false,East
Dosa Coffee - Salt Lake (002),2026-09-08,,81972.41,176,465.75,,0.00%,,,176,,,,,historical-total-revenue,false,East
Dosa Coffee - Salt Lake (002),2026-09-09,,76174.79,170,448.09,,-3.41%,,,176,,,,,historical-total-revenue,false,East
Dosa Coffee - Salt Lake (002),2026-09-10,,83695.31,170,492.33,,0.00%,,,170,,,,,historical-total-revenue,false,East
Dosa Coffee - Salt Lake (002),2026-09-11,,98341.66,195,504.32,,14.71%,,,170,,,,,historical-total-revenue,false,East
Dosa Coffee - Salt Lake (002),2026-09-12,,114545.18,214,535.26,,0.00%,,,214,,,,,historical-total-revenue,false,East
Dosa Coffee - Salt Lake (002),2026-09-13,,100252.19,176,569.61,,-17.76%,,,214,,,,,historical-total-revenue,false,East
Dosa Coffee - Salt Lake (002),2026-09-14,,92791.20,178,521.30,,1.14%,,,176,,,,,historical-total-revenue,false,East
Dosa Coffee - Salt Lake (002),2026-09-15,,89239.95,187,477.22,,0.00%,,,187,,,,,historical-total-revenue,false,East
Dosa Coffee - Salt Lake (002),2026-09-16,,70805.93,154,459.78,,,,,,,,,,historical-total-revenue,false,East
Dosa Coffee - Salt Lake (002),2026-09-17,,92032.74,161,571.63,,0.00%,,,161,,,,,historical-total-revenue,false,East
Dosa Coffee - Salt Lake (002),2026-09-18,,78697.52,162,485.79,,0.00%,,,162,,,,,historical-total-revenue,false,East
Dosa Coffee - Salt Lake (002),2026-09-19,,118629.16,219,541.69,,0.00%,,,219,,,,,historical-total-revenue,false,East
Dosa Coffee - Salt Lake (002),2026-09-20,,102519.55,173,592.60,,,,,,,,,,historical-total-revenue,false,East
Dosa Coffee - Salt Lake (002),2026-09-21,,88038.90,165,533.57,,0.00%,,,165,,,,,historical-total-revenue,false,East
Dosa Coffee - Salt Lake (002),2026-09-22,,82902.39,168,493.47,,0.00%,,,168,,,,,historical-total-revenue,false,East
Dosa Coffee - Salt Lake (002),2026-09-23,,90894.69,177,513.53,,0.00%,,,177,,,,,historical-total-revenue,false,East
Dosa Coffee - Salt Lake (002),2026-09-24,,83679.79,166,504.10,,-6.21%,,,177,,,,,historical-total-revenue,false,East
Dosa Coffee - Salt Lake (002),2026-09-25,,80307.67,157,511.51,,-5.42%,,,166,,,,,historical-total-revenue,false,East
Dosa Coffee - Salt Lake (002),2026-09-26,,123296.55,242,509.49,,54.14%,,,157,,,,,historical-total-revenue,false,East
Dosa Coffee - Salt Lake (002),2026-09-27,,103054.30,181,569.36,,-25.21%,,,242,,,,,historical-total-revenue,false,East
Dosa Coffee - Salt Lake (002),2026-09-28,,60561.53,134,451.95,,0.00%,,,134,,,,,historical-total-revenue,false,East
Dosa Coffee - Salt Lake (002),2026-09-29,,89684.76,193,464.69,,44.03%,,,134,,,,,historical-total-revenue,false,East
Dosa Coffee - Salt Lake (002),2026-09-30,,80039.11,167,479.28,,-13.47%,,,193,,,,,historical-total-revenue,false,East
Dosa Coffee - Salt Lake (002),2026-10-01,,96182.86,191,503.58,,,,,,,,,,historical-total-revenue,false,East
Dosa Coffee - Salt Lake (002),2026-10-02,,98347.78,169,581.94,,0.00%,,,169,,,,,historical-total-revenue,false,East
Dosa Coffee - James long Sarani (01/0011),2026-09-04,,59480.61,147,404.63,,47.00%,,,100,,,,,historical-total-revenue,false,East
Dosa Coffee - James long Sarani (01/0011),2026-09-05,,67046.98,137,489.39,,0.00%,,,137,,,,,historical-total-revenue,false,East
Dosa Coffee - James long Sarani (01/0011),2026-09-06,,81867.90,153,535.08,,11.68%,,,137,,,,,historical-total-revenue,false,East
Dosa Coffee - James long Sarani (01/0011),2026-09-07,,50023.21,110,454.76,,0.00%,,,110,,,,,historical-total-revenue,false,East
Dosa Coffee - James long Sarani (01/0011),2026-09-08,,53636.10,120,446.97,,0.00%,,,120,,,,,historical-total-revenue,false,East
Dosa Coffee - James long Sarani (01/0011),2026-09-09,,43553.70,90,483.93,,-25.00%,,,120,,,,,historical-total-revenue,false,East
Dosa Coffee - James long Sarani (01/0011),2026-09-10,,48702.32,116,419.85,,28.89%,,,90,,,,,historical-total-revenue,false,East
Dosa Coffee - James long Sarani (01/0011),2026-09-11,,48452.10,116,417.69,,0.00%,,,116,,,,,historical-total-revenue,false,East
Dosa Coffee - James long Sarani (01/0011),2026-09-12,,88693.14,163,544.13,,0.00%,,,163,,,,,historical-total-revenue,false,East
Dosa Coffee - James long Sarani (01/0011),2026-09-13,,85647.94,172,497.95,,5.52%,,,163,,,,,historical-total-revenue,false,East
Dosa Coffee - James long Sarani (01/0011),2026-09-14,,65714.39,143,459.54,,-16.86%,,,172,,,,,historical-total-revenue,false,East
Dosa Coffee - James long Sarani (01/0011),2026-09-15,,44285.59,103,429.96,,0.00%,,,103,,,,,historical-total-revenue,false,East
Dosa Coffee - James long Sarani (01/0011),2026-09-16,,41840.38,99,422.63,,,,,,,,,,historical-total-revenue,false,East
Dosa Coffee - James long Sarani (01/0011),2026-09-17,,46388.26,114,406.91,,0.00%,,,114,,,,,historical-total-revenue,false,East
Dosa Coffee - James long Sarani (01/0011),2026-09-18,,77021.74,144,534.87,,0.00%,,,144,,,,,historical-total-revenue,false,East
Dosa Coffee - James long Sarani (01/0011),2026-09-19,,89976.25,161,558.86,,0.00%,,,161,,,,,historical-total-revenue,false,East
Dosa Coffee - James long Sarani (01/0011),2026-09-20,,84896.70,153,554.88,,,,,,,,,,historical-total-revenue,false,East
Dosa Coffee - James long Sarani (01/0011),2026-09-21,,48751.91,106,459.92,,0.00%,,,106,,,,,historical-total-revenue,false,East
Dosa Coffee - James long Sarani (01/0011),2026-09-22,,50525.50,113,447.13,,0.00%,,,113,,,,,historical-total-revenue,false,East
Dosa Coffee - James long Sarani (01/0011),2026-09-23,,32948.57,88,374.42,,0.00%,,,88,,,,,historical-total-revenue,false,East
Dosa Coffee - James long Sarani (01/0011),2026-09-24,,33031.71,87,379.67,,-1.14%,,,88,,,,,historical-total-revenue,false,East
Dosa Coffee - James long Sarani (01/0011),2026-09-25,,56751.37,118,480.94,,35.63%,,,87,,,,,historical-total-revenue,false,East
Dosa Coffee - James long Sarani (01/0011),2026-09-26,,94839.62,190,499.16,,61.02%,,,118,,,,,historical-total-revenue,false,East
Dosa Coffee - James long Sarani (01/0011),2026-09-27,,92161.70,153,602.36,,-19.47%,,,190,,,,,historical-total-revenue,false,East
Dosa Coffee - James long Sarani (01/0011),2026-09-28,,45398.99,111,409.00,,0.00%,,,111,,,,,historical-total-revenue,false,East
Dosa Coffee - James long Sarani (01/0011),2026-09-29,,46007.26,103,446.67,,-7.21%,,,111,,,,,historical-total-revenue,false,East
Dosa Coffee - James long Sarani (01/0011),2026-09-30,,57474.75,117,491.24,,13.59%,,,103,,,,,historical-total-revenue,false,East
Dosa Coffee - James long Sarani (01/0011),2026-10-01,,59905.55,130,460.81,,,,,,,,,,historical-total-revenue,false,East
Dosa Coffee - James long Sarani (01/0011),2026-10-02,,83673.37,151,554.13,,0.00%,,,151,,,,,historical-total-revenue,false,East
Dosa Coffee - Rosedale Plaza(0006),2026-09-04,,93551.63,254,368.31,,48.54%,,,171,,,,,historical-total-revenue,false,East
Dosa Coffee - Rosedale Plaza(0006),2026-09-05,,96645.59,275,351.44,,0.00%,,,275,,,,,historical-total-revenue,false,East
Dosa Coffee - Rosedale Plaza(0006),2026-09-06,,92779.79,239,388.20,,-13.09%,,,275,,,,,historical-total-revenue,false,East
Dosa Coffee - Rosedale Plaza(0006),2026-09-07,,53123.47,137,387.76,,0.00%,,,137,,,,,historical-total-revenue,false,East
Dosa Coffee - Rosedale Plaza(0006),2026-09-08,,53881.85,144,374.18,,0.00%,,,144,,,,,historical-total-revenue,false,East
Dosa Coffee - Rosedale Plaza(0006),2026-09-09,,48438.26,118,410.49,,-18.06%,,,144,,,,,historical-total-revenue,false,East
Dosa Coffee - Rosedale Plaza(0006),2026-09-10,,58515.67,171,342.20,,44.92%,,,118,,,,,historical-total-revenue,false,East
Dosa Coffee - Rosedale Plaza(0006),2026-09-11,,61922.85,177,349.85,,3.51%,,,171,,,,,historical-total-revenue,false,East
Dosa Coffee - Rosedale Plaza(0006),2026-09-12,,105711.13,265,398.91,,0.00%,,,265,,,,,historical-total-revenue,false,East
Dosa Coffee - Rosedale Plaza(0006),2026-09-13,,108474.85,250,433.90,,-5.66%,,,265,,,,,historical-total-revenue,false,East
Dosa Coffee - Rosedale Plaza(0006),2026-09-14,,56911.22,158,360.20,,-36.80%,,,250,,,,,historical-total-revenue,false,East
Dosa Coffee - Rosedale Plaza(0006),2026-09-15,,64575.52,151,427.65,,0.00%,,,151,,,,,historical-total-revenue,false,East
Dosa Coffee - Rosedale Plaza(0006),2026-09-16,,53360.63,146,365.48,,,,,,,,,,historical-total-revenue,false,East
Dosa Coffee - Rosedale Plaza(0006),2026-09-17,,60772.87,159,382.22,,0.00%,,,159,,,,,historical-total-revenue,false,East
Dosa Coffee - Rosedale Plaza(0006),2026-09-18,,83499.30,187,446.52,,0.00%,,,187,,,,,historical-total-revenue,false,East
Dosa Coffee - Rosedale Plaza(0006),2026-09-19,,101629.57,227,447.71,,0.00%,,,227,,,,,historical-total-revenue,false,East
Dosa Coffee - Rosedale Plaza(0006),2026-09-20,,105858.90,241,439.25,,,,,,,,,,historical-total-revenue,false,East
Dosa Coffee - Rosedale Plaza(0006),2026-09-21,,55189.47,148,372.90,,0.00%,,,148,,,,,historical-total-revenue,false,East
Dosa Coffee - Rosedale Plaza(0006),2026-09-22,,58082.22,158,367.61,,0.00%,,,158,,,,,historical-total-revenue,false,East
Dosa Coffee - Rosedale Plaza(0006),2026-09-23,,49558.19,139,356.53,,0.00%,,,139,,,,,historical-total-revenue,false,East
Dosa Coffee - Rosedale Plaza(0006),2026-09-24,,75773.92,194,390.59,,39.57%,,,139,,,,,historical-total-revenue,false,East
Dosa Coffee - Rosedale Plaza(0006),2026-09-25,,53161.08,150,354.41,,-22.68%,,,194,,,,,historical-total-revenue,false,East
Dosa Coffee - Rosedale Plaza(0006),2026-09-26,,103933.09,240,433.05,,60.00%,,,150,,,,,historical-total-revenue,false,East
Dosa Coffee - Rosedale Plaza(0006),2026-09-27,,128981.49,275,469.02,,14.58%,,,240,,,,,historical-total-revenue,false,East
Dosa Coffee - Rosedale Plaza(0006),2026-09-28,,50948.71,143,356.28,,0.00%,,,143,,,,,historical-total-revenue,false,East
Dosa Coffee - Rosedale Plaza(0006),2026-09-29,,64381.21,187,344.28,,30.77%,,,143,,,,,historical-total-revenue,false,East
Dosa Coffee - Rosedale Plaza(0006),2026-09-30,,58276.49,168,346.88,,-10.16%,,,187,,,,,historical-total-revenue,false,East
Dosa Coffee - Rosedale Plaza(0006),2026-10-01,,65621.71,182,360.56,,,,,,,,,,historical-total-revenue,false,East
Dosa Coffee - Rosedale Plaza(0006),2026-10-02,,81786.66,191,428.20,,0.00%,,,191,,,,,historical-total-revenue,false,East
Dosa Coffee - Manisquare (0004),2026-09-04,,49182.41,16,3073.90,,-11.11%,,,18,,,,,historical-total-revenue,false,East
Dosa Coffee - Manisquare (0004),2026-09-05,,64868.13,16,4054.26,,0.00%,,,16,,,,,historical-total-revenue,false,East
Dosa Coffee - Manisquare (0004),2026-09-06,,86582.09,14,6184.43,,-12.50%,,,16,,,,,historical-total-revenue,false,East
Dosa Coffee - Manisquare (0004),2026-09-07,,44057.42,10,4405.74,,0.00%,,,10,,,,,historical-total-revenue,false,East
Dosa Coffee - Manisquare (0004),2026-09-08,,45215.60,14,3229.69,,0.00%,,,14,,,,,historical-total-revenue,false,East
Dosa Coffee - Manisquare (0004),2026-09-09,,49742.35,9,5526.93,,-35.71%,,,14,,,,,historical-total-revenue,false,East
Dosa Coffee - Manisquare (0004),2026-09-10,,52486.33,12,4373.86,,33.33%,,,9,,,,,historical-total-revenue,false,East
Dosa Coffee - Manisquare (0004),2026-09-11,,48651.34,13,3742.41,,8.33%,,,12,,,,,historical-total-revenue,false,East
Dosa Coffee - Manisquare (0004),2026-09-12,,85488.79,22,3885.85,,0.00%,,,22,,,,,historical-total-revenue,false,East
Dosa Coffee - Manisquare (0004),2026-09-13,,84038.36,16,5252.40,,-27.27%,,,22,,,,,historical-total-revenue,false,East
Dosa Coffee - Manisquare (0004),2026-09-14,,51592.75,12,4299.40,,-25.00%,,,16,,,,,historical-total-revenue,false,East
Dosa Coffee - Manisquare (0004),2026-09-15,,41045.79,18,2280.32,,0.00%,,,18,,,,,historical-total-revenue,false,East
Dosa Coffee - Manisquare (0004),2026-09-16,,50451.78,21,2402.47,,,,,,,,,,historical-total-revenue,false,East
Dosa Coffee - Manisquare (0004),2026-09-17,,42211.32,18,2345.07,,0.00%,,,18,,,,,historical-total-revenue,false,East
Dosa Coffee - Manisquare (0004),2026-09-18,,54244.99,12,4520.42,,0.00%,,,12,,,,,historical-total-revenue,false,East
Dosa Coffee - Manisquare (0004),2026-09-19,,90767.33,20,4538.37,,0.00%,,,20,,,,,historical-total-revenue,false,East
Dosa Coffee - Manisquare (0004),2026-09-20,,82391.59,22,3745.07,,,,,,,,,,historical-total-revenue,false,East
Dosa Coffee - Manisquare (0004),2026-09-21,,39373.67,8,4921.71,,0.00%,,,8,,,,,historical-total-revenue,false,East
Dosa Coffee - Manisquare (0004),2026-09-22,,52553.67,13,4042.59,,0.00%,,,13,,,,,historical-total-revenue,false,East
Dosa Coffee - Manisquare (0004),2026-09-23,,39693.30,16,2480.83,,0.00%,,,16,,,,,historical-total-revenue,false,East
Dosa Coffee - Manisquare (0004),2026-09-24,,54953.11,14,3925.22,,-12.50%,,,16,,,,,historical-total-revenue,false,East
Dosa Coffee - Manisquare (0004),2026-09-25,,56129.91,28,2004.64,,100.00%,,,14,,,,,historical-total-revenue,false,East
Dosa Coffee - Manisquare (0004),2026-09-26,,84305.08,23,3665.44,,-17.86%,,,28,,,,,historical-total-revenue,false,East
Dosa Coffee - Manisquare (0004),2026-09-27,,85830.97,24,3576.29,,4.35%,,,23,,,,,historical-total-revenue,false,East
Dosa Coffee - Manisquare (0004),2026-09-28,,55689.90,19,2931.05,,0.00%,,,19,,,,,historical-total-revenue,false,East
Dosa Coffee - Manisquare (0004),2026-09-29,,50435.10,24,2101.46,,26.32%,,,19,,,,,historical-total-revenue,false,East
Dosa Coffee - Manisquare (0004),2026-09-30,,52827.95,15,3521.86,,-37.50%,,,24,,,,,historical-total-revenue,false,East
Dosa Coffee - Manisquare (0004),2026-10-01,,49991.59,13,3845.51,,,,,,,,,,historical-total-revenue,false,East
Dosa Coffee - Manisquare (0004),2026-10-02,,78989.39,14,5642.10,,0.00%,,,14,,,,,historical-total-revenue,false,East
Dosa Coffee - Kalikapur (01/0014),2026-09-04,,54608.62,126,433.40,,31.25%,,,96,,,,,historical-total-revenue,false,East
Dosa Coffee - Kalikapur (01/0014),2026-09-05,,69233.11,143,484.15,,0.00%,,,143,,,,,historical-total-revenue,false,East
Dosa Coffee - Kalikapur (01/0014),2026-09-06,,67369.02,133,506.53,,-6.99%,,,143,,,,,historical-total-revenue,false,East
Dosa Coffee - Kalikapur (01/0014),2026-09-07,,40337.52,92,438.45,,0.00%,,,92,,,,,historical-total-revenue,false,East
Dosa Coffee - Kalikapur (01/0014),2026-09-08,,43027.40,99,434.62,,0.00%,,,99,,,,,historical-total-revenue,false,East
Dosa Coffee - Kalikapur (01/0014),2026-09-09,,35874.38,82,437.49,,-17.17%,,,99,,,,,historical-total-revenue,false,East
Dosa Coffee - Kalikapur (01/0014),2026-09-10,,44775.52,87,514.66,,6.10%,,,82,,,,,historical-total-revenue,false,East
Dosa Coffee - Kalikapur (01/0014),2026-09-11,,42022.00,82,512.46,,-5.75%,,,87,,,,,historical-total-revenue,false,East
Dosa Coffee - Kalikapur (01/0014),2026-09-12,,64596.29,111,581.95,,0.00%,,,111,,,,,historical-total-revenue,false,East
Dosa Coffee - Kalikapur (01/0014),2026-09-13,,66911.49,131,510.77,,18.02%,,,111,,,,,historical-total-revenue,false,East
Dosa Coffee - Kalikapur (01/0014),2026-09-14,,52863.91,116,455.72,,-11.45%,,,131,,,,,historical-total-revenue,false,East
Dosa Coffee - Kalikapur (01/0014),2026-09-15,,42452.25,84,505.38,,0.00%,,,84,,,,,historical-total-revenue,false,East
Dosa Coffee - Kalikapur (01/0014),2026-09-16,,34139.33,76,449.20,,,,,,,,,,historical-total-revenue,false,East
Dosa Coffee - Kalikapur (01/0014),2026-09-17,,39801.44,100,398.01,,0.00%,,,100,,,,,historical-total-revenue,false,East
Dosa Coffee - Kalikapur (01/0014),2026-09-18,,52782.46,116,455.02,,0.00%,,,116,,,,,historical-total-revenue,false,East
Dosa Coffee - Kalikapur (01/0014),2026-09-19,,74916.37,132,567.55,,0.00%,,,132,,,,,historical-total-revenue,false,East
Dosa Coffee - Kalikapur (01/0014),2026-09-20,,75226.94,123,611.60,,,,,,,,,,historical-total-revenue,false,East
Dosa Coffee - Kalikapur (01/0014),2026-09-21,,38024.37,95,400.26,,0.00%,,,95,,,,,historical-total-revenue,false,East
Dosa Coffee - Kalikapur (01/0014),2026-09-22,,41455.68,86,482.04,,0.00%,,,86,,,,,historical-total-revenue,false,East
Dosa Coffee - Kalikapur (01/0014),2026-09-23,,37850.84,82,461.60,,0.00%,,,82,,,,,historical-total-revenue,false,East
Dosa Coffee - Kalikapur (01/0014),2026-09-24,,46637.75,93,501.48,,13.41%,,,82,,,,,historical-total-revenue,false,East
Dosa Coffee - Kalikapur (01/0014),2026-09-25,,35753.90,87,410.96,,-6.45%,,,93,,,,,historical-total-revenue,false,East
Dosa Coffee - Kalikapur (01/0014),2026-09-26,,69829.03,143,488.31,,64.37%,,,87,,,,,historical-total-revenue,false,East
Dosa Coffee - Kalikapur (01/0014),2026-09-27,,70009.09,153,457.58,,6.99%,,,143,,,,,historical-total-revenue,false,East
Dosa Coffee - Kalikapur (01/0014),2026-09-28,,40581.78,90,450.91,,0.00%,,,90,,,,,historical-total-revenue,false,East
Dosa Coffee - Kalikapur (01/0014),2026-09-29,,37478.00,81,462.69,,-10.00%,,,90,,,,,historical-total-revenue,false,East
Dosa Coffee - Kalikapur (01/0014),2026-09-30,,48671.06,106,459.16,,30.86%,,,81,,,,,historical-total-revenue,false,East
Dosa Coffee - Kalikapur (01/0014),2026-10-01,,44743.00,89,502.73,,,,,,,,,,historical-total-revenue,false,East
Dosa Coffee - Kalikapur (01/0014),2026-10-02,,67731.87,130,521.01,,0.00%,,,130,,,,,historical-total-revenue,false,East
Dosa Coffee - Lake Town (0005),2026-09-04,,68493.59,161,425.43,,64.29%,,,98,,,,,historical-total-revenue,false,East
Dosa Coffee - Lake Town (0005),2026-09-05,,56452.49,152,371.40,,0.00%,,,152,,,,,historical-total-revenue,false,East
Dosa Coffee - Lake Town (0005),2026-09-06,,64333.92,148,434.69,,-2.63%,,,152,,,,,historical-total-revenue,false,East
Dosa Coffee - Lake Town (0005),2026-09-07,,42202.68,89,474.19,,0.00%,,,89,,,,,historical-total-revenue,false,East
Dosa Coffee - Lake Town (0005),2026-09-08,,40028.16,83,482.27,,0.00%,,,83,,,,,historical-total-revenue,false,East
Dosa Coffee - Lake Town (0005),2026-09-09,,47701.96,117,407.71,,40.96%,,,83,,,,,historical-total-revenue,false,East
Dosa Coffee - Lake Town (0005),2026-09-10,,38583.85,94,410.47,,-19.66%,,,117,,,,,historical-total-revenue,false,East
Dosa Coffee - Lake Town (0005),2026-09-11,,44165.28,112,394.33,,19.15%,,,94,,,,,historical-total-revenue,false,East
Dosa Coffee - Lake Town (0005),2026-09-12,,68698.01,143,480.41,,0.00%,,,143,,,,,historical-total-revenue,false,East
Dosa Coffee - Lake Town (0005),2026-09-13,,80311.50,164,489.70,,14.69%,,,143,,,,,historical-total-revenue,false,East
Dosa Coffee - Lake Town (0005),2026-09-14,,39378.58,102,386.06,,-37.80%,,,164,,,,,historical-total-revenue,false,East
Dosa Coffee - Lake Town (0005),2026-09-15,,41499.46,106,391.50,,0.00%,,,106,,,,,historical-total-revenue,false,East
Dosa Coffee - Lake Town (0005),2026-09-16,,33697.83,86,391.84,,,,,,,,,,historical-total-revenue,false,East
Dosa Coffee - Lake Town (0005),2026-09-17,,45349.87,109,416.05,,0.00%,,,109,,,,,historical-total-revenue,false,East
Dosa Coffee - Lake Town (0005),2026-09-18,,57960.73,133,435.79,,0.00%,,,133,,,,,historical-total-revenue,false,East
Dosa Coffee - Lake Town (0005),2026-09-19,,54635.27,122,447.83,,0.00%,,,122,,,,,historical-total-revenue,false,East
Dosa Coffee - Lake Town (0005),2026-09-20,,72537.19,148,490.12,,,,,,,,,,historical-total-revenue,false,East
Dosa Coffee - Lake Town (0005),2026-09-21,,50194.29,108,464.76,,0.00%,,,108,,,,,historical-total-revenue,false,East
Dosa Coffee - Lake Town (0005),2026-09-22,,39534.64,95,416.15,,0.00%,,,95,,,,,historical-total-revenue,false,East
Dosa Coffee - Lake Town (0005),2026-09-23,,34684.08,88,394.14,,0.00%,,,88,,,,,historical-total-revenue,false,East
Dosa Coffee - Lake Town (0005),2026-09-24,,47964.81,119,403.07,,35.23%,,,88,,,,,historical-total-revenue,false,East
Dosa Coffee - Lake Town (0005),2026-09-25,,37836.99,95,398.28,,-20.17%,,,119,,,,,historical-total-revenue,false,East
Dosa Coffee - Lake Town (0005),2026-09-26,,65182.92,155,420.53,,63.16%,,,95,,,,,historical-total-revenue,false,East
Dosa Coffee - Lake Town (0005),2026-09-27,,71626.80,156,459.15,,0.65%,,,155,,,,,historical-total-revenue,false,East
Dosa Coffee - Lake Town (0005),2026-09-28,,28842.40,65,443.73,,0.00%,,,65,,,,,historical-total-revenue,false,East
Dosa Coffee - Lake Town (0005),2026-09-29,,43170.11,103,419.13,,58.46%,,,65,,,,,historical-total-revenue,false,East
Dosa Coffee - Lake Town (0005),2026-09-30,,48730.27,104,468.56,,0.97%,,,103,,,,,historical-total-revenue,false,East
Dosa Coffee - Lake Town (0005),2026-10-01,,39041.75,105,371.83,,,,,,,,,,historical-total-revenue,false,East
Dosa Coffee - Lake Town (0005),2026-10-02,,63404.33,153,414.41,,0.00%,,,153,,,,,historical-total-revenue,false,East
Dosa Coffee - Quest Mall (01/0016),2026-09-04,,35950.01,107,335.98,,50.70%,,,71,,,,,historical-total-revenue,false,East
Dosa Coffee - Quest Mall (01/0016),2026-09-05,,44600.21,125,356.80,,0.00%,,,125,,,,,historical-total-revenue,false,East
Dosa Coffee - Quest Mall (01/0016),2026-09-06,,68477.14,190,360.41,,52.00%,,,125,,,,,historical-total-revenue,false,East
Dosa Coffee - Quest Mall (01/0016),2026-09-07,,38885.66,115,338.14,,0.00%,,,115,,,,,historical-total-revenue,false,East
Dosa Coffee - Quest Mall (01/0016),2026-09-08,,30364.62,80,379.56,,0.00%,,,80,,,,,historical-total-revenue,false,East
Dosa Coffee - Quest Mall (01/0016),2026-09-09,,19214.15,70,274.49,,-12.50%,,,80,,,,,historical-total-revenue,false,East
Dosa Coffee - Quest Mall (01/0016),2026-09-10,,24414.66,71,343.87,,1.43%,,,70,,,,,historical-total-revenue,false,East
Dosa Coffee - Quest Mall (01/0016),2026-09-11,,25175.56,68,370.23,,-4.23%,,,71,,,,,historical-total-revenue,false,East
Dosa Coffee - Quest Mall (01/0016),2026-09-12,,50952.22,130,391.94,,0.00%,,,130,,,,,historical-total-revenue,false,East
Dosa Coffee - Quest Mall (01/0016),2026-09-13,,55852.13,150,372.35,,15.38%,,,130,,,,,historical-total-revenue,false,East
Dosa Coffee - Quest Mall (01/0016),2026-09-14,,33013.60,94,351.21,,-37.33%,,,150,,,,,historical-total-revenue,false,East
Dosa Coffee - Quest Mall (01/0016),2026-09-15,,37997.54,106,358.47,,0.00%,,,106,,,,,historical-total-revenue,false,East
Dosa Coffee - Quest Mall (01/0016),2026-09-16,,27989.80,73,383.42,,,,,,,,,,historical-total-revenue,false,East
Dosa Coffee - Quest Mall (01/0016),2026-09-17,,30992.96,94,329.71,,0.00%,,,94,,,,,historical-total-revenue,false,East
Dosa Coffee - Quest Mall (01/0016),2026-09-18,,34010.12,94,361.81,,0.00%,,,94,,,,,historical-total-revenue,false,East
Dosa Coffee - Quest Mall (01/0016),2026-09-19,,36389.13,92,395.53,,0.00%,,,92,,,,,historical-total-revenue,false,East
Dosa Coffee - Quest Mall (01/0016),2026-09-20,,49024.52,139,352.69,,,,,,,,,,historical-total-revenue,false,East
Dosa Coffee - Quest Mall (01/0016),2026-09-21,,31862.45,103,309.34,,0.00%,,,103,,,,,historical-total-revenue,false,East
Dosa Coffee - Quest Mall (01/0016),2026-09-22,,31237.75,88,354.97,,0.00%,,,88,,,,,historical-total-revenue,false,East
Dosa Coffee - Quest Mall (01/0016),2026-09-23,,32339.78,99,326.66,,0.00%,,,99,,,,,historical-total-revenue,false,East
Dosa Coffee - Quest Mall (01/0016),2026-09-24,,25881.52,69,375.09,,-30.30%,,,99,,,,,historical-total-revenue,false,East
Dosa Coffee - Quest Mall (01/0016),2026-09-25,,32647.96,100,326.48,,44.93%,,,69,,,,,historical-total-revenue,false,East
Dosa Coffee - Quest Mall (01/0016),2026-09-26,,51365.00,134,383.32,,34.00%,,,100,,,,,historical-total-revenue,false,East
Dosa Coffee - Quest Mall (01/0016),2026-09-27,,54103.01,155,349.05,,15.67%,,,134,,,,,historical-total-revenue,false,East
Dosa Coffee - Quest Mall (01/0016),2026-09-28,,33256.29,85,391.25,,0.00%,,,85,,,,,historical-total-revenue,false,East
Dosa Coffee - Quest Mall (01/0016),2026-09-29,,31024.44,88,352.55,,3.53%,,,85,,,,,historical-total-revenue,false,East
Dosa Coffee - Quest Mall (01/0016),2026-09-30,,22397.52,64,349.96,,-27.27%,,,88,,,,,historical-total-revenue,false,East
Dosa Coffee - Quest Mall (01/0016),2026-10-01,,21978.84,76,289.20,,,,,,,,,,historical-total-revenue,false,East
Dosa Coffee - Quest Mall (01/0016),2026-10-02,,60721.57,158,384.31,,0.00%,,,158,,,,,historical-total-revenue,false,East
Dosa Coffee - Santoshpur (01/0012),2026-09-04,,51666.12,119,434.17,,26.60%,,,94,,,,,historical-total-revenue,false,East
Dosa Coffee - Santoshpur (01/0012),2026-09-05,,54501.71,122,446.74,,0.00%,,,122,,,,,historical-total-revenue,false,East
Dosa Coffee - Santoshpur (01/0012),2026-09-06,,48833.25,105,465.08,,-13.93%,,,122,,,,,historical-total-revenue,false,East
Dosa Coffee - Santoshpur (01/0012),2026-09-07,,30194.84,65,464.54,,0.00%,,,65,,,,,historical-total-revenue,false,East
Dosa Coffee - Santoshpur (01/0012),2026-09-08,,42224.95,101,418.07,,0.00%,,,101,,,,,historical-total-revenue,false,East
Dosa Coffee - Santoshpur (01/0012),2026-09-09,,34312.83,76,451.48,,-24.75%,,,101,,,,,historical-total-revenue,false,East
Dosa Coffee - Santoshpur (01/0012),2026-09-10,,44878.92,93,482.57,,22.37%,,,76,,,,,historical-total-revenue,false,East
Dosa Coffee - Santoshpur (01/0012),2026-09-11,,36627.42,85,430.91,,-8.60%,,,93,,,,,historical-total-revenue,false,East
Dosa Coffee - Santoshpur (01/0012),2026-09-12,,47113.99,111,424.45,,0.00%,,,111,,,,,historical-total-revenue,false,East
Dosa Coffee - Santoshpur (01/0012),2026-09-13,,57326.06,116,494.19,,4.50%,,,111,,,,,historical-total-revenue,false,East
Dosa Coffee - Santoshpur (01/0012),2026-09-14,,47047.29,99,475.23,,-14.66%,,,116,,,,,historical-total-revenue,false,East
Dosa Coffee - Santoshpur (01/0012),2026-09-15,,34126.27,90,379.18,,0.00%,,,90,,,,,historical-total-revenue,false,East
Dosa Coffee - Santoshpur (01/0012),2026-09-16,,30875.06,76,406.25,,,,,,,,,,historical-total-revenue,false,East
Dosa Coffee - Santoshpur (01/0012),2026-09-17,,43834.28,100,438.34,,0.00%,,,100,,,,,historical-total-revenue,false,East
Dosa Coffee - Santoshpur (01/0012),2026-09-18,,72275.53,139,519.97,,0.00%,,,139,,,,,historical-total-revenue,false,East
Dosa Coffee - Santoshpur (01/0012),2026-09-19,,68656.36,131,524.09,,0.00%,,,131,,,,,historical-total-revenue,false,East
Dosa Coffee - Santoshpur (01/0012),2026-09-20,,59264.18,106,559.10,,,,,,,,,,historical-total-revenue,false,East
Dosa Coffee - Santoshpur (01/0012),2026-09-21,,35427.22,85,416.79,,0.00%,,,85,,,,,historical-total-revenue,false,East
Dosa Coffee - Santoshpur (01/0012),2026-09-22,,36437.27,83,439.00,,0.00%,,,83,,,,,historical-total-revenue,false,East
Dosa Coffee - Santoshpur (01/0012),2026-09-23,,33893.78,72,470.75,,0.00%,,,72,,,,,historical-total-revenue,false,East
Dosa Coffee - Santoshpur (01/0012),2026-09-24,,32160.34,90,357.34,,25.00%,,,72,,,,,historical-total-revenue,false,East
Dosa Coffee - Santoshpur (01/0012),2026-09-25,,32564.75,86,378.66,,-4.44%,,,90,,,,,historical-total-revenue,false,East
Dosa Coffee - Santoshpur (01/0012),2026-09-26,,56323.28,124,454.22,,44.19%,,,86,,,,,historical-total-revenue,false,East
Dosa Coffee - Santoshpur (01/0012),2026-09-27,,65418.72,127,515.11,,2.42%,,,124,,,,,historical-total-revenue,false,East
Dosa Coffee - Santoshpur (01/0012),2026-09-28,,42968.73,101,425.43,,0.00%,,,101,,,,,historical-total-revenue,false,East
Dosa Coffee - Santoshpur (01/0012),2026-09-29,,49000.07,101,485.15,,0.00%,,,101,,,,,historical-total-revenue,false,East
Dosa Coffee - Santoshpur (01/0012),2026-09-30,,36430.14,79,461.14,,-21.78%,,,101,,,,,historical-total-revenue,false,East
Dosa Coffee - Santoshpur (01/0012),2026-10-01,,40476.29,91,444.79,,,,,,,,,,historical-total-revenue,false,East
Dosa Coffee - Santoshpur (01/0012),2026-10-02,,61288.99,133,460.82,,0.00%,,,133,,,,,historical-total-revenue,false,East
Dosa Coffee - Forum (0003),2026-09-04,,21273.68,57,373.22,,-1.72%,,,58,,,,,historical-total-revenue,false,East
Dosa Coffee - Forum (0003),2026-09-05,,28348.30,70,404.98,,0.00%,,,70,,,,,historical-total-revenue,false,East
Dosa Coffee - Forum (0003),2026-09-06,,45255.10,111,407.70,,58.57%,,,70,,,,,historical-total-revenue,false,East
Dosa Coffee - Forum (0003),2026-09-07,,21969.02,44,499.30,,0.00%,,,44,,,,,historical-total-revenue,false,East
Dosa Coffee - Forum (0003),2026-09-08,,23835.78,62,384.45,,0.00%,,,62,,,,,historical-total-revenue,false,East
Dosa Coffee - Forum (0003),2026-09-09,,20948.39,51,410.75,,-17.74%,,,62,,,,,historical-total-revenue,false,East
Dosa Coffee - Forum (0003),2026-09-10,,19988.80,49,407.93,,-3.92%,,,51,,,,,historical-total-revenue,false,East
Dosa Coffee - Forum (0003),2026-09-11,,23810.82,46,517.63,,-6.12%,,,49,,,,,historical-total-revenue,false,East
Dosa Coffee - Forum (0003),2026-09-12,,37545.32,80,469.32,,0.00%,,,80,,,,,historical-total-revenue,false,East
Dosa Coffee - Forum (0003),2026-09-13,,40394.71,70,577.07,,-12.50%,,,80,,,,,historical-total-revenue,false,East
Dosa Coffee - Forum (0003),2026-09-14,,23329.18,46,507.16,,-34.29%,,,70,,,,,historical-total-revenue,false,East
Dosa Coffee - Forum (0003),2026-09-15,,19367.40,42,461.13,,0.00%,,,42,,,,,historical-total-revenue,false,East
Dosa Coffee - Forum (0003),2026-09-16,,23641.17,44,537.30,,,,,,,,,,historical-total-revenue,false,East
Dosa Coffee - Forum (0003),2026-09-17,,17583.35,34,517.16,,0.00%,,,34,,,,,historical-total-revenue,false,East
Dosa Coffee - Forum (0003),2026-09-18,,21011.18,49,428.80,,0.00%,,,49,,,,,historical-total-revenue,false,East
Dosa Coffee - Forum (0003),2026-09-19,,35667.68,76,469.31,,0.00%,,,76,,,,,historical-total-revenue,false,East
Dosa Coffee - Forum (0003),2026-09-20,,47386.02,86,551.00,,,,,,,,,,historical-total-revenue,false,East
Dosa Coffee - Forum (0003),2026-09-21,,20914.59,39,536.27,,0.00%,,,39,,,,,historical-total-revenue,false,East
Dosa Coffee - Forum (0003),2026-09-22,,15174.21,37,410.11,,0.00%,,,37,,,,,historical-total-revenue,false,East
Dosa Coffee - Forum (0003),2026-09-23,,20860.91,29,719.34,,0.00%,,,29,,,,,historical-total-revenue,false,East
Dosa Coffee - Forum (0003),2026-09-24,,18108.72,37,489.42,,27.59%,,,29,,,,,historical-total-revenue,false,East
Dosa Coffee - Forum (0003),2026-09-25,,21180.86,50,423.62,,35.14%,,,37,,,,,historical-total-revenue,false,East
Dosa Coffee - Forum (0003),2026-09-26,,47048.00,86,547.07,,72.00%,,,50,,,,,historical-total-revenue,false,East
Dosa Coffee - Forum (0003),2026-09-27,,42907.14,79,543.13,,-8.14%,,,86,,,,,historical-total-revenue,false,East
Dosa Coffee - Forum (0003),2026-09-28,,15327.00,29,528.52,,0.00%,,,29,,,,,historical-total-revenue,false,East
Dosa Coffee - Forum (0003),2026-09-29,,22975.92,43,534.32,,48.28%,,,29,,,,,historical-total-revenue,false,East
Dosa Coffee - Forum (0003),2026-09-30,,20425.15,42,486.31,,-2.33%,,,43,,,,,historical-total-revenue,false,East
Dosa Coffee - Forum (0003),2026-10-01,,25669.55,48,534.78,,,,,,,,,,historical-total-revenue,false,East
Dosa Coffee - Forum (0003),2026-10-02,,36809.71,64,575.15,,0.00%,,,64,,,,,historical-total-revenue,false,East
Dosa Coffee - New Town - Cloud Kitchen (01/0013),2026-09-04,,33836.40,101,335.01,,31.17%,,,77,,,,,historical-total-revenue,false,East
Dosa Coffee - New Town - Cloud Kitchen (01/0013),2026-09-05,,31611.22,93,339.91,,0.00%,,,93,,,,,historical-total-revenue,false,East
Dosa Coffee - New Town - Cloud Kitchen (01/0013),2026-09-06,,30488.08,76,401.16,,-18.28%,,,93,,,,,historical-total-revenue,false,East
Dosa Coffee - New Town - Cloud Kitchen (01/0013),2026-09-07,,20827.26,55,378.68,,0.00%,,,55,,,,,historical-total-revenue,false,East
Dosa Coffee - New Town - Cloud Kitchen (01/0013),2026-09-08,,35659.83,87,409.88,,0.00%,,,87,,,,,historical-total-revenue,false,East
Dosa Coffee - New Town - Cloud Kitchen (01/0013),2026-09-09,,21518.89,56,384.27,,-35.63%,,,87,,,,,historical-total-revenue,false,East
Dosa Coffee - New Town - Cloud Kitchen (01/0013),2026-09-10,,29093.81,80,363.67,,42.86%,,,56,,,,,historical-total-revenue,false,East
Dosa Coffee - New Town - Cloud Kitchen (01/0013),2026-09-11,,23622.27,60,393.70,,-25.00%,,,80,,,,,historical-total-revenue,false,East
Dosa Coffee - New Town - Cloud Kitchen (01/0013),2026-09-12,,25114.90,74,339.39,,0.00%,,,74,,,,,historical-total-revenue,false,East
Dosa Coffee - New Town - Cloud Kitchen (01/0013),2026-09-13,,36613.28,92,397.97,,24.32%,,,74,,,,,historical-total-revenue,false,East
Dosa Coffee - New Town - Cloud Kitchen (01/0013),2026-09-14,,10028.51,28,358.16,,-69.57%,,,92,,,,,historical-total-revenue,false,East
Dosa Coffee - New Town - Cloud Kitchen (01/0013),2026-09-16,,9547.47,32,298.36,,,,,,,,,,historical-total-revenue,false,East
Dosa Coffee - New Town - Cloud Kitchen (01/0013),2026-09-17,,25408.97,70,362.99,,0.00%,,,70,,,,,historical-total-revenue,false,East
Dosa Coffee - New Town - Cloud Kitchen (01/0013),2026-09-18,,35761.16,96,372.51,,0.00%,,,96,,,,,historical-total-revenue,false,East
Dosa Coffee - New Town - Cloud Kitchen (01/0013),2026-09-19,,30943.58,77,401.86,,0.00%,,,77,,,,,historical-total-revenue,false,East
Dosa Coffee - New Town - Cloud Kitchen (01/0013),2026-09-20,,41665.34,87,478.91,,,,,,,,,,historical-total-revenue,false,East
Dosa Coffee - New Town - Cloud Kitchen (01/0013),2026-09-21,,28189.64,71,397.04,,0.00%,,,71,,,,,historical-total-revenue,false,East
Dosa Coffee - New Town - Cloud Kitchen (01/0013),2026-09-22,,25491.70,68,374.88,,0.00%,,,68,,,,,historical-total-revenue,false,East
Dosa Coffee - New Town - Cloud Kitchen (01/0013),2026-09-23,,23344.27,70,333.49,,0.00%,,,70,,,,,historical-total-revenue,false,East
Dosa Coffee - New Town - Cloud Kitchen (01/0013),2026-09-24,,28524.25,84,339.57,,20.00%,,,70,,,,,historical-total-revenue,false,East
Dosa Coffee - New Town - Cloud Kitchen (01/0013),2026-09-25,,22984.08,74,310.60,,-11.90%,,,84,,,,,historical-total-revenue,false,East
Dosa Coffee - New Town - Cloud Kitchen (01/0013),2026-09-26,,42418.05,126,336.65,,70.27%,,,74,,,,,historical-total-revenue,false,East
Dosa Coffee - New Town - Cloud Kitchen (01/0013),2026-09-27,,30154.31,72,418.81,,-42.86%,,,126,,,,,historical-total-revenue,false,East
Dosa Coffee - New Town - Cloud Kitchen (01/0013),2026-09-28,,27176.96,78,348.42,,0.00%,,,78,,,,,historical-total-revenue,false,East
Dosa Coffee - New Town - Cloud Kitchen (01/0013),2026-09-29,,25627.77,72,355.94,,-7.69%,,,78,,,,,historical-total-revenue,false,East
Dosa Coffee - New Town - Cloud Kitchen (01/0013),2026-09-30,,19474.38,56,347.76,,-22.22%,,,72,,,,,historical-total-revenue,false,East
Dosa Coffee - New Town - Cloud Kitchen (01/0013),2026-10-01,,30628.35,88,348.05,,,,,,,,,,historical-total-revenue,false,East
Dosa Coffee - New Town - Cloud Kitchen (01/0013),2026-10-02,,36955.48,100,369.55,,0.00%,,,100,,,,,historical-total-revenue,false,East
Dosa Coffee - Calcutta Swiming Club (0007),2026-09-04,,3924.06,7,560.58,,40.00%,,,5,,,,,historical-total-revenue,false,East
Dosa Coffee - Calcutta Swiming Club (0007),2026-09-05,,5349.08,7,764.15,,0.00%,,,7,,,,,historical-total-revenue,false,East
Dosa Coffee - Calcutta Swiming Club (0007),2026-09-06,,12816.09,15,854.41,,114.29%,,,7,,,,,historical-total-revenue,false,East
Dosa Coffee - Calcutta Swiming Club (0007),2026-09-07,,3156.03,5,631.21,,0.00%,,,5,,,,,historical-total-revenue,false,East
Dosa Coffee - Calcutta Swiming Club (0007),2026-09-08,,3861.06,5,772.21,,0.00%,,,5,,,,,historical-total-revenue,false,East
Dosa Coffee - Calcutta Swiming Club (0007),2026-09-09,,2844.02,3,948.01,,-40.00%,,,5,,,,,historical-total-revenue,false,East
Dosa Coffee - Calcutta Swiming Club (0007),2026-09-10,,3849.09,5,769.82,,66.67%,,,3,,,,,historical-total-revenue,false,East
Dosa Coffee - Calcutta Swiming Club (0007),2026-09-11,,4994.99,7,713.57,,40.00%,,,5,,,,,historical-total-revenue,false,East
Dosa Coffee - Calcutta Swiming Club (0007),2026-09-12,,4104.01,10,410.40,,0.00%,,,10,,,,,historical-total-revenue,false,East
Dosa Coffee - Calcutta Swiming Club (0007),2026-09-13,,8322.09,10,832.21,,0.00%,,,10,,,,,historical-total-revenue,false,East
Dosa Coffee - Calcutta Swiming Club (0007),2026-09-14,,2982.05,3,994.02,,-70.00%,,,10,,,,,historical-total-revenue,false,East
Dosa Coffee - Calcutta Swiming Club (0007),2026-09-15,,3465.02,4,866.25,,0.00%,,,4,,,,,historical-total-revenue,false,East
Dosa Coffee - Calcutta Swiming Club (0007),2026-09-16,,1752.01,2,876.00,,,,,,,,,,historical-total-revenue,false,East
Dosa Coffee - Calcutta Swiming Club (0007),2026-09-17,,3087.03,5,617.41,,0.00%,,,5,,,,,historical-total-revenue,false,East
Dosa Coffee - Calcutta Swiming Club (0007),2026-09-18,,3777.06,6,629.51,,0.00%,,,6,,,,,historical-total-revenue,false,East
Dosa Coffee - Calcutta Swiming Club (0007),2026-09-19,,4506.00,7,643.71,,0.00%,,,7,,,,,historical-total-revenue,false,East
Dosa Coffee - Calcutta Swiming Club (0007),2026-09-20,,7773.13,11,706.65,,,,,,,,,,historical-total-revenue,false,East
Dosa Coffee - Calcutta Swiming Club (0007),2026-09-21,,2562.04,5,512.41,,0.00%,,,5,,,,,historical-total-revenue,false,East
Dosa Coffee - Calcutta Swiming Club (0007),2026-09-22,,2898.06,4,724.51,,0.00%,,,4,,,,,historical-total-revenue,false,East
Dosa Coffee - Calcutta Swiming Club (0007),2026-09-23,,2757.04,5,551.41,,0.00%,,,5,,,,,historical-total-revenue,false,East
Dosa Coffee - Calcutta Swiming Club (0007),2026-09-24,,1974.04,4,493.51,,-20.00%,,,5,,,,,historical-total-revenue,false,East
Dosa Coffee - Calcutta Swiming Club (0007),2026-09-25,,3957.03,6,659.50,,50.00%,,,4,,,,,historical-total-revenue,false,East
Dosa Coffee - Calcutta Swiming Club (0007),2026-09-26,,4800.04,8,600.00,,33.33%,,,6,,,,,historical-total-revenue,false,East
Dosa Coffee - Calcutta Swiming Club (0007),2026-09-27,,9816.13,18,545.34,,125.00%,,,8,,,,,historical-total-revenue,false,East
Dosa Coffee - Calcutta Swiming Club (0007),2026-09-28,,2040.00,4,510.00,,0.00%,,,4,,,,,historical-total-revenue,false,East
Dosa Coffee - Calcutta Swiming Club (0007),2026-09-29,,4170.07,9,463.34,,125.00%,,,4,,,,,historical-total-revenue,false,East
Dosa Coffee - Calcutta Swiming Club (0007),2026-09-30,,5136.05,8,642.01,,-11.11%,,,9,,,,,historical-total-revenue,false,East
Dosa Coffee - Calcutta Swiming Club (0007),2026-10-01,,3243.06,5,648.61,,,,,,,,,,historical-total-revenue,false,East
Dosa Coffee - Calcutta Swiming Club (0007),2026-10-02,,9636.08,14,688.29,,0.00%,,,14,,,,,historical-total-revenue,false,East
Dosa Coffee - Food Truck - 1 (0008),2026-09-04,,0.00,0,,,-100.00%,,,41,,,,,historical-total-revenue,false,East
Dosa Coffee - Food Truck - 1 (0008),2026-09-07,,4570.00,33,138.48,,0.00%,,,33,,,,,historical-total-revenue,false,East
Dosa Coffee - Food Truck - 1 (0008),2026-09-08,,5655.00,44,128.52,,0.00%,,,44,,,,,historical-total-revenue,false,East
Dosa Coffee - Food Truck - 1 (0008),2026-09-09,,5109.98,42,121.67,,-4.55%,,,44,,,,,historical-total-revenue,false,East
Dosa Coffee - Food Truck - 1 (0008),2026-09-10,,4349.99,34,127.94,,-19.05%,,,42,,,,,historical-total-revenue,false,East
Dosa Coffee - Food Truck - 1 (0008),2026-09-11,,3294.98,15,219.67,,-55.88%,,,34,,,,,historical-total-revenue,false,East
Dosa Coffee - Food Truck - 1 (0008),2026-09-14,,5354.98,41,130.61,,100.00%,,,0,,,,,historical-total-revenue,false,East
Dosa Coffee - Food Truck - 1 (0008),2026-09-15,,4539.97,42,108.09,,0.00%,,,42,,,,,historical-total-revenue,false,East
Dosa Coffee - Food Truck - 1 (0008),2026-09-16,,5119.98,39,131.28,,,,,,,,,,historical-total-revenue,false,East
Dosa Coffee - Food Truck - 1 (0008),2026-09-17,,5314.99,41,129.63,,0.00%,,,41,,,,,historical-total-revenue,false,East
Dosa Coffee - Food Truck - 1 (0008),2026-09-18,,5050.00,36,140.28,,0.00%,,,36,,,,,historical-total-revenue,false,East
Dosa Coffee - Food Truck - 1 (0008),2026-09-21,,4444.95,36,123.47,,0.00%,,,36,,,,,historical-total-revenue,false,East
Dosa Coffee - Food Truck - 1 (0008),2026-09-22,,6029.98,47,128.30,,0.00%,,,47,,,,,historical-total-revenue,false,East
Dosa Coffee - Food Truck - 1 (0008),2026-09-23,,3700.01,29,127.59,,0.00%,,,29,,,,,historical-total-revenue,false,East
Dosa Coffee - Food Truck - 1 (0008),2026-09-24,,4869.98,44,110.68,,51.72%,,,29,,,,,historical-total-revenue,false,East
Dosa Coffee - Food Truck - 1 (0008),2026-09-25,,2495.01,17,146.77,,-61.36%,,,44,,,,,historical-total-revenue,false,East
Dosa Coffee - Food Truck - 1 (0008),2026-09-26,,0.00,0,,,-100.00%,,,17,,,,,historical-total-revenue,false,East
Dosa Coffee - Food Truck - 1 (0008),2026-09-28,,4404.97,43,102.44,,0.00%,,,43,,,,,historical-total-revenue,false,East
Dosa Coffee - Food Truck - 1 (0008),2026-09-29,,3275.00,27,121.30,,-37.21%,,,43,,,,,historical-total-revenue,false,East
Dosa Coffee - Food Truck - 1 (0008),2026-09-30,,2840.00,26,109.23,,-3.70%,,,27,,,,,historical-total-revenue,false,East
Dosa Coffee - Food Truck - 1 (0008),2026-10-01,,2724.98,31,87.90,,,,,,,,,,historical-total-revenue,false,East
