store,date,weekday,tier,pred_low,pred_high,pred_mid,actual_net,variance_vs_mid,variance_pct,status,drivers,notes
Connaught place (02/0012),2026-10-02,Friday,,,,,"152,678.98",,,actual_provisional_eod,Gandhi Jayanti,
"Pacific mall, Jasola (02/0011)",2026-10-02,Friday,,,,,"136,504.67",,,actual_provisional_eod,Gandhi Jayanti,
Model Town (02/0013),2026-10-02,Friday,,,,,"96,605.22",,,actual_provisional_eod,Gandhi Jayanti,
Rohini Sec-7 (02/0008),2026-10-02,Friday,,,,,"96,520.68",,,actual_provisional_eod,Gandhi Jayanti,
Sec 18 Noida (02/0001),2026-10-02,Friday,,,,,"79,713.34",,,actual_provisional_eod,Gandhi Jayanti,
Paschim Vihar (02/0003),2026-10-02,Friday,,,,,"69,905.31",,,actual_provisional_eod,Gandhi Jayanti,
Gurgaon Sec-15 (02/0010),2026-10-02,Friday,,,,,"64,787.34",,,actual_provisional_eod,Gandhi Jayanti,
Kalkaji (02/0004),2026-10-02,Friday,,,,,"51,912.64",,,actual_provisional_eod,Gandhi Jayanti,
Shalimar Bagh (02/0015),2026-10-02,Friday,,,,,"52,537.92",,,actual_provisional_eod,Gandhi Jayanti,
Sec 15 Faridabad (02/0007),2026-10-02,Friday,,,,,"41,251.98",,,actual_provisional_eod,Gandhi Jayanti,
Sec 31 - Gurgaon (02/0016),2026-10-02,Friday,,,,,"38,703.64",,,actual_provisional_eod,Gandhi Jayanti,
Gurgaon DLF (02/0009),2026-10-02,Friday,,,,,"37,579.94",,,actual_provisional_eod,Gandhi Jayanti,
Sec 143 Noida (02/0006),2026-10-02,Friday,,,,,"32,448.64",,,actual_provisional_eod,Gandhi Jayanti,
Gurgaon Sec 10 (02/0014),2026-10-02,Friday,,,,,"20,498.54",,,actual_provisional_eod,Gandhi Jayanti,
GK1 Cloud Kitchen (02/0002),2026-10-02,Friday,,,,,0.00,,,actual_provisional_eod,Gandhi Jayanti,
Chattarpur (02/0005),2026-10-02,Friday,,,,,0.00,,,actual_provisional_eod,Gandhi Jayanti,
Dosa Coffee - Salt Lake Sec-1 (0009),2026-10-02,Friday,,,,,132382.21,,,actual_provisional_eod,Gandhi Jayanti,
Dosa Coffee - Ideal Plaza (01/0001),2026-10-02,Friday,,,,,118895.11,,,actual_provisional_eod,Gandhi Jayanti,
Dosa Coffee - Lake road 01/0015,2026-10-02,Friday,,,,,118351.35,,,actual_provisional_eod,Gandhi Jayanti,
Dosa Coffee - Rangoli Mall (01/0010),2026-10-02,Friday,,,,,92549.93,,,actual_provisional_eod,Gandhi Jayanti,
Dosa Coffee - Salt Lake (002),2026-10-02,Friday,,,,,90989.62,,,actual_provisional_eod,Gandhi Jayanti,
Dosa Coffee - James long Sarani (01/0011),2026-10-02,Friday,,,,,76157.59,,,actual_provisional_eod,Gandhi Jayanti,
Dosa Coffee - Rosedale Plaza(0006),2026-10-02,Friday,,,,,75243.79,,,actual_provisional_eod,Gandhi Jayanti,
Dosa Coffee - Manisquare (0004),2026-10-02,Friday,,,,,74972.29,,,actual_provisional_eod,Gandhi Jayanti,
Dosa Coffee - Kalikapur (01/0014),2026-10-02,Friday,,,,,62466.56,,,actual_provisional_eod,Gandhi Jayanti,
Dosa Coffee - Lake Town (0005),2026-10-02,Friday,,,,,57769.92,,,actual_provisional_eod,Gandhi Jayanti,
Dosa Coffee - Quest Mall (01/0016),2026-10-02,Friday,,,,,57387.45,,,actual_provisional_eod,Gandhi Jayanti,
Dosa Coffee - Santoshpur (01/0012),2026-10-02,Friday,,,,,53174.58,,,actual_provisional_eod,Gandhi Jayanti,
Dosa Coffee - Forum (0003),2026-10-02,Friday,,,,,35056.82,,,actual_provisional_eod,Gandhi Jayanti,
Dosa Coffee - New Town - Cloud Kitchen (01/0013),2026-10-02,Friday,,,,,32138.81,,,actual_provisional_eod,Gandhi Jayanti,
Dosa Coffee - Calcutta Swiming Club (0007),2026-10-02,Friday,,,,,9177.26,,,actual_provisional_eod,Gandhi Jayanti,
Dosa Coffee - Food Truck - 1 (0008),2026-10-02,Friday,,,,,0.00,,,actual_provisional_eod,Gandhi Jayanti,
Dosa Coffee - Events & Catering,2026-10-02,Friday,,,,,0.00,,,actual_provisional_eod,Gandhi Jayanti,
