posist_store,store_code,recipe_outlet,restroworks_store,match_method,city
Dosa Coffee - Forum (0003),0003,Forum,Forum,code+name,Kolkata
Dosa Coffee - Manisquare (0004),0004,Manisquare,Manisquare,code+name,Kolkata
Dosa Coffee - Lake Town (0005),0005,Lake Town,Lake Town,code+name,Kolkata
Dosa Coffee - Calcutta Swiming Club (0007),0007,Calcutta Swimming Club,Calcutta Swimming Club,code+name,Kolkata
Dosa Coffee - Food Truck - 1 (0008),0008,Food Truck - 1,Food Truck - 1,code+name,Kolkata
Dosa Coffee - Salt Lake Sec-1 (0009),0009,Salt Lake Sec-1,Salt Lake Sec-1,code+name,Kolkata
Dosa Coffee - Salt Lake (002),002,Salt Lake,Salt Lake,code+name,Kolkata
Dosa Coffee - Ideal Plaza (01/0001),01-0001,Ideal Plaza,Ideal Plaza,code+name,Kolkata
Dosa Coffee - Rosedale Plaza(0006),01-0006,Rosedale Plaza,Rosedale Plaza,code+name,Kolkata
Dosa Coffee - Rangoli Mall (01/0010),01-0010,Rangoli Mall,Rangoli Mall,code+name,Kolkata
Dosa Coffee - James long Sarani (01/0011),01-0011,James Long Sarani,James Long Sarani,code+name,Kolkata
Dosa Coffee - Santoshpur (01/0012),01-0012,Santoshpur,Santoshpur,code+name,Kolkata
Dosa Coffee - New Town - Cloud Kitchen (01/0013),01-0013,New Town - Cloud Kitchen,New Town - Cloud Kitchen,code+name,Kolkata
Dosa Coffee - Kalikapur (01/0014),01-0014,Kalikapur,Kalikapur,code+name,Kolkata
Dosa Coffee - Lake road 01/0015,01-0015,Lake Road,Lake Road,code+name,Kolkata
Dosa Coffee - Quest Mall (01/0016),01-0016,Quest Mall,Quest Mall,code+name,Kolkata
Dosa Coffee - Sec 18 Noida (02/0001),02-0001,Sec 18 Noida,Sec 18 Noida,code+name,Delhi NCR
Dosa Coffee - Paschim Vihar (02/0003),02-0003,Paschim Vihar,Paschim Vihar,code+name,Delhi NCR
Kalkaji (02/0004),02-0004,Kalkaji,Kalkaji,code+name,Delhi NCR
Dosa Coffee - Sec 143 Noida (02/0006),02-0006,Sec 143 Noida,Sec 143 Noida,code+name,Delhi NCR
Dosa Coffee - Sec 15 Faridabad (02/0007),02-0007,Sec 15 Faridabad,Sec 15 Faridabad,code+name,Delhi NCR
Dosa Coffee - Rohini Sec-7 (02/0008),02-0008,Rohini Sec-7,Rohini Sec-7,code+name,Delhi NCR
Gurgaon DLF (02/0009),02-0009,Gurgaon DLF,Gurgaon DLF,code+name,Delhi NCR
Gurgaon Sec-15 (02/0010),02-0010,Gurgaon Sec-15,Gurgaon Sec-15,code+name,Delhi NCR
"Dosa Coffee - Pacific mall, Jasola",02-0011,"Pacific Mall, Jasola","Pacific Mall, Jasola",name,Delhi NCR
Connaught place (02/0012),02-0012,Connaught Place,Connaught Place,code+name,Delhi NCR
Dosa Coffee - Model Town (02/0013),02-0013,Model Town,Model Town,code+name,Delhi NCR
Gurgaon Sec 10 (02/0014),02-0014,Gurgaon Sec 10,Gurgaon Sec 10,name,Delhi NCR
Dosa Coffee - Shalimar Bagh (02/0015),02-0015,Shalimar Bagh,Shalimar Bagh,code+name,Delhi NCR
Sec 31 - Gurgaon (02/0016),02-0016,Sec 31 - Gurgaon,Sec 31 - Gurgaon,code+name,Delhi NCR
