date,weekday,tier,pred_low_L,pred_high_L,pred_mid_L,actual_net_L,variance_vs_mid_L,variance_pct,status,drivers,notes
2026-10-02,Friday,Holiday,18,22,20.0,21.16,1.16,5.8,actual,Gandhi Jayanti; holiday uplift (East+North closed Posist),Closed historical Net: East ₹10.94230L + North ₹10.21367L = ₹21.16L. In band (pred ₹18–22L). Source: Posist Insights cards pulled 9 Oct 2026 15:45 IST. Late-settlement revision from ₹21.14L on closed historical Insights cards pulled 9 Oct 2026 15:45 IST.
2026-10-03,Saturday,Weather caution,11,14,12.5,19.36,6.86,54.9,actual,"Normal weekend tier, with first-week Kolkata rain risk",Closed historical Net: East ₹11.00222L + North ₹8.35754L = ₹19.36L. Above band (pred ₹11–14L). Source: Posist Insights cards pulled 9 Oct 2026 15:45 IST.
2026-10-04,Sunday,Weather caution,10,13,11.5,22.97,11.47,99.7,actual,Sunday tier reduced for first-week Kolkata rain risk,Closed historical Net: East ₹12.62393L + North ₹10.35035L = ₹22.97L. Above band (pred ₹10–13L). Source: Posist Insights cards pulled 9 Oct 2026 15:45 IST.
2026-10-05,Monday,Weather caution,10,12,11.0,11.64,0.64,5.8,actual,Working weekday less 15–25% weather caution,Closed historical Net: East ₹6.49139L + North ₹5.14420L = ₹11.64L. In band (pred ₹10–12L). Source: Posist Insights cards pulled 9 Oct 2026 15:45 IST.
2026-10-06,Tuesday,Weather caution,10,12,11.0,13.06,2.06,18.7,actual,Working weekday less 15–25% weather caution,Closed historical Net: East ₹6.95159L + North ₹6.10590L = ₹13.06L. Above band (pred ₹10–12L). Source: Posist Insights cards pulled 9 Oct 2026 15:45 IST.
2026-10-07,Wednesday,Weather caution,10,12,11.0,12.99,1.99,18.1,actual,Working weekday less 15–25% weather caution,Closed historical Net: East ₹6.95782L + North ₹6.02789L = ₹12.99L. Above band (pred ₹10–12L). Source: Posist Insights cards pulled 9 Oct 2026 15:45 IST.
2026-10-08,Thursday,Weather caution,10,12,11.0,13.83,2.83,25.7,actual,Working weekday less 15–25% weather caution,Closed historical Net: East ₹7.45295L + North ₹6.37822L = ₹13.83L. Above band (pred ₹10–12L). Source: Posist Insights cards pulled 9 Oct 2026 15:45 IST.
2026-10-09,Friday,Weather caution,10,12,11.0,14.03,3.03,27.5,actual,Working Friday less 15–25% weather caution,Closed historical Net: East ₹7.31068L + North ₹6.72310L = ₹14.03L. Above band (pred ₹10–12L). Source: Posist Insights cards pulled 10 Oct 2026 07:49 IST.
2026-10-10,Saturday,Puja / festive,15,18,16.5,,,,pending,Weekend tier with pre-festival build,Mahalaya; East/Puja demand may begin building
2026-10-11,Sunday,Puja / festive,14,17,15.5,,,,pending,Sunday tier with pre-festival build,Sharad Navratri begins; East Puja >> NCR later in month
2026-10-12,Monday,Puja / festive,14,16,15.0,,,,pending,Working weekday +10–20% pre-festival build,East Puja demand builds ahead of peak
2026-10-13,Tuesday,Puja / festive,14,17,15.5,,,,pending,Working weekday +10–20% pre-festival build,East Puja demand builds ahead of peak
2026-10-14,Wednesday,Puja / festive,14,17,15.5,,,,pending,Working weekday +10–20% pre-festival build,East Puja demand builds ahead of peak
2026-10-15,Thursday,Puja / festive,15,18,16.5,,,,pending,Pre-festival build +10–20%,Durga Puja begins in West Bengal holiday calendar
2026-10-16,Friday,Puja / festive,16,20,18.0,,,,pending,Pre-festival / Puja build,Kolkata-heavy demand; East Puja >> NCR
2026-10-17,Saturday,Puja / festive,20,24,22.0,,,,pending,Durga Puja peak band,Puja peak begins; East Puja >> NCR
2026-10-18,Sunday,Puja / festive,22,26,24.0,,,,pending,Durga Puja peak band,Kolkata-heavy Saptami; East Puja >> NCR
2026-10-19,Monday,Puja / festive,22,26,24.0,,,,pending,Durga Puja peak band,Kolkata-heavy Ashtami; East Puja >> NCR
2026-10-20,Tuesday,Puja / festive,21,25,23.0,,,,pending,Durga Puja / Dussehra peak band,Kolkata-heavy Navami; North also sees Dussehra
2026-10-21,Wednesday,Puja / festive,20,24,22.0,,,,pending,Durga Puja / Dussehra peak band,Bengal Vijaya Dashami; East Puja >> NCR
2026-10-22,Thursday,Weather caution,10,13,11.5,,,,pending,Post-festival hangover; reduced 15–25%,Demand reset after Puja; re-calibrate with daily Posist
2026-10-23,Friday,Weather caution,10,13,11.5,,,,pending,Post-festival hangover; reduced 15–25%,Demand reset after Puja; re-calibrate with daily Posist
2026-10-24,Saturday,Weather caution,12,15,13.5,,,,pending,Weekend tier with post-festival hangover,Demand reset after Puja; re-calibrate with daily Posist
2026-10-25,Sunday,Holiday,15,18,16.5,,,,pending,Festival spillover / Sunday uplift,West Bengal Lakshmi Puja; not Diwali itself
2026-10-26,Monday,Holiday,18,22,20.0,,,,pending,Gazetted/state holiday-style band,"Delhi/NCR public holiday; network estimate, not an actual"
2026-10-27,Tuesday,Working weekday,12,14,13.0,,,,pending,Working weekday tier,Post-Puja normalization
2026-10-28,Wednesday,Working weekday,12,14,13.0,,,,pending,Working weekday tier,Post-Puja normalization
2026-10-29,Thursday,Working weekday,13,15,14.0,,,,pending,Working weekday + light Diwali-prep uplift,"Diwali is Nov 8, outside window; light prep signal only"
2026-10-30,Friday,Working weekday,13,15,14.0,,,,pending,Working Friday + light Diwali-prep uplift,"Diwali is Nov 8, outside window; light prep signal only"
2026-10-31,Saturday,Weekend,15,18,16.5,,,,pending,Normal Saturday + light Diwali-prep uplift,"Diwali is Nov 8, outside window; light prep signal only"
2026-11-01,Sunday,Weekend,14,16,15.0,,,,pending,Normal Sunday + light Diwali-prep uplift,"Diwali is Nov 8, outside window; light prep signal only"
2026-11-02,Monday,Working weekday,13,15,14.0,,,,pending,Working weekday + Diwali shopping build-up,Recent weekdays closed ₹11.6–13.8L; Diwali Sun 8 Nov
2026-11-03,Tuesday,Working weekday,13,15,14.0,,,,pending,Working weekday + Diwali shopping build-up,Delhi-NCR early-Nov pollution/GRAP risk
2026-11-04,Wednesday,Working weekday,13,16,14.5,,,,pending,Working weekday + Diwali shopping build-up,Delhi-NCR early-Nov pollution/GRAP risk
2026-11-05,Thursday,Festive,14,17,15.5,,,,pending,Pre-Diwali shopping peak,Vasubaras; mall footfall up
2026-11-06,Friday,Festive,15,19,17.0,,,,pending,Dhanteras; Friday + shopping peak,Mall and market stores lead
2026-11-07,Saturday,Festive,15,19,17.0,,,,pending,Choti Diwali / Bhoot Chaturdashi Saturday,Evening may soften as families prep at home
2026-11-08,Sunday,Holiday,9,13,11.0,,,,pending,Diwali / Kali Puja Sunday; home-celebration dip,Lakshmi Puja evening at home; Kolkata Kali Puja night pandals; early closures possible
2026-11-09,Monday,Holiday,11,14,12.5,,,,pending,Post-Diwali Monday; partial holiday,Demand reset after Diwali night
2026-11-10,Tuesday,Festive,12,15,13.5,,,,pending,Govardhan Puja,Light festive spillover
2026-11-11,Wednesday,Festive,13,16,14.5,,,,pending,Bhai Dooj family outings,Festive dine-out uplift
2026-11-12,Thursday,Working weekday,12,14,13.0,,,,pending,Working weekday tier,Post-Diwali normalization
2026-11-13,Friday,Working weekday,12,15,13.5,,,,pending,Working Friday; Chhath Nahay Khay begins,Some NCR Purvanchali households observing Chhath
2026-11-14,Saturday,Weekend,15,18,16.5,,,,pending,Saturday tier; Chhath Kharna,Kolkata weekend dine-out; NCR slight Chhath dampening
2026-11-15,Sunday,Weekend,13,16,14.5,,,,pending,Sunday; Chhath Sandhya Arghya,NCR Chhath evening dampens dine-out
