Torqus   ,,,,,,,,,,,,,,,,,,,,,,
Dalgreen Foods Pvt. Ltd. ItemWise Sales Report,,,,,,,,,,,,,,,,,,,,,,
From : 01/06/2021 -- To : 30/06/2021,,,,,,,,,,,,,,,,,,,,,,
Sr. No.,Dish Name,HSN Code,Rate,Veg / Non-Veg/ Egg,Sold Qty,Discount,Net Sale Amount,"Net 
Sale %",NC Qty,NC Amount,Combo Qty,ConsumedQty,ConsumedQty %,ST,CGST,SGST,IGST,SC,VAT,Total Tax,DC & PC,"Gross
 Sale"
Dalgreen Foods Pvt. Ltd.,,,,,,,,,,,,,,,,,,,,,,
Site Name: Dosacoffee - Ballygunge,,,,,,,,,,,,,,,,,,,,,,
Brand Name: None,,,,,,,,,,,,,,,,,,,,,,
Beverages,,,,,,,,,,,,,,,,,,,,,,
Beverages:,,,,,,,,,,,,,,,,,,,,,,
1,Buttermilk - 200ml,,65,Veg,25,67.40,"1,557.60",0.13%,25,"1,625.00",0,50,0.32%,0.00,38.91,38.91,0.00,0.00,0.00,77.82,0.00,"1,635.47"
2,Coke - 300ml Can,,65,Veg,6,19.50,370.50,0.03%,0,0.00,0,6,0.04%,0.00,3.41,3.41,0.00,6.50,0.00,13.32,0.00,383.82
3,Coke Zero - 300ml Can,,65,Veg,11,29.25,685.75,0.06%,0,0.00,0,11,0.07%,0.00,0.00,0.00,0.00,0.00,0.00,0.00,0.00,685.75
4,Fanta - 300ml Can,,65,Veg,3,19.50,175.50,0.02%,0,0.00,0,3,0.02%,0.00,1.62,1.62,0.00,0.00,0.00,3.24,0.00,178.75
5,Service of Black Coffee,,30,Veg,10,0.00,300.00,0.03%,0,0.00,0,10,0.06%,0.00,8.05,8.05,0.00,21.00,0.00,37.10,6.00,343.05
6,Service of Buttermilk,,50,Veg,46,7.50,"2,292.50",0.20%,0,0.00,0,46,0.29%,0.00,62.85,62.85,0.00,214.25,0.00,339.95,15.00,"2,647.09"
7,Service of Buttermilk,,65,Veg,24,94.25,"1,465.75",0.13%,0,0.00,0,24,0.15%,0.00,36.66,36.66,0.00,0.00,0.00,73.32,146.58,"1,685.65"
8,Service of Coke,,50,Veg,19,0.00,950.00,0.08%,0,0.00,0,19,0.12%,0.00,25.56,25.56,0.00,70.00,0.00,121.12,0.00,"1,071.00"
9,Service of Coke,,65,Veg,8,78.00,442.00,0.04%,0,0.00,0,8,0.05%,0.00,11.06,11.06,0.00,0.00,0.00,22.12,44.20,508.32
10,Service of Cold Coffee,,125,Veg,34,0.00,"4,250.00",0.37%,1,125.00,0,35,0.22%,0.00,115.30,115.30,0.00,362.50,0.00,593.10,62.50,"4,905.55"
11,Service of Cotton's Lemonade,,35,Veg,30,0.00,"1,050.00",0.09%,1,35.00,0,31,0.20%,0.00,28.49,28.49,0.00,91.00,0.00,147.98,0.00,"1,198.16"
12,Service of Cotton's Lemonade,,45,Veg,33,91.58,"1,393.42",0.12%,0,0.00,0,33,0.21%,0.00,26.36,26.36,0.00,0.00,0.00,52.72,57.94,"1,504.08"
13,Service of Cottons Ice-cream soda,,35,Veg,28,0.00,980.00,0.08%,1,35.00,0,29,0.19%,0.00,26.84,26.84,0.00,94.50,0.00,148.18,0.00,"1,128.32"
14,Service of Cottons Ice-cream soda,,45,Veg,3,13.50,121.50,0.01%,0,0.00,0,3,0.02%,0.00,1.91,1.91,0.00,0.00,0.00,3.82,0.00,125.33
15,Service of Fanta,,50,Veg,14,0.00,700.00,0.06%,1,50.00,0,15,0.10%,0.00,18.92,18.92,0.00,55.00,0.00,92.84,0.00,792.75
16,Service of Fanta,,65,Veg,2,13.00,117.00,0.01%,0,0.00,0,2,0.01%,0.00,2.93,2.93,0.00,0.00,0.00,5.86,11.70,134.56
17,Service of Filter Coffee,,50,Veg,482,0.00,"24,100.00",2.07%,69,"3,450.00",0,551,3.53%,0.00,633.84,633.84,0.00,"1,370.00",0.00,"2,637.68",935.00,"27,671.00"
18,Service of Filter Coffee,,65,Veg,83,470.61,"4,924.39",0.42%,0,0.00,0,83,0.53%,0.00,99.02,99.02,0.00,0.00,0.00,198.04,224.96,"5,347.47"
19,Service of Maaza,,35,Veg,27,0.00,945.00,0.08%,0,0.00,0,27,0.17%,0.00,25.95,25.95,0.00,94.50,0.00,146.40,0.00,"1,091.57"
20,Service of Maaza,,45,Veg,5,18.00,207.00,0.02%,0,0.00,0,5,0.03%,0.00,5.18,5.18,0.00,0.00,0.00,10.36,16.20,233.57
21,Service of Mineral Water,,35,Veg,301,"2,787.75","7,747.25",0.67%,7,245.00,0,308,1.97%,0.00,208.54,208.54,0.00,601.47,0.00,"1,018.55",0.00,"8,766.86"
22,Service of Mineral Water,,40,Veg,1,7.69,32.31,0.00%,0,0.00,0,1,0.01%,0.00,0.81,0.81,0.00,0.00,0.00,1.62,3.23,37.16
23,Service of Schweppes Ginger Ale,,95,Veg,16,0.00,"1,520.00",0.13%,0,0.00,0,16,0.10%,0.00,41.78,41.78,0.00,152.00,0.00,235.56,0.00,"1,755.66"
24,Service of Schweppes Ginger Ale,,120,Veg,14,276.58,"1,403.42",0.12%,0,0.00,0,14,0.09%,0.00,35.09,35.09,0.00,0.00,0.00,70.18,89.46,"1,563.06"
25,Service of Sepoy & Co. Ginger Ale,,125,Veg,21,0.00,"2,625.00",0.23%,1,125.00,0,22,0.14%,0.00,71.26,71.26,0.00,225.00,0.00,367.52,0.00,"2,992.44"
26,Service of Sepoy & Co. Ginger Ale,,155,Veg,6,62.00,868.00,0.07%,0,0.00,0,6,0.04%,0.00,21.71,21.71,0.00,0.00,0.00,43.42,86.80,998.22
27,Service of Sprite,,50,Veg,18,0.00,900.00,0.08%,0,0.00,0,18,0.12%,0.00,24.44,24.44,0.00,75.00,0.00,123.88,0.00,"1,023.75"
28,Service of Sprite,,65,Veg,5,52.00,273.00,0.02%,0,0.00,0,5,0.03%,0.00,6.83,6.83,0.00,0.00,0.00,13.66,27.30,313.96
29,Service of Thumbs Up,,50,Veg,49,7.50,"2,442.50",0.21%,0,0.00,0,49,0.31%,0.00,67.27,67.27,0.00,239.25,0.00,373.79,0.00,"2,815.84"
30,Service of Thumbs Up,,65,Veg,5,52.00,273.00,0.02%,0,0.00,0,5,0.03%,0.00,6.83,6.83,0.00,0.00,0.00,13.66,27.30,313.96
31,Sprite - 300ml Can,,65,Veg,7,19.50,435.50,0.04%,0,0.00,0,7,0.04%,0.00,0.00,0.00,0.00,0.00,0.00,0.00,0.00,435.50
32,Thums up - 300ml Can,,65,Veg,17,59.15,"1,045.85",0.09%,0,0.00,0,17,0.11%,0.00,8.12,8.12,0.00,0.00,0.00,16.24,0.00,"1,062.10"
Beverages Total:,,,,,"1,353","4,246.26","66,593.74",5.72%,106,"5,690.00",0,"1,459",9.35%,0.00,"1,665.54","1,665.54",0.00,"3,671.97",0.00,"7,003.05","1,754.17","75,349.77"
Beverages (Super Category) Total:,,,,,"1,353","4,246.26","66,593.74",5.72%,106,"5,690.00",0,"1,459",9.35%,0.00,"1,665.54","1,665.54",0.00,"3,671.97",0.00,"7,001.86","1,754.17","75,349.77"
Food,,,,,,,,,,,,,,,,,,,,,,
Chutneys:,,,,,,,,,,,,,,,,,,,,,,
1,Beetroot Chutney,,35,Veg,6,0.00,210.00,0.02%,20,700.00,0,26,0.17%,0.00,5.52,5.52,0.00,10.50,0.00,21.54,10.50,242.04
2,Beetroot Chutney,,45,Veg,12,34.67,505.33,0.04%,0,0.00,10,22,0.14%,0.00,12.62,12.62,0.00,0.00,0.00,25.24,7.56,538.15
3,Garlic Chutney,,75,Veg,14,33.44,"1,016.56",0.09%,5,375.00,0,19,0.12%,0.00,26.17,26.17,0.00,30.00,0.00,82.34,0.00,"1,098.91"
4,Mysore Chutney,,35,Veg,12,0.00,420.00,0.04%,13,455.00,0,25,0.16%,0.00,10.61,10.61,0.00,3.50,0.00,24.72,0.00,444.68
5,Mysore Chutney,,75,Veg,15,109.74,"1,015.26",0.09%,0,0.00,0,15,0.10%,0.00,25.38,25.38,0.00,0.00,0.00,50.76,0.00,"1,066.04"
6,Raw Mango Chutney,,35,Veg,43,5.25,"1,499.75",0.13%,21,735.00,0,64,0.41%,0.00,39.02,39.02,0.00,58.97,0.00,137.01,110.50,"1,747.24"
7,Raw Mango Chutney,,45,Veg,94,268.81,"3,961.19",0.34%,0,0.00,44,138,0.88%,0.00,98.90,98.90,0.00,0.00,0.00,197.80,130.55,"4,289.80"
8,Special Chutney Platter,,285,Veg,2,0.00,570.00,0.05%,1,285.00,0,3,0.02%,0.00,15.68,15.68,0.00,57.00,0.00,88.36,0.00,658.34
9,Special Coconut Chutney,,45,Veg,20,0.00,900.00,0.08%,1,45.00,67,88,0.56%,0.00,23.72,23.72,0.00,49.50,0.00,96.94,0.00,996.93
10,Special Spicy Coconut Chutney,,35,Veg,40,0.00,"1,400.00",0.12%,4,140.00,0,44,0.28%,0.00,36.76,36.76,0.00,70.00,0.00,143.52,70.00,"1,613.57"
11,Special Spicy Coconut Chutney,,45,Veg,55,142.84,"2,332.16",0.20%,0,0.00,33,88,0.56%,0.00,58.27,58.27,0.00,0.00,0.00,116.54,60.46,"2,509.27"
12,Special White Coconut Chutney,,35,Veg,96,0.00,"3,360.00",0.29%,0,0.00,0,96,0.61%,0.00,88.17,88.17,0.00,164.50,0.00,340.84,157.50,"3,858.45"
13,Special White Coconut Chutney,,45,Veg,112,446.36,"4,593.64",0.39%,0,0.00,3,115,0.74%,0.00,114.72,114.72,0.00,0.00,0.00,229.44,162.05,"4,985.43"
14,Spicy Onion Chutney,,35,Veg,19,0.00,665.00,0.06%,0,0.00,0,19,0.12%,0.00,17.08,17.08,0.00,17.50,0.00,51.66,49.00,765.65
15,Spicy Onion Chutney,,45,Veg,55,196.60,"2,278.40",0.20%,0,0.00,28,83,0.53%,0.00,56.85,56.85,0.00,0.00,0.00,113.70,60.35,"2,452.69"
16,Spicy Tamarind chutney,,65,Veg,4,0.00,260.00,0.02%,0,0.00,0,4,0.03%,0.00,6.49,6.49,0.00,0.00,0.00,12.98,0.00,273.00
17,Spicy Tomato Onion Chutney,,35,Veg,101,0.00,"3,535.00",0.30%,21,735.00,0,122,0.78%,0.00,92.81,92.81,0.00,175.00,0.00,360.62,171.50,"4,067.20"
18,Spicy Tomato Onion Chutney,,45,Veg,189,684.09,"7,820.91",0.67%,0,0.00,55,244,1.56%,0.00,195.38,195.38,0.00,0.00,0.00,390.76,221.84,"8,433.84"
Chutneys Total:,,,,,889,"1,921.80","36,343.20",3.12%,86,"3,470.00",240,"1,215",7.78%,0.00,924.15,924.15,0.00,636.47,0.00,"2,484.77","1,211.81","40,041.23"
Chutneys Family Pack:,,,,,,,,,,,,,,,,,,,,,,
1,Raw Mango Chutney [500gm],,375,Veg,4,46.87,"1,453.13",0.12%,1,375.00,0,5,0.03%,0.00,36.34,36.34,0.00,0.00,0.00,72.68,0.00,"1,525.79"
2,Special White Chutney [500gm],,275,Veg,18,489.05,"4,460.95",0.38%,3,825.00,0,21,0.13%,0.00,111.54,111.54,0.00,0.00,0.00,223.08,315.73,"4,999.74"
3,Spicy Tomato Onion Chutney [500gm],,375,Veg,4,46.87,"1,453.13",0.12%,3,"1,125.00",0,7,0.04%,0.00,36.34,36.34,0.00,0.00,0.00,72.68,0.00,"1,525.79"
Chutneys Family Pack Total:,,,,,26,582.79,"7,367.21",0.63%,7,"2,325.00",0,33,0.21%,0.00,184.22,184.22,0.00,0.00,0.00,368.44,315.73,"8,051.32"
Dessert:,,,,,,,,,,,,,,,,,,,,,,
1,Kesari Halwa,,145,Veg,18,0.00,"2,610.00",0.22%,35,"5,075.00",0,53,0.34%,0.00,69.57,69.57,0.00,174.00,0.00,313.14,87.00,"3,010.17"
2,Kesari Halwa,,155,Veg,26,301.37,"3,728.63",0.32%,0,0.00,0,26,0.17%,0.00,93.20,93.20,0.00,0.00,0.00,186.40,0.00,"3,915.08"
3,Kesari Halwa,,185,Veg,15,342.72,"2,432.28",0.21%,0,0.00,0,15,0.10%,0.00,60.82,60.82,0.00,0.00,0.00,121.64,243.23,"2,797.15"
Dessert Total:,,,,,59,644.09,"8,770.91",0.75%,35,"5,075.00",0,94,0.60%,0.00,223.59,223.59,0.00,174.00,0.00,621.18,330.23,"9,722.40"
Do It Yourself Kits:,,,,,,,,,,,,,,,,,,,,,,
1,Appam Batter [1L],,385,Veg,0,0.00,0.00,0.00%,1,385.00,4,5,0.03%,0.00,0.00,0.00,0.00,0.00,0.00,0.00,0.00,0.00
2,Appam Batter [500 ml],,0,Veg,0,0.00,0.00,0.00%,0,0.00,1,1,0.01%,0.00,0.00,0.00,0.00,0.00,0.00,0.00,0.00,0.00
3,Appam Batter [500 ml],,195,Veg,4,0.00,780.00,0.07%,0,0.00,1,5,0.03%,0.00,19.50,19.50,0.00,0.00,0.00,39.00,78.00,897.00
4,Dosa Batter [1L],,285,Veg,42,771.32,"11,198.68",0.96%,2,570.00,1,45,0.29%,0.00,279.89,279.89,0.00,0.00,0.00,559.78,378.87,"12,137.51"
5,Dosa Batter [500 ml],,165,Veg,15,66.00,"2,409.00",0.21%,0,0.00,2,17,0.11%,0.00,60.17,60.17,0.00,0.00,0.00,120.34,49.40,"2,578.85"
6,Dosa Batter Kit,,165,Veg,8,19.69,"1,300.31",0.11%,0,0.00,0,8,0.05%,0.00,32.47,32.47,0.00,0.00,0.00,64.94,0.00,"1,365.33"
7,Dosa Batter Kit,,260,Veg,3,26.00,754.00,0.06%,0,0.00,0,3,0.02%,0.00,18.85,18.85,0.00,0.00,0.00,37.70,0.00,791.70
8,Dosa Batter Kit,,285,Veg,13,165.28,"3,539.72",0.30%,0,0.00,0,13,0.08%,0.00,88.45,88.45,0.00,0.00,0.00,176.90,0.00,"3,716.70"
9,Dosa Batter Kit,,370,Veg,1,55.50,314.50,0.03%,0,0.00,0,1,0.01%,0.00,7.86,7.86,0.00,0.00,0.00,15.72,0.00,330.23
10,Dosa Batter Kit,,380,Veg,3,57.00,"1,083.00",0.09%,0,0.00,0,3,0.02%,0.00,27.07,27.07,0.00,0.00,0.00,54.14,0.00,"1,137.15"
11,Dosa Batter Kit,,385,Veg,16,232.18,"5,927.82",0.51%,0,0.00,0,16,0.10%,0.00,148.17,148.17,0.00,0.00,0.00,296.34,296.33,"6,520.55"
12,Dosa Batter Kit,,480,Veg,2,0.00,960.00,0.08%,0,0.00,0,2,0.01%,0.00,24.00,24.00,0.00,0.00,0.00,48.00,0.00,"1,008.00"
13,Dosa Batter Kit,,505,Veg,1,101.00,404.00,0.03%,0,0.00,0,1,0.01%,0.00,10.10,10.10,0.00,0.00,0.00,20.20,40.40,464.60
14,Dosa Batter Kit,,585,Veg,11,555.74,"5,879.26",0.51%,0,0.00,0,11,0.07%,0.00,146.95,146.95,0.00,0.00,0.00,293.90,93.60,"6,266.82"
15,Dosa Batter Kit,,670,Veg,1,0.00,670.00,0.06%,0,0.00,0,1,0.01%,0.00,16.75,16.75,0.00,0.00,0.00,33.50,0.00,703.50
16,Dosa Batter Kit [1L],,200,Veg,0,0.00,0.00,0.00%,0,0.00,1,1,0.01%,0.00,0.00,0.00,0.00,0.00,0.00,0.00,0.00,0.00
17,Dosa Batter Kit [1L],,285,Veg,0,0.00,0.00,0.00%,0,0.00,13,13,0.08%,0.00,0.00,0.00,0.00,0.00,0.00,0.00,0.00,0.00
18,Dosa Batter Kit [1L],,370,Veg,0,0.00,0.00,0.00%,0,0.00,1,1,0.01%,0.00,0.00,0.00,0.00,0.00,0.00,0.00,0.00,0.00
19,Dosa Batter Kit [1L],,380,Veg,0,0.00,0.00,0.00%,0,0.00,3,3,0.02%,0.00,0.00,0.00,0.00,0.00,0.00,0.00,0.00,0.00
20,Dosa Batter Kit [1L],,585,Veg,19,643.50,"10,471.50",0.90%,11,"6,435.00",10,40,0.26%,0.00,261.77,261.77,0.00,0.00,0.00,523.54,432.90,"11,428.02"
21,Dosa Batter Kit [1L],,670,Veg,0,0.00,0.00,0.00%,0,0.00,1,1,0.01%,0.00,0.00,0.00,0.00,0.00,0.00,0.00,0.00,0.00
22,Dosa Batter Kit [500ml],,0,Veg,0,0.00,0.00,0.00%,0,0.00,3,3,0.02%,0.00,0.00,0.00,0.00,0.00,0.00,0.00,0.00,0.00
23,Dosa Batter Kit [500ml],,165,Veg,0,0.00,0.00,0.00%,0,0.00,8,8,0.05%,0.00,0.00,0.00,0.00,0.00,0.00,0.00,0.00,0.00
24,Dosa Batter Kit [500ml],,260,Veg,0,0.00,0.00,0.00%,0,0.00,3,3,0.02%,0.00,0.00,0.00,0.00,0.00,0.00,0.00,0.00,0.00
25,Dosa Batter Kit [500ml],,385,Veg,7,64.98,"2,630.02",0.23%,2,770.00,14,23,0.15%,0.00,65.76,65.76,0.00,0.00,0.00,131.52,186.00,"2,947.56"
26,Dosa Batter Kit [500ml],,480,Veg,0,0.00,0.00,0.00%,0,0.00,2,2,0.01%,0.00,0.00,0.00,0.00,0.00,0.00,0.00,0.00,0.00
27,Dosa Coffee's Appam Batter,,195,Veg,1,29.25,165.75,0.01%,0,0.00,0,1,0.01%,0.00,4.14,4.14,0.00,0.00,0.00,8.28,0.00,174.04
28,Dosa Coffee's Appam Batter,,385,Veg,5,172.96,"1,752.04",0.15%,0,0.00,0,5,0.03%,0.00,34.17,34.17,0.00,0.00,0.00,68.34,0.00,"1,820.39"
29,Dosa Coffee's Dosa Batter,,165,Veg,2,33.00,297.00,0.03%,0,0.00,0,2,0.01%,0.00,7.43,7.43,0.00,0.00,0.00,14.86,29.70,341.56
30,Dosa Coffee's Dosa Batter,,285,Veg,1,57.00,228.00,0.02%,0,0.00,0,1,0.01%,0.00,5.70,5.70,0.00,0.00,0.00,11.40,22.80,262.20
31,Dosa Coffee's Idli Batter,,165,Veg,3,66.00,429.00,0.04%,0,0.00,0,3,0.02%,0.00,10.73,10.73,0.00,0.00,0.00,21.46,42.90,493.36
32,Dosa Coffee's Idli Batter,,285,Veg,2,0.00,570.00,0.05%,0,0.00,0,2,0.01%,0.00,14.25,14.25,0.00,0.00,0.00,28.50,57.00,655.50
33,Dosa Coffee's Medu Vada Batter,,195,Veg,1,39.00,156.00,0.01%,0,0.00,0,1,0.01%,0.00,3.90,3.90,0.00,0.00,0.00,7.80,15.60,179.40
34,Filter Coffee Decoction,,385,Veg,4,77.00,"1,463.00",0.13%,0,0.00,0,4,0.03%,0.00,36.57,36.57,0.00,0.00,0.00,73.14,69.30,"1,605.46"
35,Filter Coffee Decoction,,585,Veg,1,0.00,585.00,0.05%,0,0.00,0,1,0.01%,0.00,14.62,14.62,0.00,0.00,0.00,29.24,0.00,614.25
36,Filter Coffee Decoction [1L],,985,Veg,1,0.00,985.00,0.08%,1,985.00,0,2,0.01%,0.00,24.62,24.62,0.00,0.00,0.00,49.24,0.00,"1,034.25"
37,Filter Coffee Decoction [250Ml],,385,Veg,3,0.00,"1,155.00",0.10%,0,0.00,4,7,0.04%,0.00,28.87,28.87,0.00,0.00,0.00,57.74,38.50,"1,251.26"
38,Filter Coffee Decoction [500ml],,585,Veg,1,0.00,585.00,0.05%,2,"1,170.00",1,4,0.03%,0.00,14.63,14.63,0.00,0.00,0.00,29.26,58.50,672.76
39,Idli Batter [1L],,285,Veg,17,114.00,"4,731.00",0.41%,0,0.00,2,19,0.12%,0.00,118.24,118.24,0.00,0.00,0.00,236.48,102.60,"5,070.17"
40,Idli Batter [500 ml],,165,Veg,6,6.42,983.58,0.08%,0,0.00,3,9,0.06%,0.00,24.56,24.56,0.00,0.00,0.00,49.12,15.86,"1,048.61"
41,Idli Batter Kit,,165,Veg,4,26.40,633.60,0.05%,0,0.00,0,4,0.03%,0.00,15.83,15.83,0.00,0.00,0.00,31.66,0.00,665.28
42,Idli Batter Kit,,285,Veg,3,0.00,855.00,0.07%,0,0.00,0,3,0.02%,0.00,21.37,21.37,0.00,0.00,0.00,42.74,0.00,897.75
43,Idli Batter Kit,,385,Veg,3,0.00,"1,155.00",0.10%,0,0.00,0,3,0.02%,0.00,28.86,28.86,0.00,0.00,0.00,57.72,0.00,"1,212.75"
44,Idli Batter Kit,,585,Veg,8,351.00,"4,329.00",0.37%,0,0.00,0,8,0.05%,0.00,108.20,108.20,0.00,0.00,0.00,216.40,140.40,"4,685.85"
45,Idli Batter Kit [1L],,200,Veg,0,0.00,0.00,0.00%,0,0.00,3,3,0.02%,0.00,0.00,0.00,0.00,0.00,0.00,0.00,0.00,0.00
46,Idli Batter Kit [1L],,285,Veg,0,0.00,0.00,0.00%,0,0.00,3,3,0.02%,0.00,0.00,0.00,0.00,0.00,0.00,0.00,0.00,0.00
47,Idli Batter Kit [1L],,585,Veg,1,0.00,585.00,0.05%,0,0.00,5,6,0.04%,0.00,14.62,14.62,0.00,0.00,0.00,29.24,0.00,614.25
48,Idli Batter Kit [500 ml],,0,Veg,0,0.00,0.00,0.00%,0,0.00,1,1,0.01%,0.00,0.00,0.00,0.00,0.00,0.00,0.00,0.00,0.00
49,Idli Batter Kit [500 ml],,165,Veg,0,0.00,0.00,0.00%,0,0.00,4,4,0.03%,0.00,0.00,0.00,0.00,0.00,0.00,0.00,0.00,0.00
50,Idli Batter Kit [500 ml],,385,Veg,1,0.00,385.00,0.03%,2,770.00,2,5,0.03%,0.00,9.63,9.63,0.00,0.00,0.00,19.26,38.50,442.76
51,Malabar Paratha Dough [6pcs],,245,Veg,4,73.50,906.50,0.08%,4,980.00,0,8,0.05%,0.00,22.67,22.67,0.00,0.00,0.00,45.34,0.00,951.82
52,Medu Vada Batter [1L],,395,Veg,2,0.00,790.00,0.07%,0,0.00,0,2,0.01%,0.00,19.76,19.76,0.00,0.00,0.00,39.52,0.00,829.50
53,Medu Vada Batter [500 ml],,195,Veg,2,78.00,312.00,0.03%,0,0.00,1,3,0.02%,0.00,7.80,7.80,0.00,0.00,0.00,15.60,31.20,358.80
54,Medu Vada Batter Kit,,385,Veg,2,0.00,770.00,0.07%,0,0.00,0,2,0.01%,0.00,19.25,19.25,0.00,0.00,0.00,38.50,38.50,847.01
55,Medu Vada Batter Kit [500ml],,385,Veg,2,77.00,693.00,0.06%,1,385.00,2,5,0.03%,0.00,17.33,17.33,0.00,0.00,0.00,34.66,69.30,796.96
56,Paniyaram Batter [1L],,265,Veg,2,0.00,530.00,0.05%,0,0.00,0,2,0.01%,0.00,13.24,13.24,0.00,0.00,0.00,26.48,0.00,556.50
57,Paniyaram Batter Kit,,150,Veg,2,0.00,300.00,0.03%,0,0.00,0,2,0.01%,0.00,7.50,7.50,0.00,0.00,0.00,15.00,0.00,315.00
58,Paniyaram Batter Kit,,385,Veg,1,38.50,346.50,0.03%,0,0.00,0,1,0.01%,0.00,8.66,8.66,0.00,0.00,0.00,17.32,0.00,363.83
59,Paniyaram Batter Kit [500 ml],,150,Veg,0,0.00,0.00,0.00%,0,0.00,2,2,0.01%,0.00,0.00,0.00,0.00,0.00,0.00,0.00,0.00,0.00
60,Paniyaram Batter Kit [500 ml],,385,Veg,0,0.00,0.00,0.00%,1,385.00,1,2,0.01%,0.00,0.00,0.00,0.00,0.00,0.00,0.00,0.00,0.00
61,Rava Dosa Batter [1L],,325,Veg,0,0.00,0.00,0.00%,1,325.00,0,1,0.01%,0.00,0.00,0.00,0.00,0.00,0.00,0.00,0.00,0.00
62,Rava Dosa Batter Kit,,325,Veg,2,0.00,650.00,0.06%,0,0.00,0,2,0.01%,0.00,16.24,16.24,0.00,0.00,0.00,32.48,0.00,682.50
63,Rava Dosa Batter Kit,,385,Veg,1,0.00,385.00,0.03%,0,0.00,0,1,0.01%,0.00,9.62,9.62,0.00,0.00,0.00,19.24,0.00,404.25
64,Rava Dosa Batter Kit,,525,Veg,1,0.00,525.00,0.05%,0,0.00,0,1,0.01%,0.00,13.12,13.12,0.00,0.00,0.00,26.24,0.00,551.25
65,Rava Dosa Batter Kit [1L],,525,Veg,0,0.00,0.00,0.00%,0,0.00,1,1,0.01%,0.00,0.00,0.00,0.00,0.00,0.00,0.00,0.00,0.00
66,Rava Dosa Batter Kit [1L],,585,Veg,1,117.00,468.00,0.04%,0,0.00,0,1,0.01%,0.00,11.70,11.70,0.00,0.00,0.00,23.40,46.80,538.20
67,Rava Dosa Batter Kit [500ml],,295,Veg,0,0.00,0.00,0.00%,1,295.00,0,1,0.01%,0.00,0.00,0.00,0.00,0.00,0.00,0.00,0.00,0.00
68,Rava Dosa Batter Kit [500ml],,325,Veg,0,0.00,0.00,0.00%,0,0.00,2,2,0.01%,0.00,0.00,0.00,0.00,0.00,0.00,0.00,0.00,0.00
69,Rava Dosa Batter Kit [500ml],,385,Veg,0,0.00,0.00,0.00%,0,0.00,1,1,0.01%,0.00,0.00,0.00,0.00,0.00,0.00,0.00,0.00,0.00
Do It Yourself Kits Total:,,,,,236,"4,114.22","77,025.78",6.62%,29,"13,455.00",106,371,2.38%,0.00,"1,915.59","1,915.59",0.00,0.00,0.00,"3,831.18","2,372.96","83,230.99"
Dosa:,,,,,,,,,,,,,,,,,,,,,,
1,Paper Plain Dosa,,125,Veg,40,445.59,"4,554.41",0.39%,0,0.00,0,40,0.26%,0.00,99.98,99.98,0.00,0.00,0.00,199.96,258.33,"5,012.71"
2,Paper Plain Dosa,,150,Veg,11,177.51,"1,472.49",0.13%,0,0.00,0,11,0.07%,0.00,36.82,36.82,0.00,0.00,0.00,73.64,147.25,"1,693.38"
3,Paper Plain Dosa,,170,Veg,1,34.00,136.00,0.01%,0,0.00,0,1,0.01%,0.00,3.40,3.40,0.00,0.00,0.00,6.80,13.60,156.40
4,Paper Plain Dosa,,175,Veg,3,64.66,460.34,0.04%,0,0.00,0,3,0.02%,0.00,11.51,11.51,0.00,0.00,0.00,23.02,46.03,529.39
5,Paper Plain Dosa,,195,Veg,2,78.00,312.00,0.03%,0,0.00,0,2,0.01%,0.00,7.80,7.80,0.00,0.00,0.00,15.60,31.20,358.80
6,Paper Plain Dosa,,220,Veg,1,16.30,203.70,0.02%,0,0.00,0,1,0.01%,0.00,5.09,5.09,0.00,0.00,0.00,10.18,20.37,234.25
7,Paper Sada Dosa,,95,Veg,31,0.00,"2,945.00",0.25%,0,0.00,0,31,0.20%,0.00,76.03,76.03,0.00,95.00,0.00,247.06,190.00,"3,382.04"
8,Paper Sada Dosa,,120,Veg,84,0.00,"10,080.00",0.87%,0,0.00,0,84,0.54%,0.00,267.90,267.90,0.00,636.00,0.00,"1,171.80",266.00,"11,517.80"
9,Paper Sada Dosa,,145,Veg,14,0.00,"2,030.00",0.17%,0,0.00,0,14,0.09%,0.00,55.49,55.49,0.00,188.50,0.00,299.48,9.50,"2,338.86"
10,Paper Sada Dosa,,160,Veg,3,0.00,480.00,0.04%,0,0.00,0,3,0.02%,0.00,13.20,13.20,0.00,48.00,0.00,74.40,0.00,554.40
11,Paper Sada Dosa,,170,Veg,1,0.00,170.00,0.01%,0,0.00,0,1,0.01%,0.00,4.68,4.68,0.00,17.00,0.00,26.36,0.00,196.35
12,Paper Sada Dosa,,235,Veg,2,0.00,470.00,0.04%,0,0.00,0,2,0.01%,0.00,12.92,12.92,0.00,47.00,0.00,72.84,0.00,542.86
13,Plain Dosa,,95,Veg,329,"2,895.04","28,359.96",2.44%,0,0.00,0,329,2.11%,0.00,709.52,709.52,0.00,0.00,0.00,"1,419.04","1,011.94","30,790.15"
14,Plain Dosa,,120,Veg,192,"2,268.49","20,771.51",1.78%,0,0.00,0,192,1.23%,0.00,519.89,519.89,0.00,24.00,0.00,"1,063.78","1,552.29","23,387.57"
15,Plain Dosa,,130,Veg,1,0.00,130.00,0.01%,0,0.00,0,1,0.01%,0.00,3.25,3.25,0.00,0.00,0.00,6.50,13.00,149.50
16,Plain Dosa,,140,Veg,149,"1,445.55","19,414.45",1.67%,0,0.00,0,149,0.95%,0.00,485.44,485.44,0.00,0.00,0.00,970.88,22.51,"20,407.68"
17,Plain Dosa,,145,Veg,41,425.43,"5,519.57",0.47%,0,0.00,0,41,0.26%,0.00,138.00,138.00,0.00,0.00,0.00,276.00,345.19,"6,140.83"
18,Plain Dosa,,165,Veg,25,378.77,"3,746.23",0.32%,0,0.00,0,25,0.16%,0.00,93.65,93.65,0.00,0.00,0.00,187.30,170.09,"4,103.67"
19,Plain Dosa,,170,Veg,3,59.50,450.50,0.04%,0,0.00,0,3,0.02%,0.00,11.26,11.26,0.00,0.00,0.00,22.52,30.60,503.63
20,Plain Dosa,,175,Veg,1,0.00,175.00,0.02%,0,0.00,0,1,0.01%,0.00,4.38,4.38,0.00,0.00,0.00,8.76,17.50,201.26
21,Plain Dosa,,190,Veg,3,60.30,509.70,0.04%,0,0.00,0,3,0.02%,0.00,12.74,12.74,0.00,0.00,0.00,25.48,31.97,567.15
22,Plain Dosa,,210,Veg,2,26.92,393.08,0.03%,0,0.00,0,2,0.01%,0.00,9.83,9.83,0.00,0.00,0.00,19.66,39.31,452.05
23,Plain Dosa,,300,Veg,1,0.00,300.00,0.03%,0,0.00,0,1,0.01%,0.00,7.50,7.50,0.00,0.00,0.00,15.00,30.00,345.00
24,Rava Plain Dosa,,125,Veg,82,917.82,"9,332.18",0.80%,0,0.00,0,82,0.53%,0.00,233.25,233.25,0.00,0.00,0.00,466.50,409.05,"10,207.88"
25,Rava Plain Dosa,,150,Veg,76,"1,071.64","10,328.36",0.89%,0,0.00,0,76,0.49%,0.00,258.25,258.25,0.00,0.00,0.00,516.50,495.98,"11,340.83"
26,Rava Plain Dosa,,170,Veg,20,172.12,"3,227.88",0.28%,0,0.00,0,20,0.13%,0.00,80.68,80.68,0.00,0.00,0.00,161.36,0.00,"3,389.28"
27,Rava Plain Dosa,,175,Veg,6,86.99,963.01,0.08%,0,0.00,0,6,0.04%,0.00,24.09,24.09,0.00,0.00,0.00,48.18,46.43,"1,057.60"
28,Rava Plain Dosa,,195,Veg,3,29.25,555.75,0.05%,0,0.00,0,3,0.02%,0.00,13.90,13.90,0.00,0.00,0.00,27.80,0.00,583.54
29,Rava Plain Dosa,,200,Veg,1,40.00,160.00,0.01%,0,0.00,0,1,0.01%,0.00,4.00,4.00,0.00,0.00,0.00,8.00,16.00,184.00
30,Rava Plain Dosa,,220,Veg,3,0.00,660.00,0.06%,0,0.00,0,3,0.02%,0.00,16.50,16.50,0.00,0.00,0.00,33.00,0.00,693.00
31,Rava Plain Dosa,,260,Veg,1,52.00,208.00,0.02%,0,0.00,0,1,0.01%,0.00,5.20,5.20,0.00,0.00,0.00,10.40,20.80,239.20
32,Rava Sada Dosa,,95,Veg,48,0.00,"4,560.00",0.39%,1,95.00,0,49,0.31%,0.00,120.66,120.66,0.00,266.00,0.00,507.32,171.00,"5,238.43"
33,Rava Sada Dosa,,115,Veg,65,0.00,"7,475.00",0.64%,1,115.00,0,66,0.42%,0.00,197.55,197.55,0.00,425.50,0.00,820.60,247.00,"8,542.69"
34,Rava Sada Dosa,,135,Veg,20,0.00,"2,700.00",0.23%,0,0.00,0,20,0.13%,0.00,72.56,72.56,0.00,202.50,0.00,347.62,38.00,"3,085.69"
35,Sada Dosa,,75,Veg,120,0.00,"9,000.00",0.77%,6,450.00,0,126,0.81%,0.00,230.71,230.71,0.00,225.00,0.00,686.42,652.50,"10,338.89"
36,Sada Dosa,,95,Veg,336,0.00,"31,920.00",2.74%,1,95.00,0,337,2.16%,0.00,828.95,828.95,0.00,"1,225.50",0.00,"2,883.40","1,477.50","36,280.80"
37,Sada Dosa,,115,Veg,58,0.00,"6,670.00",0.57%,3,345.00,0,61,0.39%,0.00,174.55,174.55,0.00,310.50,0.00,659.60,225.00,"7,554.64"
38,Sada Dosa,,135,Veg,8,0.00,"1,080.00",0.09%,0,0.00,0,8,0.05%,0.00,29.02,29.02,0.00,81.00,0.00,139.04,15.00,"1,234.08"
39,Sada Dosa,,175,Veg,1,0.00,175.00,0.02%,0,0.00,0,1,0.01%,0.00,5.08,4.38,0.00,0.00,0.00,9.46,26.30,210.75
Dosa Total:,,,,,"1,788","10,745.88","192,099.12",16.50%,12,"1,100.00",0,"1,800",11.53%,0.00,"4,885.23","4,884.53",0.00,"3,791.50",0.00,"13,561.26","8,087.24","213,747.03"
Ghee Roast:,,,,,,,,,,,,,,,,,,,,,,
1,Beetroot Ghee Roast Dosa,,175,Veg,1,0.00,175.00,0.02%,0,0.00,0,1,0.01%,0.00,4.81,4.81,0.00,17.50,0.00,27.12,0.00,202.13
2,Beetroot Ghee Roast Dosa,,225,Veg,5,95.00,"1,030.00",0.09%,0,0.00,0,5,0.03%,0.00,25.75,25.75,0.00,0.00,0.00,51.50,80.50,"1,162.01"
3,Dhaniya Ghee Roast Dosa,,175,Veg,9,0.00,"1,575.00",0.14%,0,0.00,0,9,0.06%,0.00,42.00,42.00,0.00,105.00,0.00,189.00,52.50,"1,816.53"
4,Dhaniya Ghee Roast Dosa,,225,Veg,5,103.74,"1,021.26",0.09%,0,0.00,0,5,0.03%,0.00,25.52,25.52,0.00,0.00,0.00,51.04,18.00,"1,090.32"
5,Garlic Ghee Roast Dosa,,175,Veg,18,0.00,"3,150.00",0.27%,1,175.00,0,19,0.12%,0.00,84.01,84.01,0.00,210.00,0.00,378.02,87.50,"3,615.55"
6,Garlic Ghee Roast Dosa,,225,Veg,34,559.72,"7,090.28",0.61%,0,0.00,0,34,0.22%,0.00,177.26,177.26,0.00,0.00,0.00,354.52,478.62,"7,923.49"
7,Mysore Ghee Roast Dosa,,175,Veg,12,0.00,"2,100.00",0.18%,0,0.00,0,12,0.08%,0.00,55.14,55.14,0.00,105.00,0.00,215.28,105.00,"2,420.28"
8,Mysore Ghee Roast Dosa,,225,Veg,21,404.55,"4,320.45",0.37%,0,0.00,0,21,0.13%,0.00,108.01,108.01,0.00,0.00,0.00,216.02,263.43,"4,799.94"
9,Plain Ghee Roast Dosa,,145,Veg,51,0.00,"7,395.00",0.64%,3,435.00,0,54,0.35%,0.00,196.43,195.72,0.00,435.00,0.00,827.15,314.36,"8,536.43"
10,Plain Ghee Roast Dosa,,185,Veg,99,"1,616.63","16,698.37",1.43%,0,0.00,0,99,0.63%,0.00,417.38,417.38,0.00,0.00,0.00,834.76,874.63,"18,407.98"
11,Raw Mango Ghee Roast Dosa,,175,Veg,20,0.00,"3,500.00",0.30%,1,175.00,0,21,0.13%,0.00,92.32,92.32,0.00,192.50,0.00,377.14,157.50,"4,034.67"
12,Raw Mango Ghee Roast Dosa,,225,Veg,22,451.66,"4,498.34",0.39%,0,0.00,0,22,0.14%,0.00,112.47,112.47,0.00,0.00,0.00,224.94,430.71,"5,153.99"
13,Spicy Coconut Ghee Roast Dosa,,175,Veg,1,0.00,175.00,0.02%,0,0.00,0,1,0.01%,0.00,4.81,4.81,0.00,17.50,0.00,27.12,0.00,202.13
14,Spicy Onion Ghee Roast,,225,Veg,9,179.79,"1,845.21",0.16%,0,0.00,0,9,0.06%,0.00,46.12,46.12,0.00,0.00,0.00,92.24,59.48,"1,996.96"
15,Spicy Onion Tomato Ghee Roast Dosa,,175,Veg,3,0.00,525.00,0.05%,0,0.00,0,3,0.02%,0.00,14.43,14.43,0.00,52.50,0.00,81.36,0.00,606.39
16,Spicy Onion Tomato Ghee Roast Dosa,,225,Veg,4,121.91,778.09,0.07%,0,0.00,0,4,0.03%,0.00,14.35,14.35,0.00,0.00,0.00,28.70,57.40,864.19
Ghee Roast Total:,,,,,314,"3,533.00","55,877.00",4.80%,5,785.00,0,319,2.04%,0.00,"1,420.81","1,420.10",0.00,"1,135.00",0.00,"3,975.91","2,979.63","62,832.99"
Idli:,,,,,,,,,,,,,,,,,,,,,,
1,Butter Idli pc,,45,Veg,5,0.00,225.00,0.02%,0,0.00,0,5,0.03%,0.00,6.08,6.08,0.00,18.00,0.00,30.16,4.50,259.63
2,Butter Idli Plate (2pc),,85,Veg,20,0.00,"1,700.00",0.15%,0,0.00,0,20,0.13%,0.00,43.54,43.54,0.00,42.50,0.00,129.58,127.50,"1,957.10"
3,Butter Idli Plate (2pc),,110,Veg,35,457.68,"3,392.32",0.29%,0,0.00,0,35,0.22%,0.00,84.84,84.84,0.00,0.00,0.00,169.68,145.35,"3,707.30"
4,Butter Idli Plate (2pc),,155,Veg,2,62.00,248.00,0.02%,0,0.00,0,2,0.01%,0.00,6.20,6.20,0.00,0.00,0.00,12.40,24.80,285.20
5,Dahi Idli,,55,Veg,2,0.00,110.00,0.01%,0,0.00,0,2,0.01%,0.00,2.89,2.89,0.00,5.50,0.00,11.28,5.50,126.78
6,Dahi Idli Plate,,105,Veg,1,0.00,105.00,0.01%,2,210.00,0,3,0.02%,0.00,2.89,2.89,0.00,10.50,0.00,16.28,0.00,121.27
7,Fried Idli 2 Pc - Swiggy (InActive),,100,Veg,22,174.44,"2,025.56",0.17%,0,0.00,0,22,0.14%,0.00,50.63,50.63,0.00,0.00,0.00,101.26,0.00,"2,126.84"
8,Fried Idli pc,,45,Veg,4,0.00,180.00,0.02%,0,0.00,0,4,0.03%,0.00,4.96,4.96,0.00,18.00,0.00,27.92,0.00,207.88
9,Fried Idli pc,,100,Veg,30,219.21,"2,780.79",0.24%,0,0.00,0,30,0.19%,0.00,69.54,69.54,0.00,0.00,0.00,139.08,0.00,"2,919.83"
10,Fried Idli Plate,,80,Veg,19,0.00,"1,520.00",0.13%,0,0.00,0,19,0.12%,0.00,39.40,39.40,0.00,56.00,0.00,134.80,0.00,"1,654.80"
11,Fried Idli Plate,,100,Veg,13,214.73,"1,085.27",0.09%,0,0.00,0,13,0.08%,0.00,27.14,27.14,0.00,0.00,0.00,54.28,108.53,"1,248.08"
12,Fried Idli Plate,,145,Veg,4,53.25,526.75,0.05%,0,0.00,0,4,0.03%,0.00,13.17,13.17,0.00,0.00,0.00,26.34,52.67,605.76
13,Fried Idli Plate,,190,Veg,1,17.76,172.24,0.01%,0,0.00,0,1,0.01%,0.00,4.31,4.31,0.00,0.00,0.00,8.62,17.22,198.08
14,Ghee Idli pc,,45,Veg,6,0.00,270.00,0.02%,0,0.00,0,6,0.04%,0.00,7.44,7.44,0.00,27.00,0.00,41.88,0.00,311.82
15,Ghee Idli Plate (2pc),,85,Veg,10,0.00,850.00,0.07%,0,0.00,0,10,0.06%,0.00,21.88,21.88,0.00,25.50,0.00,69.26,59.50,978.76
16,Ghee Idli Plate (2pc),,110,Veg,61,591.82,"6,118.18",0.53%,0,0.00,0,61,0.39%,0.00,152.95,152.95,0.00,0.00,0.00,305.90,309.00,"6,733.11"
17,Ghee Idli Plate (2pc),,155,Veg,4,121.18,498.82,0.04%,0,0.00,0,4,0.03%,0.00,12.47,12.47,0.00,0.00,0.00,24.94,49.88,573.64
18,Ghee Idli Plate (2pc),,200,Veg,3,58.69,541.31,0.05%,0,0.00,0,3,0.02%,0.00,13.53,13.53,0.00,0.00,0.00,27.06,54.13,622.50
19,Idli pc,,35,Veg,70,0.00,"2,450.00",0.21%,2,70.00,0,72,0.46%,0.00,64.56,64.56,0.00,129.50,0.00,258.62,105.00,"2,813.65"
20,Idli Plate (2 pc),,65,Veg,859,9.75,"55,825.25",4.80%,64,"4,160.00",0,923,5.91%,0.00,"1,424.48","1,423.78",0.00,"1,144.00",0.00,"3,992.26","4,303.89","64,121.70"
21,Idli Plate (2 pc),,85,Veg,"1,392","10,264.98","108,055.02",9.28%,0,0.00,0,"1,392",8.92%,0.00,"2,701.30","2,701.30",0.00,0.00,0.00,"5,402.60","3,957.87","117,416.31"
22,Idli Plate (2 pc),,110,Veg,3,0.00,330.00,0.03%,4,440.00,0,7,0.04%,0.00,8.53,8.53,0.00,11.00,0.00,28.06,13.00,371.05
23,Idli Plate (2 pc),,120,Veg,1,24.00,96.00,0.01%,0,0.00,0,1,0.01%,0.00,2.40,2.40,0.00,0.00,0.00,4.80,9.60,110.40
24,Idli Plate (2 pc),,130,Veg,57,859.06,"6,550.94",0.56%,0,0.00,0,57,0.37%,0.00,163.78,163.78,0.00,0.00,0.00,327.56,655.11,"7,533.61"
25,Idli Plate (2 pc),,175,Veg,11,173.23,"1,751.77",0.15%,0,0.00,0,11,0.07%,0.00,43.81,43.81,0.00,0.00,0.00,87.62,175.18,"2,014.57"
26,Idli Plate (2 pc),,200,Veg,1,0.00,200.00,0.02%,0,0.00,0,1,0.01%,0.00,5.50,5.50,0.00,20.00,0.00,31.00,0.00,231.00
27,Idli Plate (2 pc),,220,Veg,2,44.00,396.00,0.03%,0,0.00,0,2,0.01%,0.00,9.90,9.90,0.00,0.00,0.00,19.80,39.60,455.40
28,Idli Plate (2 pc),,310,Veg,1,0.00,310.00,0.03%,0,0.00,0,1,0.01%,0.00,7.75,7.75,0.00,0.00,0.00,15.50,31.00,356.50
29,Idli Plate (2 pc),,355,Veg,2,0.00,710.00,0.06%,0,0.00,0,2,0.01%,0.00,17.75,17.75,0.00,0.00,0.00,35.50,71.00,816.50
30,Idli Vada Plate,,80,Veg,69,0.00,"5,520.00",0.47%,10,800.00,0,79,0.51%,0.00,145.80,145.80,0.00,312.00,0.00,603.60,216.00,"6,339.60"
31,Idli Vada Plate,,100,Veg,193,"1,703.99","17,596.01",1.51%,0,0.00,0,193,1.24%,0.00,439.91,439.91,0.00,0.00,0.00,879.82,643.59,"19,119.41"
32,Idli Vada Plate,,135,Veg,2,21.09,248.91,0.02%,0,0.00,0,2,0.01%,0.00,6.23,6.23,0.00,0.00,0.00,12.46,24.89,286.26
33,Idli Vada Plate,,145,Veg,9,158.01,"1,146.99",0.10%,0,0.00,0,9,0.06%,0.00,28.68,28.68,0.00,0.00,0.00,57.36,114.70,"1,319.05"
34,Idli Vada Plate,,190,Veg,1,25.33,164.67,0.01%,0,0.00,0,1,0.01%,0.00,4.12,4.12,0.00,0.00,0.00,8.24,16.47,189.38
35,Malkapodi Idli pc,,50,Veg,35,0.00,"1,750.00",0.15%,1,50.00,0,36,0.23%,0.00,47.26,47.26,0.00,135.00,0.00,229.52,40.00,"2,019.25"
36,Malkapodi Idli Plate (2pc),,95,Veg,179,0.00,"17,005.00",1.46%,2,190.00,0,181,1.16%,0.00,441.54,440.84,0.00,627.00,0.00,"1,509.38","1,047.14","19,561.73"
37,Malkapodi Idli Plate (2pc),,120,Veg,221,"1,827.45","24,692.55",2.12%,0,0.00,0,221,1.42%,0.00,617.29,617.29,0.00,0.00,0.00,"1,234.58",880.00,"26,807.13"
38,Malkapodi Idli Plate (2pc),,140,Veg,3,0.00,420.00,0.04%,0,0.00,0,3,0.02%,0.00,11.20,11.20,0.00,28.00,0.00,50.40,9.50,479.90
39,Malkapodi Idli Plate (2pc),,165,Veg,21,430.09,"3,034.91",0.26%,0,0.00,0,21,0.13%,0.00,75.91,75.91,0.00,0.00,0.00,151.82,303.50,"3,490.23"
40,Malkapodi Idli Plate (2pc),,210,Veg,2,71.58,348.42,0.03%,0,0.00,0,2,0.01%,0.00,8.71,8.71,0.00,0.00,0.00,17.42,34.84,400.68
41,Malkapodi Idli Plate (2pc),,230,Veg,1,0.00,230.00,0.02%,0,0.00,0,1,0.01%,0.00,6.32,6.32,0.00,23.00,0.00,35.64,0.00,265.65
42,Malkapodi Idli Plate (2pc),,255,Veg,1,51.00,204.00,0.02%,0,0.00,0,1,0.01%,0.00,5.10,5.10,0.00,0.00,0.00,10.20,20.40,234.60
43,Malkapodi Idli Plate (2pc),,300,Veg,2,0.00,600.00,0.05%,0,0.00,0,2,0.01%,0.00,15.00,15.00,0.00,0.00,0.00,30.00,60.00,690.00
44,Rasam Idli,,45,Veg,7,0.00,315.00,0.03%,0,0.00,0,7,0.04%,0.00,8.56,8.56,0.00,27.00,0.00,44.12,4.50,363.57
45,Rasam Idli Plate (2pc),,80,Veg,14,0.00,"1,120.00",0.10%,0,0.00,0,14,0.09%,0.00,28.40,28.40,0.00,16.00,0.00,72.80,96.00,"1,288.80"
46,Rasam Idli Plate (2pc),,100,Veg,28,164.37,"2,635.63",0.23%,0,0.00,0,28,0.18%,0.00,65.89,65.89,0.00,0.00,0.00,131.78,112.20,"2,879.61"
47,Rasam Idli Plate (2pc),,135,Veg,1,24.11,110.89,0.01%,0,0.00,0,1,0.01%,0.00,2.77,2.77,0.00,0.00,0.00,5.54,11.09,127.52
48,Sambar Idli,,45,Veg,9,0.00,405.00,0.03%,0,0.00,0,9,0.06%,0.00,11.02,11.02,0.00,36.00,0.00,58.04,4.50,467.53
49,Sambar Idli Plate (2pc),,80,Veg,34,0.00,"2,720.00",0.23%,0,0.00,0,34,0.22%,0.00,73.60,73.60,0.00,224.00,0.00,371.20,40.00,"3,131.20"
50,Sambar Idli Plate (2pc),,100,Veg,101,837.44,"9,262.56",0.80%,0,0.00,0,101,0.65%,0.00,231.55,231.55,0.00,0.00,0.00,463.10,234.63,"9,960.32"
51,Sambar Idli Plate (2pc),,135,Veg,1,27.00,108.00,0.01%,0,0.00,0,1,0.01%,0.00,2.70,2.70,0.00,0.00,0.00,5.40,10.80,124.20
52,Sambar Idli Plate (2pc),,145,Veg,4,29.00,551.00,0.05%,0,0.00,0,4,0.03%,0.00,13.78,13.78,0.00,0.00,0.00,27.56,55.10,633.66
53,Sambar Idli Plate (2pc),,225,Veg,1,45.00,180.00,0.02%,0,0.00,0,1,0.01%,0.00,4.50,4.50,0.00,0.00,0.00,9.00,18.00,207.00
54,Test Item,,1,Veg,12,0.00,12.00,0.00%,1,1.00,0,13,0.08%,0.00,0.33,0.33,0.00,1.10,0.00,1.76,0.00,13.65
Idli Total:,,,,,"3,592","18,761.24","289,405.76",24.86%,86,"5,921.00",0,"3,678",23.56%,0.00,"7,309.79","7,308.39",0.00,"2,936.60",0.00,"17,554.78","14,317.68","321,279.00"
Keralite Specialities:,,,,,,,,,,,,,,,,,,,,,,
1,Aapam with Stew,,125,Veg,55,0.00,"6,875.00",0.59%,29,"3,625.00",0,84,0.54%,0.00,178.43,178.43,0.00,262.50,0.00,619.36,412.50,"7,906.78"
2,Aapam with Stew,,165,Veg,75,"1,205.65","11,169.35",0.96%,0,0.00,0,75,0.48%,0.00,279.24,279.24,0.00,0.00,0.00,558.48,482.78,"12,210.60"
3,Extra Paratha,,50,Veg,0,0.00,0.00,0.00%,1,50.00,0,1,0.01%,0.00,0.00,0.00,0.00,0.00,0.00,0.00,0.00,0.00
4,Extra Paratha,,65,Veg,0,0.00,0.00,0.00%,0,0.00,5,5,0.03%,0.00,0.00,0.00,0.00,0.00,0.00,0.00,0.00,0.00
5,Malabar Parantha,,175,Veg,6,0.00,"1,050.00",0.09%,0,0.00,0,6,0.04%,0.00,26.26,26.26,0.00,0.00,0.00,52.52,0.00,"1,102.50"
6,Malabar Parantha,,225,Veg,39,694.28,"8,080.72",0.69%,0,0.00,0,39,0.25%,0.00,201.95,201.95,0.00,0.00,0.00,403.90,0.00,"8,484.74"
7,Malabar Paratha (2pc) Paneer Korma & Stew,,175,Veg,45,0.00,"7,875.00",0.68%,1,175.00,0,46,0.29%,0.00,205.20,205.20,0.00,332.50,0.00,742.90,0.00,"8,617.97"
8,Malabar Paratha (2pc) Paneer Korma & Stew,,225,Veg,8,273.93,"1,526.07",0.13%,0,0.00,0,8,0.05%,0.00,38.15,38.15,0.00,0.00,0.00,76.30,152.61,"1,754.98"
9,Malabar Paratha (2pc) Paneer Korma & Stew,,270,Veg,1,0.00,270.00,0.02%,0,0.00,0,1,0.01%,0.00,7.43,7.43,0.00,27.00,0.00,41.86,0.00,311.85
10,Malabar Paratha (2pc) Paneer Korma & Stew,,290,Veg,2,116.00,464.00,0.04%,0,0.00,0,2,0.01%,0.00,11.60,11.60,0.00,0.00,0.00,23.20,46.40,533.60
11,Malabar Paratha (2pc) Paneer Korma & Stew,,320,Veg,5,134.41,"1,465.59",0.13%,0,0.00,0,5,0.03%,0.00,36.64,36.64,0.00,0.00,0.00,73.28,146.56,"1,685.43"
12,Malabar Paratha (2pc) Paneer Korma & Stew,,385,Veg,3,231.00,924.00,0.08%,0,0.00,0,3,0.02%,0.00,23.10,23.10,0.00,0.00,0.00,46.20,92.40,"1,062.60"
13,Paneer Korma,,0,Veg,0,0.00,0.00,0.00%,0,0.00,36,36,0.23%,0.00,0.00,0.00,0.00,0.00,0.00,0.00,0.00,0.00
14,Paneer Korma,,75,Veg,6,7.50,442.50,0.04%,18,"1,350.00",0,24,0.15%,0.00,11.80,11.80,0.00,29.25,0.00,52.85,0.00,495.35
15,Paneer Korma,,95,Veg,0,0.00,0.00,0.00%,0,0.00,9,9,0.06%,0.00,0.00,0.00,0.00,0.00,0.00,0.00,0.00,0.00
16,Paniyaram,,75,Veg,32,0.00,"2,400.00",0.21%,0,0.00,0,32,0.20%,0.00,62.68,62.68,0.00,105.00,0.00,230.36,135.00,"2,765.32"
17,Paniyaram,,95,Veg,68,723.32,"5,736.68",0.49%,0,0.00,0,68,0.44%,0.00,143.49,143.49,0.00,0.00,0.00,286.98,310.27,"6,333.89"
18,Vegetable Stew,,0,Veg,0,0.00,0.00,0.00%,0,0.00,9,9,0.06%,0.00,0.00,0.00,0.00,0.00,0.00,0.00,0.00,0.00
Keralite Specialities Total:,,,,,345,"3,386.09","48,278.91",4.15%,49,"5,200.00",59,453,2.90%,0.00,"1,225.97","1,225.97",0.00,756.25,0.00,"3,208.19","1,778.52","53,265.61"
Lockdown Specials:,,,,,,,,,,,,,,,,,,,,,,
1,Chola Bhatura,,95,Veg,2,0.00,190.00,0.02%,0,0.00,0,2,0.01%,0.00,4.75,4.75,0.00,0.00,0.00,9.50,19.00,218.50
2,Chola Bhatura,,120,Veg,21,259.77,"2,260.23",0.19%,0,0.00,0,21,0.13%,0.00,26.30,26.30,0.00,0.00,0.00,52.60,105.20,"2,418.03"
3,Chola Bhatura,,155,Veg,3,30.39,434.61,0.04%,0,0.00,0,3,0.02%,0.00,10.88,10.88,0.00,0.00,0.00,21.76,43.46,499.83
4,Extra Bhatura,,25,Veg,2,0.00,50.00,0.00%,0,0.00,0,2,0.01%,0.00,1.25,1.25,0.00,0.00,0.00,2.50,4.00,56.50
5,Extra Bhatura,,35,Veg,3,14.30,90.70,0.01%,0,0.00,3,6,0.04%,0.00,0.78,0.78,0.00,0.00,0.00,1.56,3.12,95.38
6,Extra pav,,45,Veg,0,0.00,0.00,0.00%,0,0.00,2,2,0.01%,0.00,0.00,0.00,0.00,0.00,0.00,0.00,0.00,0.00
7,Pav Bhaji,,125,Veg,3,0.00,375.00,0.03%,0,0.00,0,3,0.02%,0.00,9.36,9.36,0.00,0.00,0.00,18.72,28.50,422.25
8,Pav Bhaji,,150,Veg,20,198.20,"2,801.80",0.24%,0,0.00,0,20,0.13%,0.00,33.93,33.93,0.00,0.00,0.00,67.86,105.73,"2,975.39"
9,Pav Bhaji,,195,Veg,2,59.97,330.03,0.03%,0,0.00,0,2,0.01%,0.00,8.25,8.25,0.00,0.00,0.00,16.50,33.00,379.53
Lockdown Specials Total:,,,,,56,562.63,"6,532.37",0.56%,0,0.00,5,61,0.39%,0.00,95.50,95.50,0.00,0.00,0.00,191.00,342.01,"7,065.41"
Others:,,,,,,,,,,,,,,,,,,,,,,
1,Extra Appalam (Papad),,10,Veg,63,0.00,630.00,0.05%,6,60.00,0,69,0.44%,0.00,17.41,17.41,0.00,59.00,0.00,93.82,4.00,727.45
2,Extra Appalam (Papad),,25,Veg,10,14.31,235.69,0.02%,0,0.00,0,10,0.06%,0.00,5.91,5.91,0.00,0.00,0.00,11.82,23.57,271.08
3,Extra Sambar (250ml),,35,Veg,19,0.00,665.00,0.06%,0,0.00,0,19,0.12%,0.00,16.69,16.69,0.00,0.00,0.00,33.38,0.00,698.25
4,Extra Sambar (250ml),,45,Veg,10,54.00,396.00,0.03%,0,0.00,13,23,0.15%,0.00,9.92,9.92,0.00,0.00,0.00,19.84,39.60,455.44
5,Malkapodi + Ghee,,50,Veg,15,0.00,750.00,0.06%,0,0.00,0,15,0.10%,0.00,20.18,20.18,0.00,55.00,0.00,95.36,20.00,865.25
6,Malkapodi + Ghee,,65,Veg,13,41.52,803.48,0.07%,0,0.00,6,19,0.12%,0.00,20.09,20.09,0.00,0.00,0.00,40.18,30.33,874.02
7,Malkapodi Powder [150 g],,145,Veg,10,0.00,"1,450.00",0.12%,11,"1,595.00",0,21,0.13%,0.00,36.58,36.58,0.00,14.50,0.00,87.66,0.00,"1,537.72"
8,Rasam,,25,Veg,62,0.00,"1,550.00",0.13%,0,0.00,0,62,0.40%,0.00,40.81,40.81,0.00,82.50,0.00,164.12,62.50,"1,776.50"
9,Rasam,,35,Veg,100,214.80,"3,285.20",0.28%,0,0.00,8,108,0.69%,0.00,82.26,82.26,0.00,0.00,0.00,164.52,110.62,"3,560.25"
Others Total:,,,,,302,324.63,"9,765.37",0.84%,17,"1,655.00",27,346,2.22%,0.00,249.85,249.85,0.00,211.00,0.00,710.70,290.62,"10,765.96"
Rice:,,,,,,,,,,,,,,,,,,,,,,
1,Bisibele Bhat,,115,Veg,29,0.00,"3,335.00",0.29%,1,115.00,0,30,0.19%,0.00,85.15,85.15,0.00,69.00,0.00,239.30,264.50,"3,838.73"
2,Bisibele Bhat,,145,Veg,71,895.25,"9,399.75",0.81%,0,0.00,0,71,0.45%,0.00,234.98,234.98,0.00,0.00,0.00,469.96,453.23,"10,323.10"
3,Coconut Rice,,115,Veg,1,0.00,115.00,0.01%,0,0.00,0,1,0.01%,0.00,3.16,3.16,0.00,11.50,0.00,17.82,0.00,132.83
4,Coconut Rice,,145,Veg,12,97.50,"1,642.50",0.14%,0,0.00,0,12,0.08%,0.00,41.05,41.05,0.00,0.00,0.00,82.10,23.60,"1,748.22"
5,Curd Rice,,115,Veg,14,0.00,"1,610.00",0.14%,0,0.00,0,14,0.09%,0.00,41.44,41.44,0.00,46.00,0.00,128.88,115.00,"1,853.82"
6,Curd Rice,,145,Veg,59,497.92,"8,057.08",0.69%,0,0.00,0,59,0.38%,0.00,201.43,201.43,0.00,0.00,0.00,402.86,486.94,"8,947.05"
7,Lemon Rice,,115,Veg,16,0.00,"1,840.00",0.16%,0,0.00,0,16,0.10%,0.00,46.36,46.36,0.00,11.50,0.00,104.22,0.00,"1,944.08"
8,Lemon Rice,,145,Veg,47,457.20,"6,357.80",0.55%,0,0.00,0,47,0.30%,0.00,158.95,158.95,0.00,0.00,0.00,317.90,395.94,"7,071.71"
9,Tomato Rice,,115,Veg,17,0.00,"1,955.00",0.17%,1,115.00,0,18,0.12%,0.00,50.08,50.08,0.00,46.00,0.00,146.16,138.00,"2,239.07"
10,Tomato Rice,,145,Veg,63,570.19,"8,564.81",0.74%,0,0.00,0,63,0.40%,0.00,214.05,214.05,0.00,0.00,0.00,428.10,302.46,"9,295.59"
Rice Total:,,,,,329,"2,518.06","42,876.94",3.68%,2,230.00,0,331,2.12%,0.00,"1,076.65","1,076.65",0.00,184.00,0.00,"2,337.30","2,179.67","47,394.20"
Sevai:,,,,,,,,,,,,,,,,,,,,,,
1,Coconut Sevai,,115,Veg,2,0.00,230.00,0.02%,0,0.00,0,2,0.01%,0.00,5.76,5.76,0.00,0.00,0.00,11.52,11.50,253.00
2,Coconut Sevai,,145,Veg,8,73.95,"1,086.05",0.09%,0,0.00,0,8,0.05%,0.00,27.14,27.14,0.00,0.00,0.00,54.28,26.10,"1,166.46"
3,Lemon Sevai,,115,Veg,14,0.00,"1,610.00",0.14%,0,0.00,0,14,0.09%,0.00,42.28,42.28,0.00,80.50,0.00,165.06,80.50,"1,855.55"
4,Lemon Sevai,,145,Veg,13,147.53,"1,737.47",0.15%,0,0.00,0,13,0.08%,0.00,43.43,43.43,0.00,0.00,0.00,86.86,37.70,"1,862.05"
5,Tomato Sevai,,115,Veg,13,0.00,"1,495.00",0.13%,0,0.00,0,13,0.08%,0.00,38.83,38.83,0.00,57.50,0.00,135.16,92.00,"1,722.15"
6,Tomato Sevai,,145,Veg,12,72.61,"1,667.39",0.14%,0,0.00,0,12,0.08%,0.00,41.66,41.66,0.00,0.00,0.00,83.32,14.50,"1,765.27"
Sevai Total:,,,,,62,294.09,"7,825.91",0.67%,0,0.00,0,62,0.40%,0.00,199.10,199.10,0.00,138.00,0.00,536.20,262.30,"8,624.48"
Special Dosa:,,,,,,,,,,,,,,,,,,,,,,
1,Dhaniya Dosa,,125,Veg,27,0.00,"3,375.00",0.29%,0,0.00,0,27,0.17%,0.00,90.64,90.64,0.00,250.00,0.00,431.28,87.50,"3,893.65"
2,Dhaniya Dosa,,145,Veg,55,777.64,"7,197.36",0.62%,0,0.00,0,55,0.35%,0.00,179.89,179.89,0.00,0.00,0.00,359.78,322.98,"7,880.27"
3,Garlic Dosa,,145,Veg,52,72.50,"7,467.50",0.64%,2,290.00,0,54,0.35%,0.00,196.83,196.83,0.00,406.00,0.00,799.66,232.00,"8,499.05"
4,Garlic Dosa,,185,Veg,56,882.86,"9,477.14",0.81%,0,0.00,0,56,0.36%,0.00,236.86,236.86,0.00,0.00,0.00,473.72,429.08,"10,380.09"
5,Guntur Karampodi Dosa,,185,Veg,88,27.75,"16,252.25",1.40%,0,0.00,0,88,0.56%,0.00,431.17,431.17,0.00,996.23,0.00,"1,858.57",555.00,"18,665.67"
6,Guntur Karampodi Dosa,,245,Veg,85,"1,922.06","18,902.94",1.62%,0,0.00,0,85,0.54%,0.00,472.60,472.60,0.00,0.00,0.00,945.20,"1,039.89","20,888.12"
7,Malkapodi Dosa,,125,Veg,62,18.75,"7,731.25",0.66%,1,125.00,0,63,0.40%,0.00,201.34,201.34,0.00,325.00,0.00,727.68,437.50,"8,896.44"
8,Malkapodi Dosa,,145,Veg,104,"1,354.85","13,725.15",1.18%,0,0.00,0,104,0.67%,0.00,343.09,343.09,0.00,0.00,0.00,686.18,621.58,"15,033.09"
9,Mysore Dosa,,125,Veg,57,0.00,"7,125.00",0.61%,1,125.00,0,58,0.37%,0.00,189.37,189.37,0.00,450.00,0.00,828.74,262.50,"8,216.08"
10,Mysore Dosa,,145,Veg,130,"1,906.76","16,943.24",1.46%,0,0.00,0,130,0.83%,0.00,423.44,423.44,0.00,0.00,0.00,846.88,731.53,"18,521.98"
11,Steam Dosa,,145,Veg,16,21.75,"2,298.25",0.20%,0,0.00,0,16,0.10%,0.00,59.94,59.94,0.00,99.32,0.00,219.20,130.50,"2,647.92"
12,Steam Dosa,,185,Veg,39,463.49,"6,751.51",0.58%,0,0.00,0,39,0.25%,0.00,168.76,168.76,0.00,0.00,0.00,337.52,140.60,"7,229.70"
Special Dosa Total:,,,,,771,"7,448.41","117,246.59",10.07%,4,540.00,0,775,4.96%,0.00,"2,993.93","2,993.93",0.00,"2,526.55",0.00,"8,514.41","4,990.66","130,752.06"
Toppings:,,,,,,,,,,,,,,,,,,,,,,
1,Butter,,20,Veg,7,0.00,140.00,0.01%,8,160.00,57,72,0.46%,0.00,3.70,3.70,0.00,8.00,0.00,15.40,0.00,155.40
2,Butter,,25,Veg,0,0.00,0.00,0.00%,0,0.00,57,57,0.37%,0.00,0.00,0.00,0.00,0.00,0.00,0.00,0.00,0.00
3,Cheese,,20,Veg,26,0.00,520.00,0.04%,0,0.00,63,89,0.57%,0.00,13.90,13.90,0.00,36.00,0.00,63.80,0.00,583.80
4,Cheese,,25,Veg,2,10.00,40.00,0.00%,0,0.00,73,75,0.48%,0.00,1.00,1.00,0.00,0.00,0.00,2.00,4.00,46.00
5,Ghee,,20,Veg,3,0.00,60.00,0.01%,18,360.00,16,37,0.24%,0.00,1.65,1.65,0.00,6.00,0.00,9.30,0.00,69.30
6,Ghee,,25,Veg,2,10.00,40.00,0.00%,0,0.00,34,36,0.23%,0.00,1.00,1.00,0.00,0.00,0.00,2.00,4.00,46.00
7,Green Chilly,,0,Veg,0,0.00,0.00,0.00%,0,0.00,8,8,0.05%,0.00,0.00,0.00,0.00,0.00,0.00,0.00,0.00,0.00
8,Green Chilly,,40,Veg,3,0.00,120.00,0.01%,0,0.00,0,3,0.02%,0.00,3.20,3.20,0.00,8.00,0.00,14.40,0.00,134.40
9,Malkapodi,,25,Veg,8,35.00,165.00,0.01%,0,0.00,1,9,0.06%,0.00,4.13,4.13,0.00,0.00,0.00,8.26,16.50,189.76
10,Malkapodi,,85,Veg,0,0.00,0.00,0.00%,0,0.00,2,2,0.01%,0.00,0.00,0.00,0.00,0.00,0.00,0.00,0.00,0.00
11,Onion,,20,Veg,9,0.00,180.00,0.02%,8,160.00,88,105,0.67%,0.00,4.90,4.90,0.00,16.00,0.00,25.80,0.00,205.80
12,Onion,,25,Veg,1,5.00,20.00,0.00%,0,0.00,124,125,0.80%,0.00,0.50,0.50,0.00,0.00,0.00,1.00,2.00,23.00
13,Potato Masala,,20,Veg,148,50.00,"2,910.00",0.25%,44,880.00,370,562,3.60%,0.00,75.35,75.35,0.00,104.00,0.00,254.70,0.00,"3,164.70"
14,Potato Masala,,25,Veg,219,408.53,"5,066.47",0.44%,0,0.00,272,491,3.15%,0.00,126.55,126.55,0.00,0.00,0.00,253.10,206.57,"5,526.49"
15,Potato Masala,,45,Veg,6,33.75,236.25,0.02%,0,0.00,187,193,1.24%,0.00,5.91,5.91,0.00,0.00,0.00,11.82,0.00,248.06
16,Potato Masala [250gm],,95,Veg,0,0.00,0.00,0.00%,0,0.00,9,9,0.06%,0.00,0.00,0.00,0.00,0.00,0.00,0.00,0.00,0.00
Toppings Total:,,,,,434,552.28,"9,497.72",0.82%,78,"1,560.00","1,361","1,873",12.00%,0.00,241.79,241.79,0.00,178.00,0.00,661.58,233.07,"10,392.71"
Upma:,,,,,,,,,,,,,,,,,,,,,,
1,Upma,,85,Veg,113,412.88,"9,192.12",0.79%,0,0.00,0,113,0.72%,0.00,229.64,229.64,0.00,0.00,0.00,459.28,0.00,"9,651.70"
2,Upma,,95,Veg,116,0.00,"11,020.00",0.95%,2,190.00,0,118,0.76%,0.00,278.81,278.81,0.00,123.50,0.00,681.12,969.00,"12,669.74"
3,Upma,,120,Veg,73,865.03,"7,894.97",0.68%,0,0.00,0,73,0.47%,0.00,197.34,197.34,0.00,0.00,0.00,394.68,789.53,"9,079.18"
Upma Total:,,,,,302,"1,277.91","28,107.09",2.41%,2,190.00,0,304,1.95%,0.00,705.79,705.79,0.00,123.50,0.00,"1,535.08","1,758.53","31,400.62"
Uttapam:,,,,,,,,,,,,,,,,,,,,,,
1,Masala Uttapam,,95,Veg,15,0.00,"1,425.00",0.12%,0,0.00,0,15,0.10%,0.00,36.38,36.38,0.00,28.50,0.00,101.26,114.00,"1,640.19"
2,Masala Uttapam,,120,Veg,26,283.42,"2,836.58",0.24%,0,0.00,0,26,0.17%,0.00,70.92,70.92,0.00,0.00,0.00,141.84,77.39,"3,055.77"
3,Mixed Uttapam,,115,Veg,35,0.00,"4,025.00",0.35%,0,0.00,0,35,0.22%,0.00,105.27,105.27,0.00,184.00,0.00,394.54,218.50,"4,638.03"
4,Mixed Uttapam,,145,Veg,60,928.37,"7,771.63",0.67%,0,0.00,0,60,0.38%,0.00,194.30,194.30,0.00,0.00,0.00,388.60,458.40,"8,618.72"
5,Onion Uttapam,,95,Veg,70,0.00,"6,650.00",0.57%,0,0.00,0,70,0.45%,0.00,173.42,173.42,0.00,285.00,0.00,631.84,361.00,"7,642.90"
6,Onion Uttapam,,120,Veg,125,"1,458.28","13,541.72",1.16%,0,0.00,0,125,0.80%,0.00,338.55,338.55,0.00,0.00,0.00,677.10,682.74,"14,901.50"
7,Plain Uttapam,,85,Veg,7,0.00,595.00,0.05%,0,0.00,0,7,0.04%,0.00,15.08,15.08,0.00,8.50,0.00,38.66,51.00,684.67
8,Tomato Onion Uttapam,,95,Veg,7,0.00,665.00,0.06%,0,0.00,0,7,0.04%,0.00,18.05,18.05,0.00,57.00,0.00,93.10,9.50,767.62
9,Tomato Onion Uttapam,,120,Veg,49,460.31,"5,419.69",0.47%,0,0.00,0,49,0.31%,0.00,135.49,135.49,0.00,0.00,0.00,270.98,234.79,"5,925.46"
10,Tomato Uttapam,,95,Veg,7,0.00,665.00,0.06%,0,0.00,0,7,0.04%,0.00,17.35,17.35,0.00,28.50,0.00,63.20,38.00,766.19
11,Tomato Uttapam,,120,Veg,4,35.99,444.01,0.04%,0,0.00,0,4,0.03%,0.00,11.10,11.10,0.00,0.00,0.00,22.20,12.00,478.21
12,Vegetable Uttapam,,95,Veg,12,0.00,"1,140.00",0.10%,0,0.00,0,12,0.08%,0.00,29.47,29.47,0.00,38.00,0.00,96.94,76.00,"1,312.92"
13,Vegetable Uttapam,,120,Veg,19,138.72,"2,141.28",0.18%,0,0.00,0,19,0.12%,0.00,53.53,53.53,0.00,0.00,0.00,107.06,79.36,"2,327.70"
Uttapam Total:,,,,,436,"3,305.09","47,319.91",4.07%,0,0.00,0,436,2.79%,0.00,"1,198.91","1,198.91",0.00,629.50,0.00,"3,027.32","2,412.68","52,759.88"
Vada:,,,,,,,,,,,,,,,,,,,,,,
1,2 Masala Vada Half-fried,,0,Veg,0,0.00,0.00,0.00%,0,0.00,5,5,0.03%,0.00,0.00,0.00,0.00,0.00,0.00,0.00,0.00,0.00
2,2 Masala Vada Regular,,0,Veg,0,0.00,0.00,0.00%,0,0.00,183,183,1.17%,0.00,0.00,0.00,0.00,0.00,0.00,0.00,0.00,0.00
3,2 Medu Vada Half-fried,,0,Veg,0,0.00,0.00,0.00%,0,0.00,50,50,0.32%,0.00,0.00,0.00,0.00,0.00,0.00,0.00,0.00,0.00
4,2 Medu Vada Regular,,0,Veg,1,0.00,0.00,0.00%,0,0.00,556,557,3.57%,0.00,0.00,0.00,0.00,0.00,0.00,0.00,0.00,0.00
5,Dahi Vada pc,,75,Veg,15,0.00,"1,125.00",0.10%,0,0.00,0,15,0.10%,0.00,30.18,30.18,0.00,82.50,0.00,142.86,30.00,"1,297.91"
6,Dahi Vada Plate (2 pc),,145,Veg,40,166.75,"5,633.25",0.48%,0,0.00,0,40,0.26%,0.00,144.40,144.40,0.00,145.00,0.00,433.80,391.50,"6,458.61"
7,Dahi Vada Plate (2 pc),,185,Veg,108,"1,459.02","18,520.98",1.59%,0,0.00,0,108,0.69%,0.00,462.87,462.87,0.00,0.00,0.00,925.74,549.02,"19,996.15"
8,Masala Vada pc,,55,Veg,13,0.00,715.00,0.06%,0,0.00,0,13,0.08%,0.00,19.24,19.24,0.00,55.00,0.00,93.48,16.50,825.05
9,Masala Vada Plate (2 pc),,95,Veg,53,0.00,"5,035.00",0.43%,26,"2,470.00",0,79,0.51%,0.00,130.21,130.21,0.00,171.00,0.00,431.42,323.00,"5,789.37"
10,Masala Vada Plate (2 pc),,120,Veg,106,967.01,"11,752.99",1.01%,0,0.00,0,106,0.68%,0.00,293.84,293.84,0.00,0.00,0.00,587.68,404.41,"12,745.04"
11,Masala Vada Plate (2 pc),,165,Veg,3,33.00,462.00,0.04%,0,0.00,0,3,0.02%,0.00,11.55,11.55,0.00,0.00,0.00,23.10,46.20,531.30
12,Medu Vada pc,,45,Veg,65,0.00,"2,925.00",0.25%,0,0.00,0,65,0.42%,0.00,76.40,76.40,0.00,135.00,0.00,287.80,153.00,"3,365.85"
13,Medu Vada Plate (2 pc),,80,Veg,223,0.00,"17,840.00",1.53%,34,"2,720.00",0,257,1.65%,0.00,458.30,457.60,0.00,464.00,0.00,"1,379.90","1,305.33","20,525.23"
14,Medu Vada Plate (2 pc),,100,Veg,342,"3,078.53","31,121.47",2.67%,0,0.00,0,342,2.19%,0.00,778.06,778.06,0.00,0.00,0.00,"1,556.12","1,052.21","33,729.79"
15,Medu Vada Plate (2 pc),,145,Veg,2,29.00,261.00,0.02%,0,0.00,0,2,0.01%,0.00,6.53,6.53,0.00,0.00,0.00,13.06,26.10,300.16
16,Medu Vada Plate (2 pc),,190,Veg,1,38.00,152.00,0.01%,0,0.00,0,1,0.01%,0.00,3.80,3.80,0.00,0.00,0.00,7.60,15.20,174.80
17,Medu Vada Plate (2 pc),,235,Veg,1,47.00,188.00,0.02%,0,0.00,0,1,0.01%,0.00,4.70,4.70,0.00,0.00,0.00,9.40,18.80,216.20
18,Medu Vada Plate (2 pc),,280,Veg,3,0.00,840.00,0.07%,0,0.00,0,3,0.02%,0.00,21.00,21.00,0.00,0.00,0.00,42.00,84.00,966.00
19,Rasam Vada (2 Pc),,90,Veg,9,0.00,810.00,0.07%,0,0.00,0,9,0.06%,0.00,20.91,20.91,0.00,27.00,0.00,68.82,54.00,932.85
20,Rasam Vada (2 Pc),,110,Veg,39,236.93,"4,053.07",0.35%,0,0.00,0,39,0.25%,0.00,101.34,101.34,0.00,0.00,0.00,202.68,94.49,"4,350.24"
21,Rasam Vada pc,,50,Veg,3,0.00,150.00,0.01%,0,0.00,0,3,0.02%,0.00,4.01,4.01,0.00,10.00,0.00,18.02,5.00,173.00
22,Sambar Vada pc,,50,Veg,16,0.00,800.00,0.07%,0,0.00,0,16,0.10%,0.00,22.08,22.08,0.00,80.00,0.00,124.16,0.00,924.00
23,Sambar Vada Plate (2pc),,90,Veg,35,0.00,"3,150.00",0.27%,0,0.00,0,35,0.22%,0.00,82.71,82.71,0.00,162.00,0.00,327.42,144.00,"3,621.60"
24,Sambar Vada Plate (2pc),,110,Veg,59,560.35,"5,929.65",0.51%,0,0.00,0,59,0.38%,0.00,148.25,148.25,0.00,0.00,0.00,296.50,267.82,"6,493.95"
25,Sambar Vada Plate (2pc),,155,Veg,10,148.21,"1,401.79",0.12%,0,0.00,0,10,0.06%,0.00,35.06,35.06,0.00,0.00,0.00,70.12,140.18,"1,612.09"
26,Sambar Vada Plate (2pc),,200,Veg,1,28.17,171.83,0.01%,0,0.00,0,1,0.01%,0.00,4.30,4.30,0.00,0.00,0.00,8.60,17.18,197.61
Vada Total:,,,,,"1,148","6,791.97","113,038.03",9.71%,60,"5,190.00",794,"2,002",12.82%,0.00,"2,859.74","2,859.04",0.00,"1,331.50",0.00,"7,050.28","5,137.94","125,226.80"
Food (Super Category) Total:,,,,,"11,089","66,764.18","1,097,377.82",94.28%,472,"46,696.00","2,592","14,153",90.65%,0.00,"27,710.61","27,707.10",0.00,"14,751.87",0.00,"70,173.59","49,001.28","1,216,552.69"
None (Brand) Total:,,,,,"12,442","71,010.44","1,163,971.56",100.00%,578,"52,386.00","2,592","15,612",100.00%,0.00,"29,376.15","29,372.64",0.00,"18,423.84",0.00,"77,175.45","50,755.45","1,291,902.46"
Dosacoffee - Ballygunge (Site) Total:,,,,,"12,442","71,010.44","1,163,971.56",100.00%,578,"52,386.00","2,592","15,612",100.00%,0.00,"29,376.15","29,372.64",0.00,"18,423.84",0.00,"77,175.45","50,755.45","1,291,902.46"
Dalgreen Foods Pvt. Ltd. (Company) Total:,,,,,"12,442","71,010.44","1,163,971.56",100.00%,578,"52,386.00","2,592","15,612",100.00%,0.00,"29,376.15","29,372.64",0.00,"18,423.84",0.00,"77,172.63","50,755.45","1,291,902.46"
