gap_id,area,store,title,why_it_matters,fix,owner,status,due,as_of,source
tony-item-bill-01-0001,sales,Dosa Coffee - Ideal Plaza (01/0001),Item sales sit 2.66% under the bills,The gap between item sales and bill totals is probably delivery packaging charges. Still unconfirmed. This is not a dish.,Confirm the charge,Tony,open,,2026-10-08,Tony
tony-item-bill-01-0011,sales,Dosa Coffee - James long Sarani (01/0011),Item sales sit 2.66% under the bills,The gap between item sales and bill totals is probably delivery packaging charges. Still unconfirmed. This is not a dish.,Confirm the charge,Tony,open,,2026-10-08,Tony
tony-item-bill-0005,sales,Dosa Coffee - Lake Town (0005),Item sales sit 2.52% under the bills,The gap between item sales and bill totals is probably delivery packaging charges. Still unconfirmed. This is not a dish.,Confirm the charge,Tony,open,,2026-10-08,Tony
tony-item-bill-02-0013,sales,Dosa Coffee - Model Town (02/0013),Item sales sit 2.02% under the bills,The gap between item sales and bill totals is probably delivery packaging charges. Still unconfirmed. This is not a dish.,Confirm the charge,Tony,open,,2026-10-08,Tony
tony-item-bill-01-0013,sales,Dosa Coffee - New Town - Cloud Kitchen (01/0013),Item sales sit 5.02% under the bills,The gap between item sales and bill totals is probably delivery packaging charges. Still unconfirmed. This is not a dish.,Confirm the charge,Tony,open,,2026-10-08,Tony
tony-item-bill-02-0003,sales,Dosa Coffee - Paschim Vihar (02/0003),Item sales sit 2.25% under the bills,The gap between item sales and bill totals is probably delivery packaging charges. Still unconfirmed. This is not a dish.,Confirm the charge,Tony,open,,2026-10-08,Tony
tony-item-bill-02-0008,sales,Dosa Coffee - Rohini Sec-7 (02/0008),Item sales sit 2.31% under the bills,The gap between item sales and bill totals is probably delivery packaging charges. Still unconfirmed. This is not a dish.,Confirm the charge,Tony,open,,2026-10-08,Tony
tony-item-bill-01-0006,sales,Dosa Coffee - Rosedale Plaza(0006),Item sales sit 2.44% under the bills,The gap between item sales and bill totals is probably delivery packaging charges. Still unconfirmed. This is not a dish.,Confirm the charge,Tony,open,,2026-10-08,Tony
tony-item-bill-01-0012,sales,Dosa Coffee - Santoshpur (01/0012),Item sales sit 2.56% under the bills,The gap between item sales and bill totals is probably delivery packaging charges. Still unconfirmed. This is not a dish.,Confirm the charge,Tony,open,,2026-10-08,Tony
tony-item-bill-02-0006,sales,Dosa Coffee - Sec 143 Noida (02/0006),Item sales sit 3.2% under the bills,The gap between item sales and bill totals is probably delivery packaging charges. Still unconfirmed. This is not a dish.,Confirm the charge,Tony,open,,2026-10-08,Tony
tony-item-bill-02-0007,sales,Dosa Coffee - Sec 15 Faridabad (02/0007),Item sales sit 3.8% under the bills,The gap between item sales and bill totals is probably delivery packaging charges. Still unconfirmed. This is not a dish.,Confirm the charge,Tony,open,,2026-10-08,Tony
tony-item-bill-02-0001,sales,Dosa Coffee - Sec 18 Noida (02/0001),Item sales sit 3.34% under the bills,The gap between item sales and bill totals is probably delivery packaging charges. Still unconfirmed. This is not a dish.,Confirm the charge,Tony,open,,2026-10-08,Tony
tony-item-bill-02-0009,sales,Gurgaon DLF (02/0009),Item sales sit 3.56% under the bills,The gap between item sales and bill totals is probably delivery packaging charges. Still unconfirmed. This is not a dish.,Confirm the charge,Tony,open,,2026-10-08,Tony
tony-item-bill-02-0014,sales,Gurgaon Sec 10 (02/0014),Item sales sit 3.4% under the bills,The gap between item sales and bill totals is probably delivery packaging charges. Still unconfirmed. This is not a dish.,Confirm the charge,Tony,open,,2026-10-08,Tony
tony-item-bill-02-0004,sales,Kalkaji (02/0004),Item sales sit 3.59% under the bills,The gap between item sales and bill totals is probably delivery packaging charges. Still unconfirmed. This is not a dish.,Confirm the charge,Tony,open,,2026-10-08,Tony
tony-item-bill-02-0016,sales,Sec 31 - Gurgaon (02/0016),Item sales sit 2.92% under the bills,The gap between item sales and bill totals is probably delivery packaging charges. Still unconfirmed. This is not a dish.,Confirm the charge,Tony,open,,2026-10-08,Tony
