Store,lf_address,geocoded_as,lf_pin_vs_actual_m
Dosa Coffee - Ideal Plaza (01/0001),"S303, 11/1 Sarat Bose Rd, Bhowanipore 700020",S303,7
Dosa Coffee - James long Sarani (01/0011),"174 James Long Sarani, Purba Barisha 700008",Sarada Apartment,114
Dosa Coffee - Kalikapur (01/0014),"1083 N Purbachal Rd, Haltu 700078","108/3, N Purbachal Rd",518
Dosa Coffee - Lake Town (0005),"238 Lake Town Rd, South Dumdum 700089","238, Lake Town Rd",0
Dosa Coffee - Lake road 01/0015,"35 Lake Market, Kalighat 700029",35,9
Dosa Coffee - Manisquare (0004),"164/1 Maniktala Main Rd, Kankurgachi 700054",MANI SQAURE MALL,47
Dosa Coffee - New Town - Cloud Kitchen (01/0013),"Rosedale Garden Complex, New Town 700160",Rosedale,139
Dosa Coffee - Quest Mall (01/0016),"33 Beck Bagan Row, Park Circus 700017",Quest Mall,503
Dosa Coffee - Rangoli Mall (01/0010),"212 Girish Ghosh Rd, Belur Math, Howrah 711202",Forum Rangoli Mall,31
Dosa Coffee - Rosedale Plaza(0006),"Rosedale Garden Complex, New Town 700160",Rosedale,139
Dosa Coffee - Salt Lake (002),"New Horizon, JC Block, Sector 3 700106",New Horizon,2
Dosa Coffee - Salt Lake Sec-1 (0009),"BD25, BD Block, Sector 1 700064","BD25, Second floor",0
Dosa Coffee - Santoshpur (01/0012),"179C Rani Rashmoni Bagan, Santoshpur 700075",179C,6
Dosa Coffee - Forum (0003),"10/3 Elgin Rd, Bhowanipore 700020","10/3, Elgin Rd",37
Dosa Coffee - Calcutta Swiming Club (0007),"1 Strand Rd, B.B.D. Bagh 700001",Samriddhi Bhavan,387
Connaught place (02/0012),"P-22, near Shivaji Stadium, Block P, Connaught Place, New De",US Visa Application Center (VAC),644
Gurgaon DLF (02/0009),"Tower A, Street No. 1, DLF Cyber City, DLF Phase 2, Sector 2",Tower A,20
Gurgaon Sec 10 (02/0014),"SCO-99, Huda Market, Sector 10A Rd, Gurugram 122001",Bank Of India,344
Gurgaon Sec-15 (02/0010),"11, Sector 15 Part 2, Gurugram 122001",11,59
Kalkaji (02/0004),"N - 10, Kalkaji Extension, Block A 11, Govindpuri, Kalkaji, ","A-10, Kalkaji, kohinoor apartments",1286
Model Town (02/0013),"F14, Model Town Phase 2, Model Town Phase I, Model Town, Del","F14/52, S No",352
"Pacific mall, Jasola (02/0011)","Pedestrian Opas, beside Jasola Apollo Metro Station, Jasola ",Pacific Mall Jasola,0
Paschim Vihar (02/0003),"M492+VW6, Chaudhary Balbir Singh Marg, Friends Tower, A 2B B",Chaudhary Balbir Singh Marg,1390
Rohini Sec-7 (02/0008),"9, Pocket 7, Pocket C7, Sector 7, Rohini, New Delhi 110085","9, Pocket 7, Pocket",257
Sec 143 Noida (02/0006),"Corner Walk, GH-01, near Corner Walk, Sector 143, Noida 2013",Corner Walk,11
Sec 15 Faridabad (02/0007),"760, Sector 15, Faridabad 121007",760,160
Sec 18 Noida (02/0001),"N 9/1, near haldiram, N Block, Pocket K, Sector 18, Noida 20",Noida Spa service,62
Sec 31 - Gurgaon (02/0016),"239/20, Shanti Nagar, Sector 31, Gurugram 122001",FabHotel Casa 31,645
Shalimar Bagh (02/0015),"Haiderpur Badli Mor, C and D Block, Shalimar Place Site, Sha",Haiderpur Badli Mor,3518
