posist_store,picked_place,address,score_out_of_10,verdict,Energy,Quality,Anchor,Diversity,Transport,Reviews,note
Connaught place (02/0012),"Block P, Connaught Place (Connaught Circle, New Delhi)","P-22, near Shivaji Stadium, Block P, Connaught Place, New Delhi 110001",9.3,Strong site,6.0/6,0.5/1,1/1,1/1 (6 types),0.8/1,483061,"Alt pick 'Connaught place' (Rajiv Chowk, Block B) scored 8.0: Energy 6.0/6, Quality 0.5/1, Anchor 1/1, Diversity 0/1 (4 types), Transport 0.53/1, Reviews 595031"
Gurgaon DLF (02/0009),"Building no 5 dlf epitome (DLF Cyber City, DLF Phase 2, Sector 24, Gurugram)","Tower A, Street No. 1, DLF Cyber City, DLF Phase 2, Sector 24, Gurugram 122002",9.1,Strong site,5.7/6,1/1,1/1,1/1 (7 types),0.37/1,23928,
Gurgaon Sec 10 (02/0014),"Dosa Coffee, market of sector 10A, Housing Board Colony, Sector 10A","19, Khandsa Rd, market of sector 10A, Sector 10A, Gurugram 122001",7.9,Promising site,4.8/6,1/1,1/1,1/1 (6 types),0.1/1,19906,Re-scored 10 Oct at exact Google pin of the store. Earlier landmark pin scored 7.9.
Gurgaon Sec-15 (02/0010),"Sector 15 Part II Market (Huda Market Road, Sector 15 Part 2, Gurgaon)","11, Sector 15 Part 2, Gurugram 122001",6.3,Possible site,3.2/6,1/1,1/1,1/1 (7 types),0.1/1,13451,Landmark pick; no Shop 72 suggestion
Kalkaji (02/0004),"Dosa Coffee, Main Road, Krishna Market, Block H, Kalkaji","H4A, Main Rd, Krishna Market, Block H, Kalkaji, New Delhi 110019",9.2,Strong site,6.0/6,1/1,1/1,1/1 (6 types),0.2/1,54226,Re-scored 10 Oct at exact Google pin of the store. Earlier landmark pin scored 2.3.
Model Town (02/0013),"F14 (Model Town Phase 2, Model Town Phase I, Delhi)","F14, Model Town Phase 2, Model Town Phase I, Model Town, Delhi 110033",8.8,Promising site,5.5/6,1/1,1/1,1/1 (5 types),0.37/1,22833,PIN shows 110033 vs store 110009
"Pacific mall, Jasola (02/0011)","Pacific Mall Jasola (Pedestrian Overpass, Jasola Vihar, New Delhi)","Pedestrian Opas, beside Jasola Apollo Metro Station, Jasola Vihar, New Delhi 110020",5.6,Possible site,3.0/6,1/1,1/1,0/1 (4 types),0.53/1,12671,"Pin on overpass by metro, not inside mall"
Paschim Vihar (02/0003),"Dosa Coffee, Paschim Vihar, Chaudhary Balbir Singh Marg, A5B block","A6/10, Chaudhary Balbir Singh Marg, Pocket 7, A5B block, Paschim Vihar 110063",6.7,Possible site,4.1/6,0.5/1,1/1,1/1 (7 types),0.1/1,16922,Re-scored 10 Oct at exact Google pin of the store. Earlier landmark pin scored 7.5.
Rohini Sec-7 (02/0008),"9, Pocket 7, Sector 7C, Rohini (New Delhi)","9, Pocket 7, Pocket C7, Sector 7, Rohini, New Delhi 110085",8.5,Promising site,6.0/6,1/1,0/1,1/1 (5 types),0.47/1,33925,No C-9/32 suggestion; only option
Sec 143 Noida (02/0006),"Corner Walk (Victory Cross Road, Sector 143, Noida)","Corner Walk, GH-01, near Corner Walk, Sector 143, Noida 201304",4.4,Weak site,1.0/6,1/1,1/1,1/1 (6 types),0.37/1,4207,Good match; PIN 201304 vs 201305
Sec 15 Faridabad (02/0007),"Sector 15 Market Faridabad Haryana (Sector 15, Faridabad)","760, Sector 15, Faridabad 121007",5.4,Possible site,3.7/6,0.5/1,1/1,0/1 (4 types),0.2/1,15288,Landmark pick; no SCF-78 suggestion
Sec 18 Noida (02/0001),"N Block, Pocket K, Sector 18 (Noida)","N 9/1, near haldiram, N Block, Pocket K, Sector 18, Noida 201301",8.9,Promising site,6.0/6,0.5/1,1/1,1/1 (7 types),0.37/1,108676,Good match
Sec 31 - Gurgaon (02/0016),"Jharsa chowk (Medicity, Islampur Colony, Sector 31, Gurugram)","239/20, Shanti Nagar, Sector 31, Gurugram 122001",2.4,Weak site,1.6/6,0.5/1,0/1,0/1 (4 types),0.33/1,6583,Only suggestion
Shalimar Bagh (02/0015),"Dosa Coffee, Wazirpur Industrial Area, Shalimar Bagh","103, Wazirpur Industrial Area, Ashok Vihar, Delhi 110052",4.5,Weak site,1.1/6,1/1,1/1,1/1 (6 types),0.43/1,4546,Re-scored 10 Oct at exact Google pin of the store. Earlier landmark pin scored 2.6.
