store,zomato_delivery,zomato_dining,google,swiggy,as_of
01/0003 / Dosa Coffee- Forum Mall,,,4.5,,2026-10-03 17:27
02/2014_Dosa Coffee - Gurgaon Sec-10,4.1,4.2,4.5,3.9,2026-10-03 17:27
01/0015_Dosa Coffee - Lake Road,4.4,4.1,4.4,,2026-10-03 17:27
02/2008/ Dosa Coffee_Rohini Sec-7,4.2,4.3,,4.3,2026-10-03 17:27
02/0012_Dosa Coffee - Connaught Place,4.2,4.1,4.4,4.3,2026-10-03 17:27
02/0013_Dosa Coffee - Model Town,4.2,3.9,4.5,4.2,2026-10-03 17:27
02/0011_Dosa Coffee - Pacific Jasola,4.3,4.4,4.5,4.3,2026-10-03 17:27
02/2007_Dosa Coffee_Faridabad sec-15,4.0,4.3,4,4.1,2026-10-03 17:27
01/0013 / Dosa Coffee-New Town Cloud Kitchen,4.3,,,4.6,2026-10-03 17:27
02/2006 / Dosa Coffee-Noida 143,4.2,4.4,4.5,4.3,2026-10-03 17:27
02/2004 / Dosa coffee_Kalkaji,4.2,4.4,4.5,4.5,2026-10-03 17:27
01/0011_Dosa Coffee_Jameslong Behala,4.3,4.3,4.5,4.5,2026-10-03 17:27
01/0004 / Dosa Coffee- Manisquare Mall,4.0,,4.4,4.3,2026-10-03 17:27
01/2012_Dosa Coffee- Santoshpur,4.2,4.4,4.4,4.6,2026-10-03 17:27
01/0009 / Dosa Coffee - Saltlake - Sec1,4.4,4.4,4.6,4.6,2026-10-03 17:27
01/0010 / Dosa Coffee - Rangoli Mall,4.2,4.2,4.8,4.3,2026-10-03 17:27
01/0014_Dosa Coffee_Kalikapur,4.4,4.5,4.5,4.6,2026-10-03 17:27
01/0005 / Dosa Coffee - Laketown,4.1,4.4,4.3,4.5,2026-10-03 17:27
01/0002 / Dosa Coffee- Saltlake Sec-3,4.4,4.4,4.5,4.6,2026-10-03 17:27
01/0001/ Dosa Coffee - Ideal Plaza,4.2,4.1,4.5,4.5,2026-10-03 17:27
01/0006 / Dosa Coffee - Rosedale Plaza,4.4,3.9,4.7,4.5,2026-10-03 17:27
02/0009_Dosa Coffee - Gurgaon DLF,4.2,4.1,4.6,4.2,2026-10-03 17:27
02/2003_Dosa Coffee_Paschim Vihar,4.0,4.3,4.3,4.1,2026-10-03 17:27
02/0001 / Dosa Coffee-Noida Sec18,4.2,4.3,4.4,4.3,2026-10-03 17:27
02/0010/Dosa Coffee- Gurgaon Sec-15,4.1,4.3,,,2026-10-03 17:27
