date_time,store,type,review_time_ist,message_id,detail_source,dup_message_ids
2026-09-01 23:00,02/2003_Dosa Coffee_Paschim Vihar,complaint,2026-09-01 19:22,1a05e05e6ba10861,email body (full read),
2026-09-02 04:00,01/0014_Dosa Coffee_Kalikapur,review,2026-09-01 22:17,1a05f1832f91dcc3,email body,
2026-09-02 04:00,02/2006 / Dosa Coffee-Noida 143,review,2026-09-01 16:17,1a05f1833c58f1ad,email body,
2026-09-02 19:00,01/0001/ Dosa Coffee - Ideal Plaza,complaint,2026-09-02 14:59,1a062505313c2746,email body (full read),
2026-09-03 04:00,01/0006 / Dosa Coffee - Rosedale Plaza,review,2026-09-02 11:19,1a0643e8537de236,email body,
2026-09-03 04:00,01/0013 / Dosa Coffee-New Town Cloud Kitchen,review,2026-09-02 19:20,1a0643e87aea63aa,email body,
2026-09-03 15:00,01/0006 / Dosa Coffee - Rosedale Plaza,complaint,2026-09-01 12:44,1a0669adbfc51712,email body (full read),
2026-09-04 04:00,01/0001/ Dosa Coffee - Ideal Plaza,review,2026-09-03 14:24,1a06964e3a582785,email body,
2026-09-04 04:00,02/0009_Dosa Coffee - Gurgaon DLF,review,2026-09-03 15:26,1a06964e6c23aad2,email body,
2026-09-05 15:14,01/0004 / Dosa Coffee- Manisquare Mall,review,2026-09-05 00:03,1a070f42842c6b45,email body (full read),
2026-09-06 05:00,01/0002 / Dosa Coffee- Saltlake Sec-3,review,2026-09-05 19:57,1a073e86700cdba9,email body,
2026-09-06 05:00,01/0002 / Dosa Coffee- Saltlake Sec-3,review,2026-09-05 12:57,1a073e868a655d63,email body,
2026-09-06 20:00,02/0012_Dosa Coffee - Connaught Place,review,2026-09-05 19:23,1a0772092453ee1d,email body (full read),
2026-09-06 23:00,01/0010 / Dosa Coffee - Rangoli Mall,complaint,2026-09-06 19:34,1a077c5b3acf4a53,email body (full read),
2026-09-08 04:00,01/0011_Dosa Coffee_Jameslong Behala,review,2026-09-07 03:32,1a07dfe3d9a018a2,email body,
2026-09-08 04:00,02/2007_Dosa Coffee_Faridabad sec-15,review,2026-09-07 13:33,1a07dfe3f2165c69,email body,
2026-09-09 03:00,02/0009_Dosa Coffee - Gurgaon DLF,review,2026-09-08 20:50,1a082eded4d77d9b,email body,
2026-09-09 04:00,01/0011_Dosa Coffee_Jameslong Behala,review,2026-09-08 22:18,1a083249ade19091,email body,
2026-09-09 04:00,02/0011_Dosa Coffee - Pacific Jasola,review,2026-09-08 22:19,1a083249eccb9f7a,email body,
2026-09-10 04:00,01/0013 / Dosa Coffee-New Town Cloud Kitchen,review,2026-09-09 11:15,1a0884af7c2dab3f,email body (full read),
2026-09-10 15:00,02/2008/ Dosa Coffee_Rohini Sec-7,complaint,2026-09-08 15:19,1a08aa765d8fa306,email body (full read),
2026-09-11 04:00,02/0010/Dosa Coffee- Gurgaon Sec-15,review,2026-09-10 14:22,1a08d71500127d09,email body,
2026-09-11 15:00,02/2004 / Dosa coffee_Kalkaji,complaint,2026-09-11 13:48,1a08fcdcb8302e5b,email body,
2026-09-11 15:00,02/2003_Dosa Coffee_Paschim Vihar,review,2026-09-10 23:20,1a08fcd99b39df67,email body,
2026-09-11 23:00,02/2008/ Dosa Coffee_Rohini Sec-7,complaint,2026-09-11 21:18,1a091859b1a89cb3,email body,
2026-09-11 23:00,01/0011_Dosa Coffee_Jameslong Behala,complaint,2026-09-11 20:58,1a091859f3a4f64d,email body,
2026-09-13 04:00,01/0009 / Dosa Coffee - Saltlake - Sec1,review,2026-09-12 16:21,1a097be0f687dec9,email body,
2026-09-13 04:00,01/2012_Dosa Coffee- Santoshpur,review,2026-09-12 12:22,1a097be129a8ec4e,email body,
2026-09-13 04:00,02/2006 / Dosa Coffee-Noida 143,review,2026-09-12 13:22,1a097be1830e56c6,email body,
2026-09-13 15:00,01/0006 / Dosa Coffee - Rosedale Plaza,review,2026-09-12 23:26,1a09a1a7ac54f922,email body,
2026-09-14 03:00,02/2003_Dosa Coffee_Paschim Vihar,review,2026-09-13 19:28,1a09cae0f7014d90,email body,
2026-09-14 04:00,01/0005 / Dosa Coffee - Laketown,review,2026-09-13 21:19,1a09ce46d56473a2,email body,
2026-09-14 04:00,01/0010 / Dosa Coffee - Rangoli Mall,review,2026-09-13 20:19,1a09ce46f3d4a2b4,email body,
2026-09-14 04:00,02/2014_Dosa Coffee - Gurgaon Sec-10,review,2026-09-13 13:21,1a09ce473617215f,email body,
2026-09-16 04:00,02/2007_Dosa Coffee_Faridabad sec-15,review,2026-09-15 18:26,1a0a73128f8c390a,email body (full read),
2026-09-17 04:00,02/2004 / Dosa coffee_Kalkaji,review,2026-09-16 21:13,1a0ac57789623b47,email body (full read),
2026-09-19 04:00,02/0009_Dosa Coffee - Gurgaon DLF,review,2026-09-18 13:25,1a0b6a4313822267,email body (full read),
2026-09-19 15:00,01/0009 / Dosa Coffee - Saltlake - Sec1,complaint,2026-09-19 12:55,1a0b900716b61dc5,email body,
2026-09-19 23:00,02/2008/ Dosa Coffee_Rohini Sec-7,complaint,2026-09-19 22:11,1a0bab8440be34d9,email body,
2026-09-20 04:00,02/0001 / Dosa Coffee-Noida Sec18,review,2026-09-19 13:38,1a0bbcaa120f623e,email body (full read),
2026-09-21 04:00,02/2003_Dosa Coffee_Paschim Vihar,review,2026-09-20 20:29,1a0c0f0ecb8b8d41,email body (full read),
2026-09-21 19:00,02/2004 / Dosa coffee_Kalkaji,complaint,2026-09-21 14:44,1a0c428fd108f19e,email body,
2026-09-21 23:00,01/0006 / Dosa Coffee - Rosedale Plaza,complaint,2026-09-21 19:37,1a0c504cf9b42bb0,email body,
2026-09-22 03:00,01/0001/ Dosa Coffee - Ideal Plaza,review,2026-09-21 13:50,1a0c5e0b669a39e2,email body,
2026-09-22 03:00,01/0015_Dosa Coffee - Lake Road,review,2026-09-21 13:52,1a0c5e0b7f78d54d,email body,
2026-09-22 03:00,02/0013_Dosa Coffee - Model Town,review,2026-09-21 21:52,1a0c5e0ba18de5f0,email body,
2026-09-22 07:00,02/0011_Dosa Coffee - Pacific Jasola,complaint,2026-09-22 00:02,1a0c6bc26a10fcbc,email body,
2026-09-22 15:00,01/0001/ Dosa Coffee - Ideal Plaza,complaint,2026-09-22 10:23,1a0c873a12ea2d74,email body,
2026-09-23 03:00,02/2008/ Dosa Coffee_Rohini Sec-7,review,2026-09-22 19:34,1a0cb06f02a7b517,email body,
2026-09-23 03:00,01/0009 / Dosa Coffee - Saltlake - Sec1,review,2026-09-22 17:55,1a0cb070d92a5553,email body,
2026-09-24 04:00,01/0001/ Dosa Coffee - Ideal Plaza,review,2026-09-23 20:03,1a0d063f8989a623,email body (full read),
2026-09-24 19:00,02/0012_Dosa Coffee - Connaught Place,review,2026-09-24 17:57,1a0d39bfa2ac4103,email body (full read),
2026-09-25 03:00,02/2008/ Dosa Coffee_Rohini Sec-7,complaint,2026-09-24 22:50,1a0d5537196dc83a,email body (full read),
2026-09-26 04:00,01/0006 / Dosa Coffee - Rosedale Plaza,review,2026-09-25 09:26,1a0dab0c4b366834,email body,
2026-09-26 04:00,01/0013 / Dosa Coffee-New Town Cloud Kitchen,review,2026-09-25 11:27,1a0dab0d0e89c1a7,email body,
2026-09-26 04:00,01/0015_Dosa Coffee - Lake Road,review,2026-09-25 20:28,1a0dab0d16584ee3,email body,
2026-09-26 15:00,01/0002 / Dosa Coffee- Saltlake Sec-3,complaint,2026-09-26 12:12,1a0dd0cf7d8ccf60,email body (full read),
2026-09-27 04:00,02/2014_Dosa Coffee - Gurgaon Sec-10,review,2026-09-26 10:24,1a0dfd714f551cac,email body (read inline),
2026-09-28 03:00,02/0012_Dosa Coffee - Connaught Place,review,2026-09-27 20:09,1a0e4c6dc00482e5,email body,
2026-09-28 04:00,01/0001/ Dosa Coffee - Ideal Plaza,review,2026-09-27 11:25,1a0e4fd6a3c826f0,email body,
2026-09-28 23:00,01/0011_Dosa Coffee_Jameslong Behala,complaint,2026-09-28 18:48,1a0e9115cb238211,email body (read inline),
2026-09-29 03:00,02/2003_Dosa Coffee_Paschim Vihar,review,2026-09-28 21:58,1a0e9ed0b5bb19e6,email body (read inline),
2026-09-29 03:00,01/0011_Dosa Coffee_Jameslong Behala,review,2026-09-28 18:58,1a0e9ed12dc34d1f,email body (read inline),
2026-09-29 19:00,02/0009_Dosa Coffee - Gurgaon DLF,review,2026-09-29 13:47,1a0ed5bd2a21f366,email body (read inline),
2026-09-29 23:00,02/0012_Dosa Coffee - Connaught Place,review,2026-09-29 15:27,1a0ee379e2a91ae5,email body (read inline),
2026-09-30 11:00,02/2006 / Dosa Coffee-Noida 143,complaint,2026-09-30 08:54,1a0f0ca98e262c8c,email body (read inline),
2026-10-01 04:00,02/2007_Dosa Coffee_Faridabad sec-15,review,2026-09-30 12:02,1a0f4707362c015e,email body (read inline),
2026-10-01 04:00,01/0014_Dosa Coffee_Kalikapur,review,2026-09-30 10:02,1a0f47076f757278,email body (read inline),
2026-10-02 03:00,02/2003_Dosa Coffee_Paschim Vihar,complaint,2026-10-01 23:28,1a0f9601910dcdc2,email body,
2026-10-02 23:00,02/2007_Dosa Coffee_Faridabad sec-15,complaint,2026-10-02 21:28,1a0fdaaf1ef0a28d,email body,
2026-10-03 03:00,02/0013_Dosa Coffee - Model Town,complaint,2026-10-02 23:07,1a0fe867fa9fb187,email body,
2026-10-04 04:00,02/0013_Dosa Coffee - Model Town,review,2026-10-03 11:21,1a103e38b5e7936f,email body (read inline),
2026-10-04 20:00,02/0012_Dosa Coffee - Connaught Place,review,2026-10-04 19:42,1a10752a222300f1,email body (read inline),
2026-10-05 15:00,01/0011_Dosa Coffee_Jameslong Behala,review,2026-10-05 08:30,1a10b6665826e026,email body (read inline),
2026-10-05 23:00,02/0009_Dosa Coffee - Gurgaon DLF,complaint,2026-10-05 19:46,1a10d1dca2933286,email body,
2026-10-07 04:00,01/0006 / Dosa Coffee - Rosedale Plaza,review,2026-10-06 22:18,1a11356a7d7dcd48,email body (read inline),
2026-10-08 04:00,02/0010/Dosa Coffee- Gurgaon Sec-15,review,2026-10-07 23:21,1a1187d090ad68cf,email body (read inline),
2026-10-08 23:00,01/0009 / Dosa Coffee - Saltlake - Sec1,review,2026-10-08 18:57,1a11c90d6007fc0a,email body (read inline),
2026-10-09 04:00,02/2006 / Dosa Coffee-Noida 143,review,2026-10-08 23:16,1a11da354bcfadc1,email body (read inline),
2026-10-09 04:00,01/0013 / Dosa Coffee-New Town Cloud Kitchen,review,2026-10-08 21:16,1a11da35b7bf23b0,email body (read inline),
2026-10-09 15:00,02/0011_Dosa Coffee - Pacific Jasola,complaint,2026-10-09 13:42,1a11fffb8e2ea398,email body (read inline),
