store_id,display_name,city,region,format,posist_name,posist_code,gbp_name,gbp_maps_url,gbp_rating,gbp_reviews,gbp_verified,reelo_name,famepilot_name,keka_location,swiggy_id,zomato_id,status,notes
connaught-place-02-0012,Connaught place,New Delhi,North,dine-in,Connaught place (02/0012),02/0012,Dosa Coffee,https://www.google.com/maps?cid=4860899777809170979,4.4,1900,Verified,Dosa Coffee CP,02/0012 Dosa Coffee - Connaught Place,Connaught Place Delhi,,,Open,"Known names: Dosa Coffee CP | 02/0012 Dosa Coffee - Connaught Place | Connaught Place Delhi | CP | Connaught Place
A second Google listing points at this store."
pacific-mall-jasola-02-0011,"Pacific mall, Jasola",New Delhi,North,dine-in,"Pacific mall, Jasola (02/0011)",02/0011,"Dosa Coffee, Pacific Outlet Mall",https://www.google.com/maps?cid=3911611483207518148,4.5,257,Verified,Dosa Coffee Pacific,02/0011 Dosa Coffee - Pacific Jasola,Jasola Pacific Mall,,,Open,Known names: Pacific mall Jasola | Dosa Coffee Pacific | 02/0011 Dosa Coffee - Pacific Jasola | Jasola Pacific Mall | Jasola | Pacific Jasola
model-town-02-0013,Model Town,New Delhi,North,dine-in,Model Town (02/0013),02/0013,Dosa Coffee,https://www.google.com/maps?cid=13637271126427232367,4.5,1050,Verified,Dosa Coffee Model Town,02/0013 Dosa Coffee - Model Town,Model Town,,,Open,Known names: Dosa Coffee Model Town | 02/0013 Dosa Coffee - Model Town | Model Town
rohini-sec-7-02-0008,Rohini Sec-7,Delhi,North,dine-in,Rohini Sec-7 (02/0008),02/0008,Dosa Coffee,https://www.google.com/maps?cid=13690893532171244511,4.5,1173,Verified,Dosa Coffee Rohini,02/2008/ Dosa Coffee Rohini Sec 7,Rohini Sector 7,,,Open,Known names: Dosa Coffee Rohini | 02/2008/ Dosa Coffee Rohini Sec 7 | Rohini Sector 7 | Rohini Sec-7
sec-18-noida-02-0001,Sec 18 Noida,Noida,North,dine-in,Sec 18 Noida (02/0001),02/0001,Dosa Coffee,https://www.google.com/maps?cid=2895504150735869152,4.4,1497,Verified,Dosa Coffee Noida Sec18,02/0001 / Dosa Coffee Noida Sec18,Noida Sec 18,,,Open,Known names: Dosa Coffee Noida Sec18 | 02/0001 / Dosa Coffee Noida Sec18 | Noida Sec 18 | Sec 18 Noida
paschim-vihar-02-0003,Paschim Vihar,New Delhi,North,dine-in,Paschim Vihar (02/0003),02/0003,"Dosa Coffee, Paschim Vihar",https://www.google.com/maps?cid=9474382196663086579,4.3,989,Verified,Dosa Coffee Paschim Vihar,02/2003 Dosa Coffee Paschim Vihar,Paschim Vihar,,,Open,Known names: Dosa Coffee Paschim Vihar | 02/2003 Dosa Coffee Paschim Vihar | Paschim Vihar
gurgaon-sec-15-02-0010,Gurgaon Sec-15,Gurgaon,North,dine-in,Gurgaon Sec-15 (02/0010),02/0010,Dosa Coffee,https://www.google.com/maps?cid=1181620658164301169,4.4,848,Verified,Dosa Coffee Gurgaon Sec15,02/0010/Dosa Coffee- Gurgaon Sec 15,Gurgaon - Sec 15,,,Open,Known names: Dosa Coffee Gurgaon Sec15 | 02/0010/Dosa Coffee- Gurgaon Sec 15 | Gurgaon - Sec 15 | Gurgaon Sec-15
kalkaji-02-0004,Kalkaji,New Delhi,North,dine-in,Kalkaji (02/0004),02/0004,Dosa Coffee,https://www.google.com/maps?cid=17453568219818740243,4.5,677,Verified,Dosa Coffee Kalkaji,02/2004 / Dosa coffee Kalkaji,Kalkaji,,,Open,Known names: Dosa Coffee Kalkaji | 02/2004 / Dosa coffee Kalkaji | Kalkaji
shalimar-bagh-02-0015,Shalimar Bagh,Delhi,North,dine-in,Shalimar Bagh (02/0015),02/0015,Dosa Coffee,https://www.google.com/maps?cid=5737140367982173337,4.9,397,Verified,Dosa Coffee Shalimar bagh,,Shalimar Bagh,,,Open,"Known names: Dosa Coffee Shalimar bagh | Shalimar Bagh | Shalimar
The Google listing sits outside the Dosa Coffee group."
sec-15-faridabad-02-0007,Sec 15 Faridabad,Faridabad,North,dine-in,Sec 15 Faridabad (02/0007),02/0007,Dosa Coffee,https://www.google.com/maps?cid=14470145039392300053,4.0,366,Verification required,Dosa Coffee Faridabad,02/2007 Dosa Coffee Faridabad sec 15,,,,Open,"Known names: Dosa Coffee Faridabad | 02/2007 Dosa Coffee Faridabad sec 15 | Sec 15 Faridabad
The staff location is not a confirmed match."
sec-31-gurgaon-02-0016,Sec 31 - Gurgaon,Gurugram,North,dine-in,Sec 31 - Gurgaon (02/0016),02/0016,Dosa Coffee,https://www.google.com/maps?cid=16368562280010847121,4.1,89,Verified,Dosa Coffee Gurgaon 31,,Gurgaon Sec 31,,,Open,"Known names: Sec 31 Gurgaon (02/0016) | Dosa Coffee Gurgaon 31 | Gurgaon Sec 31 | Sec 31 Gurgaon
The Google listing sits outside the Dosa Coffee group."
gurgaon-dlf-02-0009,Gurgaon DLF,Gurugram,North,dine-in,Gurgaon DLF (02/0009),02/0009,Dosa Coffee,https://www.google.com/maps?cid=1253453365856355136,4.6,234,Verified,Dosa Coffee DLF Building5,02/0009 Dosa Coffee - Gurgaon DLF,Gurgaon - DLF,,,Open,Known names: Dosa Coffee DLF Building5 | 02/0009 Dosa Coffee - Gurgaon DLF | Gurgaon - DLF | Gurgaon DLF
sec-143-noida-02-0006,Sec 143 Noida,Noida,North,dine-in,Sec 143 Noida (02/0006),02/0006,Dosa Coffee,https://www.google.com/maps?cid=16755634300025390896,4.5,334,Verified,Dosa Coffee Noida Sec143,02/2006 / Dosa Coffee Noida 143,Noida Sec 143,,,Open,Known names: Dosa Coffee Noida Sec143 | 02/2006 / Dosa Coffee Noida 143 | Noida Sec 143 | Sec 143 Noida
gurgaon-sec-10-02-0014,Gurgaon Sec 10,Gurugram,North,dine-in,Gurgaon Sec 10 (02/0014),02/0014,Dosa Coffee,https://www.google.com/maps?cid=2944155392580445406,4.5,94,Verified,Dosa Coffee Gurgaon sec10,02/2014 Dosa Coffee - Gurgaon Sec 10,Gurgaon Sec 10,,,Open,Known names: Gurgaon Sec 10 | Dosa Coffee Gurgaon sec10 | 02/2014 Dosa Coffee - Gurgaon Sec 10
dosa-coffee-salt-lake-sec-1-0009,Salt Lake Sec-1,Kolkata,East,dine-in,Dosa Coffee - Salt Lake Sec-1 (0009),01/0009,Dosa Coffee,https://www.google.com/maps?cid=3256694575118589850,4.6,1166,Verified,Dosa Coffee Saltlake BD25,01/0009 / Dosa Coffee - Saltlake - Sec1,Salt Lake Sec 1,,,Open,Known names: Salt Lake Sec-1 (0009) | Dosa Coffee Saltlake BD25 | 01/0009 / Dosa Coffee - Saltlake - Sec1 | Salt Lake Sec 1 | Salt Lake Sec-1 | Salt Lake Sec-1 (01/0009)
dosa-coffee-ideal-plaza-01-0001,Ideal Plaza,Kolkata,East,dine-in,Dosa Coffee - Ideal Plaza (01/0001),01/0001,Dosa Coffee,https://www.google.com/maps?cid=6952733540873114608,4.5,2501,Verified,Dosa Coffee Ideal Plaza,01/0001/ Dosa Coffee - Ideal Plaza,Ideal Plaza,,,Open,Known names: Ideal Plaza (01/0001) | Dosa Coffee Ideal Plaza | 01/0001/ Dosa Coffee - Ideal Plaza | Ideal Plaza
dosa-coffee-lake-road-01-0015,Lake road,Kolkata,East,dine-in,Dosa Coffee - Lake road 01/0015,01/0015,Dosa Coffee,https://www.google.com/maps?cid=18059466129460513409,4.4,311,Verified,Dosa Coffee Lake Road,01/0015 Dosa Coffee - Lake Road,Lake Road,,,Open,Known names: Lake road 01/0015 | Dosa Coffee Lake Road | 01/0015 Dosa Coffee - Lake Road | Lake Road | Lake Road 01/0015
dosa-coffee-rangoli-mall-01-0010,Rangoli Mall,Howrah,East,dine-in,Dosa Coffee - Rangoli Mall (01/0010),01/0010,Dosa Coffee,https://www.google.com/maps?cid=18368315919397132391,4.8,1921,Verified,Dosa Coffee Rangoli Mall,01/0010 / Dosa Coffee - Rangoli Mall,Rangoli Mall,,,Open,Known names: Rangoli Mall (01/0010) | Dosa Coffee Rangoli Mall | 01/0010 / Dosa Coffee - Rangoli Mall | Rangoli Mall
dosa-coffee-salt-lake-002,Salt Lake,Kolkata,East,dine-in,Dosa Coffee - Salt Lake (002),01/0002,Dosa Coffee,https://www.google.com/maps?cid=1285455008339818571,4.5,1830,Verified,Dosa Coffee Saltlake JC21,01/0002 / Dosa Coffee- Saltlake Sec 3,,,,Open,"Known names: Salt Lake (002) | Dosa Coffee Saltlake JC21 | 01/0002 / Dosa Coffee- Saltlake Sec 3 | Salt Lake Sec-3 (01/0002)
The Google listing should be confirmed before it is treated as this store. The Reelo name is not a confirmed match. The staff location is not a confirmed match."
dosa-coffee-james-long-sarani-01-0011,James long Sarani,Kolkata,East,dine-in,Dosa Coffee - James long Sarani (01/0011),01/0011,Dosa Coffee,https://www.google.com/maps?cid=6968022231360387245,4.5,802,Verified,Dosa Coffee Jameslong,01/0011 Dosa Coffee Jameslong Behala,James Long Sarani,,,Open,"Known names: James long Sarani (01/0011) | Dosa Coffee Jameslong | 01/0011 Dosa Coffee Jameslong Behala | James Long Sarani
The Google listing should be confirmed before it is treated as this store. The suggested address does not match the store name."
dosa-coffee-rosedale-plaza-0006,Rosedale Plaza,,East,dine-in,Dosa Coffee - Rosedale Plaza(0006),01/0006,Dosa Coffee,https://www.google.com/maps?cid=16796978286764781581,4.7,796,Verified,Dosa Coffee RosedalePlaza,01/0006 / Dosa Coffee - Rosedale Plaza,Rosedale Plaza,,,Open,Known names: Rosedale Plaza(0006) | Dosa Coffee RosedalePlaza | 01/0006 / Dosa Coffee - Rosedale Plaza | Rosedale Plaza | Rosedale Plaza(01/0006)
dosa-coffee-manisquare-0004,Manisquare,Kolkata,East,food court,Dosa Coffee - Manisquare (0004),01/0004,Dosa Coffee,https://www.google.com/maps?cid=4164907793159993295,4.4,185,Verified,,01/0004 / Dosa Coffee- Manisquare Mall,Mani Square Mall,,,Open,Known names: Manisquare (0004) | 01/0004 / Dosa Coffee- Manisquare Mall | Mani Square Mall | Manisquare (01/0004)
dosa-coffee-kalikapur-01-0014,Kalikapur,Kolkata,East,dine-in,Dosa Coffee - Kalikapur (01/0014),01/0014,Dosa Coffee,https://www.google.com/maps?cid=16165209724663914420,4.5,655,Verified,Dosa Coffee Kalikapur,01/0014 Dosa Coffee Kalikapur,Kalikapur,,,Open,Known names: Kalikapur (01/0014) | Dosa Coffee Kalikapur | 01/0014 Dosa Coffee Kalikapur | Kalikapur
dosa-coffee-lake-town-0005,Lake Town,Kolkata,East,dine-in,Dosa Coffee - Lake Town (0005),01/0005,Dosa Coffee,https://www.google.com/maps?cid=8999331040383635409,4.3,876,Verified,Dosa Coffee Laketown,01/0005 / Dosa Coffee - Laketown,Lake Town,,,Open,Known names: Lake Town (0005) | Dosa Coffee Laketown | 01/0005 / Dosa Coffee - Laketown | Lake Town | Lake Town (01/0005)
dosa-coffee-quest-mall-01-0016,Quest Mall,,East,,Dosa Coffee - Quest Mall (01/0016),01/0016,,,,,,Dosa Coffee Quest Mall,,Quest Mall,,,,"Known names: Quest Mall (01/0016) | Dosa Coffee Quest Mall | Quest Mall | Quest
The site score is for the mall, not the store."
dosa-coffee-santoshpur-01-0012,Santoshpur,Kolkata,East,dine-in,Dosa Coffee - Santoshpur (01/0012),01/0012,Dosa Coffee,https://www.google.com/maps?cid=11702165501086811296,4.4,762,Verified,Dosa Coffee Santoshpur,01/2012 Dosa Coffee- Santoshpur,Santoshpur,,,Open,Known names: Santoshpur (01/0012) | Dosa Coffee Santoshpur | 01/2012 Dosa Coffee- Santoshpur | Santoshpur
dosa-coffee-forum-0003,Forum,Kolkata,East,food court,Dosa Coffee - Forum (0003),01/0003,Dosa Coffee,https://www.google.com/maps?cid=7098181532881159059,4.5,110,Verified,,01/0003 / Dosa Coffee- Forum Mall,Forum Mall,,,Open,Known names: Forum (0003) | 01/0003 / Dosa Coffee- Forum Mall | Forum Mall | Forum | Forum (01/0003)
dosa-coffee-new-town-cloud-kitchen-01-0013,New Town - Cloud Kitchen,,East,cloud kitchen,Dosa Coffee - New Town - Cloud Kitchen (01/0013),01/0013,,,,,,,01/0013 / Dosa Coffee New Town Cloud Kitchen,Cloud Kitchen New Town,,,,"Known names: New Town CK (01/0013) | 01/0013 / Dosa Coffee New Town Cloud Kitchen | Cloud Kitchen New Town | New Town CK | New Town - Cloud Kitchen (01/0013)
The site score is shared with another store."
dosa-coffee-calcutta-swiming-club-0007,Calcutta Swiming Club,,East,,Dosa Coffee - Calcutta Swiming Club (0007),01/0007,,,,,,,,Calcutta Swimming Club,,,,"Known names: Calcutta Swiming Club (0007) | Calcutta Swimming Club | Calcutta Swiming Club (01/0007)
The site score is for the club, not the store."
dosa-coffee-food-truck-1-0008,Food Truck - 1,,East,truck,Dosa Coffee - Food Truck - 1 (0008),01/0008,,,,,,,,,,,,Known names: Food Truck - 1 (0008) | Food Truck - 1 (01/0008)
dosa-coffee-events-catering,Events & Catering,,,events,Dosa Coffee - Events & Catering,,,,,,,,,,,,,"Known names: Events & Catering
No sales in the latest Posist drop."
gk1-cloud-kitchen-02-0002,GK1 Cloud Kitchen,,North,cloud kitchen,GK1 Cloud Kitchen (02/0002),02/0002,,,,,,,,,,,,No sales in the latest Posist drop.
chattarpur-02-0005,Chattarpur,,North,,Chattarpur (02/0005),02/0005,,,,,,,,,,,,No sales in the latest Posist drop.
