date	source	sales	orders
2026-10-02	POS	82810.67	96
2026-10-02	ZOMATO	22172.55	52
2026-10-02	SWIGGY	23208.86	56
2026-10-03	POS	65844.92	88
2026-10-03	ZOMATO	25282.27	68
2026-10-03	SWIGGY	18353.62	45
2026-10-04	POS	80849.49	98
2026-10-04	ZOMATO	33255.86	88
2026-10-04	SWIGGY	30964.83	72
2026-10-04	SWIGGY-BOLT URGENT	168.00	1
2026-10-05	POS	36962.16	65
2026-10-05	ZOMATO	19310.25	45
2026-10-05	SWIGGY	10226.06	31
2026-10-05	SWIGGY-BOLT URGENT	0.00	0
2026-10-06	POS	43324.11	67
2026-10-06	ZOMATO	18089.24	54
2026-10-06	SWIGGY	18037.49	52
2026-10-07	POS	41861.40	58
2026-10-07	ZOMATO	12702.79	41
2026-10-07	SWIGGY	14335.20	37
2026-10-08	POS	46403.79	67
2026-10-08	ZOMATO	12853.19	41
2026-10-08	SWIGGY	11167.93	31
