period,city,supplier,received_lines,received_bills,received_value,lines_with_po_qty,lines_with_po_number,first_date,last_date,pct_lines_with_po
2026-09-09 to 2026-10-08,Delhi,Zomato Hyperpure Delhi,254,68,1898542.35,0,0,2026-09-09,2026-10-06,0.0
2026-09-09 to 2026-10-08,Delhi,MANDI FRESH,398,25,772173.4,0,0,2026-09-09,2026-10-08,0.0
2026-09-09 to 2026-10-08,Delhi,Shyam Vegetable,60,46,643770.0,0,0,2026-09-09,2026-10-06,0.0
2026-09-09 to 2026-10-08,Delhi,Shree Enterprise,4,1,515043.0,0,0,2026-10-04,2026-10-04,0.0
2026-09-09 to 2026-10-08,Delhi,South Indian Pan Shop,52,16,427039.0,0,0,2026-09-12,2026-10-08,0.0
2026-09-09 to 2026-10-08,Delhi,KAGAZKAAR RETAIL PACKAGING PVT LTD,4,2,370284.0,0,0,2026-09-12,2026-10-01,0.0
2026-09-09 to 2026-10-08,Delhi,Harsh Tarun Enterprises,1,1,270303.0,0,0,2026-10-04,2026-10-04,0.0
2026-09-09 to 2026-10-08,Delhi,DAHMI COMMODITIES LLP (POSTA),4,2,252916.0,0,0,2026-09-09,2026-10-04,0.0
2026-09-09 to 2026-10-08,Delhi,PC TRADING CO.,4,3,237600.0,0,0,2026-09-24,2026-09-28,0.0
2026-09-09 to 2026-10-08,Delhi,M/S Distributionmasters Traders LLP,16,8,193754.0,0,0,2026-09-09,2026-10-05,0.0
2026-09-09 to 2026-10-08,Delhi,Javed Dairy,80,32,183523.0,0,0,2026-09-12,2026-10-07,0.0
2026-09-09 to 2026-10-08,Delhi,Damji Pasu &Co,1,1,165000.0,0,0,2026-10-04,2026-10-04,0.0
2026-09-09 to 2026-10-08,Delhi,Gopal Printers Private Limited,1,1,161600.0,0,0,2026-10-06,2026-10-06,0.0
2026-09-09 to 2026-10-08,Delhi,Devine & Conquer Store,5,1,107661.3,0,0,2026-10-01,2026-10-01,0.0
2026-09-09 to 2026-10-08,Delhi,Maa Pet Pvt.Ltd,2,1,102221.0,0,0,2026-09-12,2026-09-12,0.0
2026-09-09 to 2026-10-08,Delhi,NEW JORAVAR TRADERS,2,1,89354.0,0,0,2026-09-12,2026-09-12,0.0
2026-09-09 to 2026-10-08,Delhi,Sms Supply Port Pvt Ltd.,18,7,88168.72,0,0,2026-09-12,2026-10-06,0.0
2026-09-09 to 2026-10-08,Delhi,EECO PACK,1,1,63516.0,0,0,2026-10-01,2026-10-01,0.0
2026-09-09 to 2026-10-08,Delhi,FoodPro Packaging Private Limited,4,1,61149.5,0,0,2026-09-28,2026-09-28,0.0
2026-09-09 to 2026-10-08,Delhi,Rakesh Crockery House,3,1,59649.0,0,0,2026-09-12,2026-09-12,0.0
2026-09-09 to 2026-10-08,Delhi,Cash Purchase,87,32,56034.47,0,0,2026-09-14,2026-10-05,0.0
2026-09-09 to 2026-10-08,Delhi,LOTUS & CO.,1,1,35568.0,0,0,2026-09-21,2026-09-21,0.0
2026-09-09 to 2026-10-08,Delhi,BM Agarwal,1,1,31500.0,0,0,2026-09-09,2026-09-09,0.0
2026-09-09 to 2026-10-08,Delhi,BAGRODIA SUPERMARKETS PVT LTD,2,1,27921.0,0,0,2026-09-21,2026-09-21,0.0
2026-09-09 to 2026-10-08,Delhi,Hans Industrial Corp. Ltd,2,2,22932.0,0,0,2026-09-09,2026-09-24,0.0
2026-09-09 to 2026-10-08,Delhi,Gaurav water supply,1,1,15999.8,0,0,2026-09-28,2026-09-28,0.0
2026-09-09 to 2026-10-08,Delhi,Radha Krishana Enterprise,2,1,8050.0,0,0,2026-09-09,2026-09-09,0.0
2026-09-09 to 2026-10-08,Delhi,SHREE GOPAL PAPER & PRINTERS,2,1,4056.2,0,0,2026-09-09,2026-09-09,0.0
2026-09-09 to 2026-10-08,Kolkata,Zomato Hyperpure Kolkata,45,32,1274248.95,0,0,2026-09-09,2026-10-08,0.0
2026-09-09 to 2026-10-08,Kolkata,Radha Krishana Enterprise,527,31,631094.81,0,0,2026-09-09,2026-10-08,0.0
2026-09-09 to 2026-10-08,Kolkata,M/S MAHAR,30,8,616808.25,0,0,2026-09-10,2026-10-02,0.0
2026-09-09 to 2026-10-08,Kolkata,Aas Supply,11,10,531020.0,0,0,2026-09-10,2026-10-08,0.0
2026-09-09 to 2026-10-08,Kolkata,DAHMI COMMODITIES LLP (POSTA),18,4,480996.0,0,0,2026-09-09,2026-10-06,0.0
2026-09-09 to 2026-10-08,Kolkata,BAGRODIA SUPERMARKETS PVT LTD,48,21,447277.96,0,0,2026-09-09,2026-10-04,0.0
2026-09-09 to 2026-10-08,Kolkata,Tara Maa Dashakaram,76,28,350275.0,0,0,2026-09-09,2026-10-08,0.0
2026-09-09 to 2026-10-08,Kolkata,KAGAZKAAR RETAIL PACKAGING PVT LTD,4,3,284013.0,0,0,2026-09-10,2026-10-06,0.0
2026-09-09 to 2026-10-08,Kolkata,Gopal Printers Private Limited,14,4,252967.0,0,0,2026-09-19,2026-10-08,0.0
2026-09-09 to 2026-10-08,Kolkata,Damji Pasu &Co,1,1,165011.0,0,0,2026-10-01,2026-10-01,0.0
2026-09-09 to 2026-10-08,Kolkata,Adya Dairy,86,29,157995.6,0,0,2026-09-09,2026-10-07,0.0
2026-09-09 to 2026-10-08,Kolkata,BM Agarwal,2,2,157500.0,0,0,2026-09-16,2026-10-08,0.0
2026-09-09 to 2026-10-08,Kolkata,Spring Valley Computech P Ltd,2,2,155700.0,0,0,2026-09-16,2026-09-26,0.0
2026-09-09 to 2026-10-08,Kolkata,HARI PROTEINS,2,2,149758.03,0,0,2026-09-21,2026-09-21,0.0
2026-09-09 to 2026-10-08,Kolkata,Devine & Conquer Store,6,2,149386.76,0,0,2026-09-25,2026-10-02,0.0
2026-09-09 to 2026-10-08,Kolkata,Ashirvad Enterprise,23,10,127398.83,0,0,2026-09-13,2026-10-07,0.0
2026-09-09 to 2026-10-08,Kolkata,M/S Sanjay Patodia,2,2,110225.28,0,0,2026-09-16,2026-10-05,0.0
2026-09-09 to 2026-10-08,Kolkata,R.C Enterprises,3,2,91162.0,0,0,2026-09-17,2026-10-02,0.0
2026-09-09 to 2026-10-08,Kolkata,FoodPro Packaging Private Limited,4,1,88736.0,0,0,2026-10-01,2026-10-01,0.0
2026-09-09 to 2026-10-08,Kolkata,Just Uniform,5,3,71217.0,0,0,2026-09-28,2026-10-02,0.0
2026-09-09 to 2026-10-08,Kolkata,EECO PACK,1,1,66343.0,0,0,2026-10-03,2026-10-03,0.0
2026-09-09 to 2026-10-08,Kolkata,Diamond Beverage,5,3,66240.0,0,0,2026-09-15,2026-10-03,0.0
2026-09-09 to 2026-10-08,Kolkata,Bikaner Polymers Pvt Ltd,1,1,58870.0,0,0,2026-09-21,2026-09-21,0.0
2026-09-09 to 2026-10-08,Kolkata,ASR Enterprise,5,5,54600.0,0,0,2026-09-15,2026-10-04,0.0
2026-09-09 to 2026-10-08,Kolkata,HOSPITALITY Mart,17,2,53019.97,0,0,2026-09-30,2026-09-30,0.0
2026-09-09 to 2026-10-08,Kolkata,Krishay Enterprise,3,3,46200.0,0,0,2026-09-12,2026-10-01,0.0
2026-09-09 to 2026-10-08,Kolkata,Shree Enterprise,4,1,35935.5,0,0,2026-09-19,2026-09-19,0.0
2026-09-09 to 2026-10-08,Kolkata,Meetel Computers & Coated Paper Co .,2,1,25834.92,0,0,2026-10-06,2026-10-06,0.0
2026-09-09 to 2026-10-08,Kolkata,SHREE GOPAL PAPER & PRINTERS,13,3,25432.57,0,0,2026-09-15,2026-10-02,0.0
2026-09-09 to 2026-10-08,Kolkata,Bio Box India,5,4,22200.0,0,0,2026-09-09,2026-10-04,0.0
2026-09-09 to 2026-10-08,Kolkata,CONTINENTAL FOOD,8,5,22143.73,0,0,2026-09-10,2026-10-06,0.0
2026-09-09 to 2026-10-08,Kolkata,SUFAL COMMERCIAL,3,2,18139.8,0,0,2026-09-10,2026-09-12,0.0
2026-09-09 to 2026-10-08,Kolkata,LOTUS & CO.,1,1,14400.0,0,0,2026-10-01,2026-10-01,0.0
2026-09-09 to 2026-10-08,Kolkata,Cash Purchase,11,9,14080.0,0,0,2026-09-18,2026-10-04,0.0
2026-09-09 to 2026-10-08,Kolkata,FRESH AISLE MART PLT,1,1,1995.0,0,0,2026-09-30,2026-09-30,0.0
2026-09-09 to 2026-10-08,Kolkata,GOUR SUNDAR ENTERPRISE,1,1,1536.0,0,0,2026-09-20,2026-09-20,0.0
2026-09-09 to 2026-10-08,Kolkata,SHUBHAM CREATIONS,1,1,1365.0,0,0,2026-09-19,2026-09-19,0.0
