city,se_number,pd_lines,pd_purchase_amount,pd_total,pd_date,pd_supplier,grn_lines,grn_total,grn_date,grn_supplier,diff_pd_total_minus_grn,diff_pd_purchase_amount_minus_grn,status
Delhi,SE-7810,1,9600.0,9600.0,2026-09-09,Shyam Vegetable,1,9600.0,2026-09-09,Shyam Vegetable,0.0,0.0,match
Delhi,SE-7811,5,19600.0,19600.0,2026-09-09,Shyam Vegetable,5,19600.0,2026-09-09,Shyam Vegetable,0.0,0.0,match
Delhi,SE-7812,1,9600.0,9600.0,2026-09-09,Shyam Vegetable,1,9600.0,2026-09-09,Shyam Vegetable,0.0,0.0,match
Delhi,SE-7813,1,7644.0,7644.0,2026-09-09,Hans Industrial Corp. Ltd,1,7644.0,2026-09-09,Hans Industrial Corp. Ltd,0.0,0.0,match
Delhi,SE-7814,1,20000.0,20000.0,2026-09-09,M/S Distributionmasters Traders LLP,1,20000.0,2026-09-09,M/S Distributionmasters Traders LLP,0.0,0.0,match
Delhi,SE-7815,1,9600.0,9600.0,2026-09-09,Shyam Vegetable,1,9600.0,2026-09-09,Shyam Vegetable,0.0,0.0,match
Delhi,SE-7816,2,36300.0,36300.0,2026-09-09,Shyam Vegetable,2,36300.0,2026-09-09,Shyam Vegetable,0.0,0.0,match
Delhi,SE-7817,3,32300.9,32300.9,2026-09-09,Zomato Hyperpure Delhi,3,32300.9,2026-09-09,Zomato Hyperpure Delhi,0.0,0.0,match
Delhi,SE-7818,13,22450.0,22450.0,2026-09-09,MANDI FRESH,13,22450.0,2026-09-09,MANDI FRESH,0.0,0.0,match
Delhi,SE-7819,2,8050.0,8050.0,2026-09-09,Radha Krishana Enterprise,2,8050.0,2026-09-09,Radha Krishana Enterprise,0.0,0.0,match
Delhi,SE-7820,2,4060.2,4056.2,2026-09-09,SHREE GOPAL PAPER & PRINTERS,2,4060.2,2026-09-09,SHREE GOPAL PAPER & PRINTERS,-4.0,0.0,match
Delhi,SE-7821,1,31500.0,31500.0,2026-09-09,BM Agarwal,1,31500.0,2026-09-09,BM Agarwal,0.0,0.0,match
Delhi,SE-7822,2,175020.0,175020.0,2026-09-09,DAHMI COMMODITIES LLP (POSTA),2,175020.0,2026-09-09,DAHMI COMMODITIES LLP (POSTA),0.0,0.0,match
Delhi,SE-7823,2,21041.28,21041.28,2026-09-12,Sms Supply Port Pvt Ltd.,2,21041.28,2026-09-12,Sms Supply Port Pvt Ltd.,0.0,0.0,match
Delhi,SE-7824,5,5381.84,5381.84,2026-09-12,Sms Supply Port Pvt Ltd.,5,5381.84,2026-09-12,Sms Supply Port Pvt Ltd.,0.0,0.0,match
Delhi,SE-7825,1,3795.0,3795.0,2026-09-12,Zomato Hyperpure Delhi,1,3795.0,2026-09-12,Zomato Hyperpure Delhi,0.0,0.0,match
Delhi,SE-7826,3,96942.648,96942.65,2026-09-12,Zomato Hyperpure Delhi,3,96942.65,2026-09-12,Zomato Hyperpure Delhi,0.0,-0.0,match
Delhi,SE-7827,1,3160.0,3160.0,2026-09-12,Zomato Hyperpure Delhi,1,3160.0,2026-09-12,Zomato Hyperpure Delhi,0.0,0.0,match
Delhi,SE-7828,8,29538.4,29538.4,2026-09-12,Zomato Hyperpure Delhi,8,29538.4,2026-09-12,Zomato Hyperpure Delhi,0.0,0.0,match
Delhi,SE-7829,2,102221.0,102221.0,2026-09-12,Maa Pet Pvt.Ltd,2,102221.0,2026-09-12,Maa Pet Pvt.Ltd,0.0,0.0,match
Delhi,SE-7830,1,9600.0,9600.0,2026-09-12,Shyam Vegetable,1,9600.0,2026-09-12,Shyam Vegetable,0.0,0.0,match
Delhi,SE-7831,1,57600.0,57600.0,2026-09-12,Shyam Vegetable,1,57600.0,2026-09-12,Shyam Vegetable,0.0,0.0,match
Delhi,SE-7832,19,23242.0,23242.0,2026-09-12,MANDI FRESH,19,23242.0,2026-09-12,MANDI FRESH,0.0,0.0,match
Delhi,SE-7833,19,32304.0,32304.0,2026-09-12,MANDI FRESH,19,32304.0,2026-09-12,MANDI FRESH,0.0,0.0,match
Delhi,SE-7834,19,61037.0,61037.0,2026-09-12,MANDI FRESH,19,61037.0,2026-09-12,MANDI FRESH,0.0,0.0,match
Delhi,SE-7835,1,7500.0,7500.0,2026-09-12,Shyam Vegetable,1,7500.0,2026-09-12,Shyam Vegetable,0.0,0.0,match
Delhi,SE-7836,3,25850.0,25850.0,2026-09-12,South Indian Pan Shop,3,25850.0,2026-09-12,South Indian Pan Shop,0.0,0.0,match
Delhi,SE-7837,1,37200.0,37200.0,2026-09-12,South Indian Pan Shop,1,37200.0,2026-09-12,South Indian Pan Shop,0.0,0.0,match
Delhi,SE-7838,3,8122.0,8122.0,2026-09-12,Javed Dairy,3,8122.0,2026-09-12,Javed Dairy,0.0,0.0,match
Delhi,SE-7839,3,6606.0,6606.0,2026-09-12,Javed Dairy,3,6606.0,2026-09-12,Javed Dairy,0.0,0.0,match
Delhi,SE-7840,3,6366.0,6366.0,2026-09-12,Javed Dairy,3,6366.0,2026-09-12,Javed Dairy,0.0,0.0,match
Delhi,SE-7841,2,3493.0,3493.0,2026-09-12,Javed Dairy,2,3493.0,2026-09-12,Javed Dairy,0.0,0.0,match
Delhi,SE-7842,2,2250.0,2250.0,2026-09-12,Javed Dairy,2,2250.0,2026-09-12,Javed Dairy,0.0,0.0,match
Delhi,SE-7843,2,3906.0,3906.0,2026-09-12,Javed Dairy,2,3906.0,2026-09-12,Javed Dairy,0.0,0.0,match
Delhi,SE-7844,2,2958.0,2958.0,2026-09-12,Javed Dairy,2,2958.0,2026-09-12,Javed Dairy,0.0,0.0,match
Delhi,SE-7845,2,89354.0,89354.0,2026-09-12,NEW JORAVAR TRADERS,2,89354.0,2026-09-12,NEW JORAVAR TRADERS,0.0,0.0,match
Delhi,SE-7846,2,150879.0,150839.0,2026-09-12,KAGAZKAAR RETAIL PACKAGING PVT LTD,2,150879.0,2026-09-12,KAGAZKAAR RETAIL PACKAGING PVT LTD,-40.0,0.0,match
Delhi,SE-7847,3,59649.0,59649.0,2026-09-12,Rakesh Crockery House,3,59649.0,2026-09-12,Rakesh Crockery House,0.0,0.0,match
Delhi,SE-7848,4,44530.0,44530.0,2026-09-13,M/S Distributionmasters Traders LLP,4,44530.0,2026-09-13,M/S Distributionmasters Traders LLP,0.0,0.0,match
Delhi,SE-7849,1,22500.0,22500.0,2026-09-13,Shyam Vegetable,1,22500.0,2026-09-13,Shyam Vegetable,0.0,0.0,match
Delhi,SE-7850,2,6460.0,6460.0,2026-09-13,Zomato Hyperpure Delhi,2,6460.0,2026-09-13,Zomato Hyperpure Delhi,0.0,0.0,match
Delhi,SE-7851,5,74493.00200000001,74493.0,2026-09-13,Zomato Hyperpure Delhi,5,74493.0,2026-09-13,Zomato Hyperpure Delhi,0.0,0.0,match
Delhi,SE-7852,3,14706.0,14706.0,2026-09-13,Javed Dairy,3,14706.0,2026-09-13,Javed Dairy,0.0,0.0,match
Delhi,SE-7853,3,598.0,598.0,2026-09-14,Cash Purchase,3,598.0,2026-09-14,Cash Purchase,0.0,0.0,match
Delhi,SE-7854,6,2172.2,2172.2,2026-09-14,Cash Purchase,6,2172.2,2026-09-14,Cash Purchase,0.0,0.0,match
Delhi,SE-7855,6,816.9000000000001,816.9000000000001,2026-09-14,Cash Purchase,6,816.9000000000001,2026-09-14,Cash Purchase,0.0,0.0,match
Delhi,SE-7856,6,602.4,602.4,2026-09-14,Cash Purchase,6,602.4,2026-09-14,Cash Purchase,0.0,0.0,match
Delhi,SE-7857,4,1360.0,1360.0,2026-09-14,Cash Purchase,4,1360.0,2026-09-14,Cash Purchase,0.0,0.0,match
Delhi,SE-7858,6,2660.0,2660.0,2026-09-14,Cash Purchase,6,2660.0,2026-09-14,Cash Purchase,0.0,0.0,match
Delhi,SE-7859,3,1711.8,1711.8,2026-09-14,Cash Purchase,3,1711.8,2026-09-14,Cash Purchase,0.0,0.0,match
Delhi,SE-7860,4,891.6,891.6,2026-09-14,Cash Purchase,4,891.6,2026-09-14,Cash Purchase,0.0,0.0,match
Delhi,SE-7861,5,1641.3,1641.3,2026-09-14,Cash Purchase,5,1641.3,2026-09-14,Cash Purchase,0.0,0.0,match
Delhi,SE-7862,10,1933.3,1933.3,2026-09-14,Cash Purchase,10,1933.3,2026-09-14,Cash Purchase,0.0,0.0,match
Delhi,SE-7863,8,5419.75,5419.75,2026-09-14,Cash Purchase,8,5419.75,2026-09-14,Cash Purchase,0.0,0.0,match
Delhi,SE-7864,14,18545.0,18545.0,2026-09-15,MANDI FRESH,14,18545.0,2026-09-15,MANDI FRESH,0.0,0.0,match
Delhi,SE-7865,14,20995.2,20995.2,2026-09-15,MANDI FRESH,14,20995.2,2026-09-15,MANDI FRESH,0.0,0.0,match
Delhi,SE-7866,1,6972.0,6972.0,2026-09-15,M/S Distributionmasters Traders LLP,1,6972.0,2026-09-15,M/S Distributionmasters Traders LLP,0.0,0.0,match
Delhi,SE-7867,1,3160.0,3160.0,2026-09-15,Zomato Hyperpure Delhi,1,3160.0,2026-09-15,Zomato Hyperpure Delhi,0.0,0.0,match
Delhi,SE-7868,8,20031.7,20031.7,2026-09-15,Zomato Hyperpure Delhi,8,20031.7,2026-09-15,Zomato Hyperpure Delhi,0.0,0.0,match
Delhi,SE-7869,1,2212.0,2212.0,2026-09-15,Zomato Hyperpure Delhi,1,2212.0,2026-09-15,Zomato Hyperpure Delhi,0.0,0.0,match
Delhi,SE-7870,2,10188.0,10188.0,2026-09-15,Zomato Hyperpure Delhi,2,10188.0,2026-09-15,Zomato Hyperpure Delhi,0.0,0.0,match
Delhi,SE-7871,3,48193.944,48193.94,2026-09-15,Zomato Hyperpure Delhi,3,48193.94,2026-09-15,Zomato Hyperpure Delhi,0.0,0.0,match
Delhi,SE-7872,2,3906.0,3906.0,2026-09-15,Javed Dairy,2,3906.0,2026-09-15,Javed Dairy,0.0,0.0,match
Delhi,SE-7873,2,4614.0,4614.0,2026-09-15,Javed Dairy,2,4614.0,2026-09-15,Javed Dairy,0.0,0.0,match
Delhi,SE-7874,4,25020.0,25020.0,2026-09-15,Shyam Vegetable,4,25020.0,2026-09-15,Shyam Vegetable,0.0,0.0,match
Delhi,SE-7875,6,45219.4,45219.4,2026-09-15,South Indian Pan Shop,6,45219.4,2026-09-15,South Indian Pan Shop,0.0,0.0,match
Delhi,SE-7876,1,5300.0,5300.0,2026-09-15,Cash Purchase,1,5300.0,2026-09-15,Cash Purchase,0.0,0.0,match
Delhi,SE-7877,2,1196.58,1196.58,2026-09-15,Cash Purchase,2,1196.58,2026-09-15,Cash Purchase,0.0,0.0,match
Delhi,SE-7878,1,1800.0,1800.0,2026-09-15,Cash Purchase,1,1800.0,2026-09-15,Cash Purchase,0.0,0.0,match
Delhi,SE-7879,2,12300.0,12300.0,2026-09-16,Shyam Vegetable,2,12300.0,2026-09-16,Shyam Vegetable,0.0,0.0,match
Delhi,SE-7880,1,20296.0,20296.0,2026-09-16,Zomato Hyperpure Delhi,1,20296.0,2026-09-16,Zomato Hyperpure Delhi,0.0,0.0,match
Delhi,SE-7881,1,20899.5,20899.5,2026-09-16,Zomato Hyperpure Delhi,1,20899.5,2026-09-16,Zomato Hyperpure Delhi,0.0,0.0,match
Delhi,SE-7882,2,3544.0,3544.0,2026-09-16,Zomato Hyperpure Delhi,2,3544.0,2026-09-16,Zomato Hyperpure Delhi,0.0,0.0,match
Delhi,SE-7883,15,43755.06,43755.06,2026-09-16,Zomato Hyperpure Delhi,15,43755.06,2026-09-16,Zomato Hyperpure Delhi,0.0,0.0,match
Delhi,SE-7884,10,16205.0,16205.0,2026-09-16,MANDI FRESH,10,16205.0,2026-09-16,MANDI FRESH,0.0,0.0,match
Delhi,SE-7885,3,8358.0,8358.0,2026-09-16,Javed Dairy,3,8358.0,2026-09-16,Javed Dairy,0.0,0.0,match
Delhi,SE-7886,1,4003.2,4003.2,2026-09-19,Cash Purchase,1,4003.2,2026-09-19,Cash Purchase,0.0,0.0,match
Delhi,SE-7887,1,4560.0,4560.0,2026-09-19,Cash Purchase,1,4560.0,2026-09-19,Cash Purchase,0.0,0.0,match
Delhi,SE-7888,1,295.0,295.0,2026-09-19,Cash Purchase,1,295.0,2026-09-19,Cash Purchase,0.0,0.0,match
Delhi,SE-7889,2,7810.0,7810.0,2026-09-21,South Indian Pan Shop,2,7810.0,2026-09-21,South Indian Pan Shop,0.0,0.0,match
Delhi,SE-7890,2,5310.0,5310.0,2026-09-21,South Indian Pan Shop,2,5310.0,2026-09-21,South Indian Pan Shop,0.0,0.0,match
Delhi,SE-7891,4,30860.0,30860.0,2026-09-21,South Indian Pan Shop,4,30860.0,2026-09-21,South Indian Pan Shop,0.0,0.0,match
Delhi,SE-7892,16,29858.0,29858.0,2026-09-21,MANDI FRESH,16,29858.0,2026-09-21,MANDI FRESH,0.0,0.0,match
Delhi,SE-7893,18,32900.0,32900.0,2026-09-21,MANDI FRESH,18,32900.0,2026-09-21,MANDI FRESH,0.0,0.0,match
Delhi,SE-7894,19,68451.0,68451.0,2026-09-21,MANDI FRESH,19,68451.0,2026-09-21,MANDI FRESH,0.0,0.0,match
Delhi,SE-7895,1,13944.0,13944.0,2026-09-21,M/S Distributionmasters Traders LLP,1,13944.0,2026-09-21,M/S Distributionmasters Traders LLP,0.0,0.0,match
Delhi,SE-7896,1,20000.0,20000.0,2026-09-21,M/S Distributionmasters Traders LLP,1,20000.0,2026-09-21,M/S Distributionmasters Traders LLP,0.0,0.0,match
Delhi,SE-7897,1,1062.0,1062.0,2026-09-21,Javed Dairy,1,1062.0,2026-09-21,Javed Dairy,0.0,0.0,match
Delhi,SE-7898,3,7650.0,7650.0,2026-09-21,Javed Dairy,3,7650.0,2026-09-21,Javed Dairy,0.0,0.0,match
Delhi,SE-7899,2,3788.0,3788.0,2026-09-21,Javed Dairy,2,3788.0,2026-09-21,Javed Dairy,0.0,0.0,match
Delhi,SE-7900,2,3906.0,3906.0,2026-09-21,Javed Dairy,2,3906.0,2026-09-21,Javed Dairy,0.0,0.0,match
Delhi,SE-7901,3,6606.0,6606.0,2026-09-21,Javed Dairy,3,6606.0,2026-09-21,Javed Dairy,0.0,0.0,match
Delhi,SE-7902,1,9600.0,9600.0,2026-09-21,Shyam Vegetable,1,9600.0,2026-09-21,Shyam Vegetable,0.0,0.0,match
Delhi,SE-7903,1,9600.0,9600.0,2026-09-21,Shyam Vegetable,1,9600.0,2026-09-21,Shyam Vegetable,0.0,0.0,match
Delhi,SE-7904,1,7500.0,7500.0,2026-09-21,Shyam Vegetable,1,7500.0,2026-09-21,Shyam Vegetable,0.0,0.0,match
Delhi,SE-7905,1,57600.0,57600.0,2026-09-21,Shyam Vegetable,1,57600.0,2026-09-21,Shyam Vegetable,0.0,0.0,match
Delhi,SE-7906,2,119050.88,119050.88,2026-09-21,Zomato Hyperpure Delhi,2,119050.88,2026-09-21,Zomato Hyperpure Delhi,0.0,0.0,match
Delhi,SE-7907,1,2844.0,2844.0,2026-09-21,Zomato Hyperpure Delhi,1,2844.0,2026-09-21,Zomato Hyperpure Delhi,0.0,0.0,match
Delhi,SE-7908,3,69242.0,69242.0,2026-09-21,Zomato Hyperpure Delhi,3,69242.0,2026-09-21,Zomato Hyperpure Delhi,0.0,0.0,match
Delhi,SE-7909,1,3795.0,3795.0,2026-09-21,Zomato Hyperpure Delhi,1,3795.0,2026-09-21,Zomato Hyperpure Delhi,0.0,0.0,match
Delhi,SE-7910,2,18727.620000000003,18727.620000000003,2026-09-21,Zomato Hyperpure Delhi,2,18727.620000000003,2026-09-21,Zomato Hyperpure Delhi,0.0,0.0,match
Delhi,SE-7911,2,37360.35,37360.35,2026-09-21,Zomato Hyperpure Delhi,2,37360.35,2026-09-21,Zomato Hyperpure Delhi,0.0,0.0,match
Delhi,SE-7912,2,15383.7,15383.7,2026-09-21,Zomato Hyperpure Delhi,2,15383.7,2026-09-21,Zomato Hyperpure Delhi,0.0,0.0,match
Delhi,SE-7913,8,66105.012,66105.01,2026-09-21,Zomato Hyperpure Delhi,8,66105.01,2026-09-21,Zomato Hyperpure Delhi,0.0,0.0,match
Delhi,SE-7914,2,11203.8,11203.8,2026-09-21,Zomato Hyperpure Delhi,2,11203.8,2026-09-21,Zomato Hyperpure Delhi,0.0,0.0,match
Delhi,SE-7915,5,23052.206,23052.21,2026-09-21,Zomato Hyperpure Delhi,5,23052.21,2026-09-21,Zomato Hyperpure Delhi,0.0,-0.0,match
Delhi,SE-7916,1,35568.0,35568.0,2026-09-21,LOTUS & CO.,1,35568.0,2026-09-21,LOTUS & CO.,0.0,0.0,match
Delhi,SE-7917,2,27921.0,27921.0,2026-09-21,BAGRODIA SUPERMARKETS PVT LTD,2,27921.0,2026-09-21,BAGRODIA SUPERMARKETS PVT LTD,0.0,0.0,match
Delhi,SE-7918,1,22800.0,22800.0,2026-09-21,Zomato Hyperpure Delhi,1,22800.0,2026-09-21,Zomato Hyperpure Delhi,0.0,0.0,match
Delhi,SE-7919,1,22800.0,22800.0,2026-09-21,Zomato Hyperpure Delhi,1,22800.0,2026-09-21,Zomato Hyperpure Delhi,0.0,0.0,match
Delhi,SE-7920,15,22324.0,22324.0,2026-09-24,MANDI FRESH,15,22324.0,2026-09-24,MANDI FRESH,0.0,0.0,match
Delhi,SE-7921,13,14169.0,14169.0,2026-09-24,MANDI FRESH,13,14169.0,2026-09-24,MANDI FRESH,0.0,0.0,match
Delhi,SE-7922,16,32626.0,32626.0,2026-09-24,MANDI FRESH,16,32626.0,2026-09-24,MANDI FRESH,0.0,0.0,match
Delhi,SE-7923,15,22517.0,22517.0,2026-09-24,MANDI FRESH,15,22517.0,2026-09-24,MANDI FRESH,0.0,0.0,match
Delhi,SE-7924,3,7788.0,7788.0,2026-09-24,Javed Dairy,3,7788.0,2026-09-24,Javed Dairy,0.0,0.0,match
Delhi,SE-7925,3,8598.0,8598.0,2026-09-24,Javed Dairy,3,8598.0,2026-09-24,Javed Dairy,0.0,0.0,match
Delhi,SE-7926,3,5658.0,5658.0,2026-09-24,Javed Dairy,3,5658.0,2026-09-24,Javed Dairy,0.0,0.0,match
Delhi,SE-7927,1,8520.0,8520.0,2026-09-24,Zomato Hyperpure Delhi,1,8520.0,2026-09-24,Zomato Hyperpure Delhi,0.0,0.0,match
Delhi,SE-7928,1,2844.0,2844.0,2026-09-24,Zomato Hyperpure Delhi,1,2844.0,2026-09-24,Zomato Hyperpure Delhi,0.0,0.0,match
Delhi,SE-7929,1,2423.98,2423.98,2026-09-24,Zomato Hyperpure Delhi,1,2423.98,2026-09-24,Zomato Hyperpure Delhi,0.0,0.0,match
Delhi,SE-7930,1,8359.8,8359.8,2026-09-24,Zomato Hyperpure Delhi,1,8359.8,2026-09-24,Zomato Hyperpure Delhi,0.0,0.0,match
Delhi,SE-7931,2,20111.852,20111.85,2026-09-24,Zomato Hyperpure Delhi,2,20111.85,2026-09-24,Zomato Hyperpure Delhi,0.0,0.0,match
Delhi,SE-7932,3,7279.0,7279.0,2026-09-24,Zomato Hyperpure Delhi,3,7279.0,2026-09-24,Zomato Hyperpure Delhi,0.0,0.0,match
Delhi,SE-7933,1,23700.0,23700.0,2026-09-24,Zomato Hyperpure Delhi,1,23700.0,2026-09-24,Zomato Hyperpure Delhi,0.0,0.0,match
Delhi,SE-7934,3,21573.561999999998,21573.559999999998,2026-09-24,Zomato Hyperpure Delhi,3,21573.559999999998,2026-09-24,Zomato Hyperpure Delhi,0.0,0.0,match
Delhi,SE-7935,16,53830.32,53830.32,2026-09-24,Zomato Hyperpure Delhi,16,53830.32,2026-09-24,Zomato Hyperpure Delhi,0.0,0.0,match
Delhi,SE-7936,2,84000.0,84000.0,2026-09-24,PC TRADING CO.,2,84000.0,2026-09-24,PC TRADING CO.,0.0,0.0,match
Delhi,SE-7937,2,18801.6,18799.6,2026-09-24,Sms Supply Port Pvt Ltd.,2,18801.6,2026-09-24,Sms Supply Port Pvt Ltd.,-2.0,0.0,match
Delhi,SE-7938,3,39410.0,39410.0,2026-09-24,South Indian Pan Shop,3,39410.0,2026-09-24,South Indian Pan Shop,0.0,0.0,match
Delhi,SE-7939,2,8800.0,8800.0,2026-09-24,South Indian Pan Shop,2,8800.0,2026-09-24,South Indian Pan Shop,0.0,0.0,match
Delhi,SE-7940,3,14700.0,14700.0,2026-09-24,Shyam Vegetable,3,14700.0,2026-09-24,Shyam Vegetable,0.0,0.0,match
Delhi,SE-7941,1,4000.0,4000.0,2026-09-24,Shyam Vegetable,1,4000.0,2026-09-24,Shyam Vegetable,0.0,0.0,match
Delhi,SE-7942,1,7500.0,7500.0,2026-09-24,Shyam Vegetable,1,7500.0,2026-09-24,Shyam Vegetable,0.0,0.0,match
Delhi,SE-7943,1,3200.0,3200.0,2026-09-24,Shyam Vegetable,1,3200.0,2026-09-24,Shyam Vegetable,0.0,0.0,match
Delhi,SE-7944,1,9600.0,9600.0,2026-09-24,Shyam Vegetable,1,9600.0,2026-09-24,Shyam Vegetable,0.0,0.0,match
Delhi,SE-7945,1,9600.0,9600.0,2026-09-24,Shyam Vegetable,1,9600.0,2026-09-24,Shyam Vegetable,0.0,0.0,match
Delhi,SE-7946,1,9600.0,9600.0,2026-09-24,Shyam Vegetable,1,9600.0,2026-09-24,Shyam Vegetable,0.0,0.0,match
Delhi,SE-7947,1,22500.0,22500.0,2026-09-24,Shyam Vegetable,1,22500.0,2026-09-24,Shyam Vegetable,0.0,0.0,match
Delhi,SE-7948,1,22500.0,22500.0,2026-09-24,Shyam Vegetable,1,22500.0,2026-09-24,Shyam Vegetable,0.0,0.0,match
Delhi,SE-7949,1,9600.0,9600.0,2026-09-24,Shyam Vegetable,1,9600.0,2026-09-24,Shyam Vegetable,0.0,0.0,match
Delhi,SE-7950,1,93600.0,93600.0,2026-09-24,PC TRADING CO.,1,93600.0,2026-09-24,PC TRADING CO.,0.0,0.0,match
Delhi,SE-7951,1,15288.0,15288.0,2026-09-24,Hans Industrial Corp. Ltd,1,15288.0,2026-09-24,Hans Industrial Corp. Ltd,0.0,0.0,match
Delhi,SE-7952,1,22500.0,22500.0,2026-09-25,Shyam Vegetable,1,22500.0,2026-09-25,Shyam Vegetable,0.0,0.0,match
Delhi,SE-7953,1,9600.0,9600.0,2026-09-25,Shyam Vegetable,1,9600.0,2026-09-25,Shyam Vegetable,0.0,0.0,match
Delhi,SE-7954,7,82139.4,82139.4,2026-09-25,South Indian Pan Shop,7,82139.4,2026-09-25,South Indian Pan Shop,0.0,0.0,match
Delhi,SE-7955,3,10014.0,10014.0,2026-09-25,Javed Dairy,3,10014.0,2026-09-25,Javed Dairy,0.0,0.0,match
Delhi,SE-7956,19,30659.0,30659.0,2026-09-26,MANDI FRESH,19,30659.0,2026-09-26,MANDI FRESH,0.0,0.0,match
Delhi,SE-7957,2,12990.0,12990.0,2026-09-27,South Indian Pan Shop,2,12990.0,2026-09-27,South Indian Pan Shop,0.0,0.0,match
Delhi,SE-7958,1,5700.0,5700.0,2026-09-27,South Indian Pan Shop,1,5700.0,2026-09-27,South Indian Pan Shop,0.0,0.0,match
Delhi,SE-7959,19,62877.0,62877.0,2026-09-27,MANDI FRESH,19,62877.0,2026-09-27,MANDI FRESH,0.0,0.0,match
Delhi,SE-7960,1,499.84,499.84,2026-09-28,Cash Purchase,1,499.84,2026-09-28,Cash Purchase,0.0,0.0,match
Delhi,SE-7961,2,1900.0,1900.0,2026-09-28,Cash Purchase,2,1900.0,2026-09-28,Cash Purchase,0.0,0.0,match
Delhi,SE-7962,1,221.0,221.0,2026-09-28,Cash Purchase,1,221.0,2026-09-28,Cash Purchase,0.0,0.0,match
Delhi,SE-7963,1,2001.6,2001.6,2026-09-28,Cash Purchase,1,2001.6,2026-09-28,Cash Purchase,0.0,0.0,match
Delhi,SE-7964,1,413.0,413.0,2026-09-28,Cash Purchase,1,413.0,2026-09-28,Cash Purchase,0.0,0.0,match
Delhi,SE-7965,1,6000.0,6000.0,2026-09-28,Shyam Vegetable,1,6000.0,2026-09-28,Shyam Vegetable,0.0,0.0,match
Delhi,SE-7966,1,9600.0,9600.0,2026-09-28,Shyam Vegetable,1,9600.0,2026-09-28,Shyam Vegetable,0.0,0.0,match
Delhi,SE-7967,1,9600.0,9600.0,2026-09-28,Shyam Vegetable,1,9600.0,2026-09-28,Shyam Vegetable,0.0,0.0,match
Delhi,SE-7968,1,9600.0,9600.0,2026-09-28,Shyam Vegetable,1,9600.0,2026-09-28,Shyam Vegetable,0.0,0.0,match
Delhi,SE-7969,4,43360.0,43360.0,2026-09-28,M/S Distributionmasters Traders LLP,4,43360.0,2026-09-28,M/S Distributionmasters Traders LLP,0.0,0.0,match
Delhi,SE-7970,4,61149.5,61149.5,2026-09-28,FoodPro Packaging Private Limited,4,61149.5,2026-09-28,FoodPro Packaging Private Limited,0.0,0.0,match
Delhi,SE-7971,15,17504.0,17504.0,2026-09-28,MANDI FRESH,15,17504.0,2026-09-28,MANDI FRESH,0.0,0.0,match
Delhi,SE-7972,1,18837.0,18837.0,2026-09-28,Zomato Hyperpure Delhi,1,18837.0,2026-09-28,Zomato Hyperpure Delhi,0.0,0.0,match
Delhi,SE-7973,7,64224.969,64224.969999999994,2026-09-28,Zomato Hyperpure Delhi,7,64224.969999999994,2026-09-28,Zomato Hyperpure Delhi,0.0,-0.0,match
Delhi,SE-7974,2,5140.0,5140.0,2026-09-28,Zomato Hyperpure Delhi,2,5140.0,2026-09-28,Zomato Hyperpure Delhi,0.0,0.0,match
Delhi,SE-7975,4,40608.824,40608.82,2026-09-28,Zomato Hyperpure Delhi,4,40608.82,2026-09-28,Zomato Hyperpure Delhi,0.0,0.0,match
Delhi,SE-7976,1,17363.873,17363.87,2026-09-28,Zomato Hyperpure Delhi,1,17363.87,2026-09-28,Zomato Hyperpure Delhi,0.0,0.0,match
Delhi,SE-7977,2,3354.0,3354.0,2026-09-28,Zomato Hyperpure Delhi,2,3354.0,2026-09-28,Zomato Hyperpure Delhi,0.0,0.0,match
Delhi,SE-7978,1,3795.0,3795.0,2026-09-28,Zomato Hyperpure Delhi,1,3795.0,2026-09-28,Zomato Hyperpure Delhi,0.0,0.0,match
Delhi,SE-7979,10,77885.212,77885.20999999999,2026-09-28,Zomato Hyperpure Delhi,10,77885.20999999999,2026-09-28,Zomato Hyperpure Delhi,0.0,0.0,match
Delhi,SE-7980,2,9200.0,9200.0,2026-09-28,Shyam Vegetable,2,9200.0,2026-09-28,Shyam Vegetable,0.0,0.0,match
Delhi,SE-7981,1,9600.0,9600.0,2026-09-28,Shyam Vegetable,1,9600.0,2026-09-28,Shyam Vegetable,0.0,0.0,match
Delhi,SE-7982,1,16012.8,15999.8,2026-09-28,Gaurav water supply,1,16012.8,2026-09-28,Gaurav water supply,-13.0,0.0,match
Delhi,SE-7983,1,60000.0,60000.0,2026-09-28,PC TRADING CO.,1,60000.0,2026-09-28,PC TRADING CO.,0.0,0.0,match
Delhi,SE-7984,3,6606.0,6606.0,2026-09-28,Javed Dairy,3,6606.0,2026-09-28,Javed Dairy,0.0,0.0,match
Delhi,SE-7985,3,6252.0,6252.0,2026-09-28,Javed Dairy,3,6252.0,2026-09-28,Javed Dairy,0.0,0.0,match
Delhi,SE-7986,3,5304.0,5304.0,2026-09-28,Javed Dairy,3,5304.0,2026-09-28,Javed Dairy,0.0,0.0,match
Delhi,SE-7987,1,132.0,132.0,2026-09-29,Cash Purchase,1,132.0,2026-09-29,Cash Purchase,0.0,0.0,match
Delhi,SE-7988,2,2230.0,2230.0,2026-09-29,Cash Purchase,2,2230.0,2026-09-29,Cash Purchase,0.0,0.0,match
Delhi,SE-7989,1,4000.0,4000.0,2026-09-29,Cash Purchase,1,4000.0,2026-09-29,Cash Purchase,0.0,0.0,match
Delhi,SE-7990,1,9600.0,9600.0,2026-09-29,Shyam Vegetable,1,9600.0,2026-09-29,Shyam Vegetable,0.0,0.0,match
Delhi,SE-7991,1,9600.0,9600.0,2026-09-29,Shyam Vegetable,1,9600.0,2026-09-29,Shyam Vegetable,0.0,0.0,match
Delhi,SE-7992,1,3795.0,3795.0,2026-09-29,Zomato Hyperpure Delhi,1,3795.0,2026-09-29,Zomato Hyperpure Delhi,0.0,0.0,match
Delhi,SE-7993,1,279.0,279.0,2026-09-29,Zomato Hyperpure Delhi,1,279.0,2026-09-29,Zomato Hyperpure Delhi,0.0,0.0,match
Delhi,SE-7994,1,320.0,320.0,2026-09-29,Zomato Hyperpure Delhi,1,320.0,2026-09-29,Zomato Hyperpure Delhi,0.0,0.0,match
Delhi,SE-7995,10,62684.168,62684.17,2026-09-29,Zomato Hyperpure Delhi,10,62684.17,2026-09-29,Zomato Hyperpure Delhi,0.0,-0.0,match
Delhi,SE-7996,14,19925.0,19925.0,2026-09-29,MANDI FRESH,14,19925.0,2026-09-29,MANDI FRESH,0.0,0.0,match
Delhi,SE-7997,3,23950.0,23950.0,2026-09-29,South Indian Pan Shop,3,23950.0,2026-09-29,South Indian Pan Shop,0.0,0.0,match
Delhi,SE-7998,4,33592.307,33592.31,2026-09-30,Zomato Hyperpure Delhi,4,33592.31,2026-09-30,Zomato Hyperpure Delhi,0.0,-0.0,match
Delhi,SE-7999,2,2364.0,2364.0,2026-09-30,Javed Dairy,2,2364.0,2026-09-30,Javed Dairy,0.0,0.0,match
Delhi,SE-8000,2,4260.0,4260.0,2026-09-30,Javed Dairy,2,4260.0,2026-09-30,Javed Dairy,0.0,0.0,match
Delhi,SE-8001,2,7000.0,7000.0,2026-09-30,South Indian Pan Shop,2,7000.0,2026-09-30,South Indian Pan Shop,0.0,0.0,match
Delhi,SE-8002,1,480.0,480.0,2026-09-30,Cash Purchase,1,480.0,2026-09-30,Cash Purchase,0.0,0.0,match
Delhi,SE-8003,1,480.0,480.0,2026-09-30,Cash Purchase,1,480.0,2026-09-30,Cash Purchase,0.0,0.0,match
Delhi,SE-8004,13,24440.0,24440.0,2026-09-30,MANDI FRESH,13,24440.0,2026-09-30,MANDI FRESH,0.0,0.0,match
Delhi,SE-8005,3,6750.0,6750.0,2026-09-30,Shyam Vegetable,3,6750.0,2026-09-30,Shyam Vegetable,0.0,0.0,match
Delhi,SE-8006,2,15968.0,15968.0,2026-10-01,M/S Distributionmasters Traders LLP,2,15968.0,2026-10-01,M/S Distributionmasters Traders LLP,0.0,0.0,match
Delhi,SE-8007,1,63516.0,63516.0,2026-10-01,EECO PACK,1,63516.0,2026-10-01,EECO PACK,0.0,0.0,match
Delhi,SE-8008,2,219525.0,219445.0,2026-10-01,KAGAZKAAR RETAIL PACKAGING PVT LTD,2,219525.0,2026-10-01,KAGAZKAAR RETAIL PACKAGING PVT LTD,-80.0,0.0,match
Delhi,SE-8009,1,3542.0,3542.0,2026-10-01,Zomato Hyperpure Delhi,1,3542.0,2026-10-01,Zomato Hyperpure Delhi,0.0,0.0,match
Delhi,SE-8010,18,58057.0,58057.0,2026-10-01,MANDI FRESH,18,58057.0,2026-10-01,MANDI FRESH,0.0,0.0,match
Delhi,SE-8011,5,107661.3,107661.3,2026-10-01,Devine & Conquer Store,5,107661.3,2026-10-01,Devine & Conquer Store,0.0,0.0,match
Delhi,SE-8012,19,54300.0,54300.0,2026-10-04,MANDI FRESH,19,54586.0,2026-10-04,MANDI FRESH,-286.0,-286.0,amount_mismatch
Delhi,SE-8013,1,19200.0,19200.0,2026-10-04,Shyam Vegetable,1,19200.0,2026-10-04,Shyam Vegetable,0.0,0.0,match
Delhi,SE-8014,1,15000.0,15000.0,2026-10-04,Shyam Vegetable,1,15000.0,2026-10-04,Shyam Vegetable,0.0,0.0,match
Delhi,SE-8015,1,9600.0,9600.0,2026-10-04,Shyam Vegetable,1,9600.0,2026-10-04,Shyam Vegetable,0.0,0.0,match
Delhi,SE-8016,1,9600.0,9600.0,2026-10-04,Shyam Vegetable,1,9600.0,2026-10-04,Shyam Vegetable,0.0,0.0,match
Delhi,SE-8017,1,9600.0,9600.0,2026-10-04,Shyam Vegetable,1,9600.0,2026-10-04,Shyam Vegetable,0.0,0.0,match
Delhi,SE-8018,1,9600.0,9600.0,2026-10-04,Shyam Vegetable,1,9600.0,2026-10-04,Shyam Vegetable,0.0,0.0,match
Delhi,SE-8019,1,270303.0,270303.0,2026-10-04,Harsh Tarun Enterprises,1,270303.0,2026-10-04,Harsh Tarun Enterprises,0.0,0.0,match
Delhi,SE-8020,1,165000.0,165000.0,2026-10-04,Damji Pasu &Co,1,165000.0,2026-10-04,Damji Pasu &Co,0.0,0.0,match
Delhi,SE-8021,6,41357.2,41350.200000000004,2026-10-04,South Indian Pan Shop,6,41357.2,2026-10-04,South Indian Pan Shop,-7.0,0.0,match
Delhi,SE-8022,1,9480.0,9480.0,2026-10-04,Zomato Hyperpure Delhi,1,9480.0,2026-10-04,Zomato Hyperpure Delhi,0.0,0.0,match
Delhi,SE-8023,4,15438.0,15438.0,2026-10-04,Zomato Hyperpure Delhi,4,15438.0,2026-10-04,Zomato Hyperpure Delhi,0.0,0.0,match
Delhi,SE-8024,4,32588.167999999998,32588.17,2026-10-04,Zomato Hyperpure Delhi,4,32588.17,2026-10-04,Zomato Hyperpure Delhi,0.0,-0.0,match
Delhi,SE-8025,33,174618.012,174618.01,2026-10-04,Zomato Hyperpure Delhi,33,174618.01,2026-10-04,Zomato Hyperpure Delhi,0.0,0.0,match
Delhi,SE-8026,1,9480.0,9480.0,2026-10-04,Zomato Hyperpure Delhi,1,9480.0,2026-10-04,Zomato Hyperpure Delhi,0.0,0.0,match
Delhi,SE-8027,4,14606.8,14606.8,2026-10-04,Zomato Hyperpure Delhi,4,14606.8,2026-10-04,Zomato Hyperpure Delhi,0.0,0.0,match
Delhi,SE-8028,9,91528.622,91528.62,2026-10-04,Zomato Hyperpure Delhi,9,91528.62,2026-10-04,Zomato Hyperpure Delhi,0.0,0.0,match
Delhi,SE-8029,1,2465.0,2465.0,2026-10-04,Zomato Hyperpure Delhi,1,2465.0,2026-10-04,Zomato Hyperpure Delhi,0.0,0.0,match
Delhi,SE-8030,2,900.9,900.9,2026-10-04,Zomato Hyperpure Delhi,2,900.9,2026-10-04,Zomato Hyperpure Delhi,0.0,0.0,match
Delhi,SE-8031,2,11270.0,11270.0,2026-10-04,Zomato Hyperpure Delhi,2,11270.0,2026-10-04,Zomato Hyperpure Delhi,0.0,0.0,match
Delhi,SE-8032,5,53236.836,53236.84,2026-10-04,Zomato Hyperpure Delhi,5,53236.84,2026-10-04,Zomato Hyperpure Delhi,0.0,-0.0,match
Delhi,SE-8033,2,77896.0,77896.0,2026-10-04,DAHMI COMMODITIES LLP (POSTA),2,77896.0,2026-10-04,DAHMI COMMODITIES LLP (POSTA),0.0,0.0,match
Delhi,SE-8034,4,515100.0,515043.0,2026-10-04,Shree Enterprise,4,515100.0,2026-10-04,Shree Enterprise,-57.0,0.0,match
Delhi,SE-8035,3,5034.0,5034.0,2026-10-04,Javed Dairy,3,5034.0,2026-10-04,Javed Dairy,0.0,0.0,match
Delhi,SE-8036,2,3942.0,3942.0,2026-10-04,Javed Dairy,2,3942.0,2026-10-04,Javed Dairy,0.0,0.0,match
Delhi,SE-8037,2,2274.0,2274.0,2026-10-04,Javed Dairy,2,2274.0,2026-10-04,Javed Dairy,0.0,0.0,match
Delhi,SE-8038,3,11130.0,11130.0,2026-10-04,Javed Dairy,3,11130.0,2026-10-04,Javed Dairy,0.0,0.0,match
Delhi,SE-8039,1,180.0,180.0,2026-10-05,Cash Purchase,1,180.0,2026-10-05,Cash Purchase,0.0,0.0,match
Delhi,SE-8040,1,1800.0,1800.0,2026-10-05,Cash Purchase,1,1800.0,2026-10-05,Cash Purchase,0.0,0.0,match
Delhi,SE-8041,2,2040.0,2040.0,2026-10-05,Cash Purchase,2,2040.0,2026-10-05,Cash Purchase,0.0,0.0,match
Delhi,SE-8042,2,415.0,415.0,2026-10-05,Cash Purchase,2,415.0,2026-10-05,Cash Purchase,0.0,0.0,match
Delhi,SE-8043,1,2280.0,2280.0,2026-10-05,Cash Purchase,1,2280.0,2026-10-05,Cash Purchase,0.0,0.0,match
Delhi,SE-8044,2,4650.0,4650.0,2026-10-05,Javed Dairy,2,4650.0,2026-10-05,Javed Dairy,0.0,0.0,match
Delhi,SE-8045,2,28980.0,28980.0,2026-10-05,M/S Distributionmasters Traders LLP,2,28980.0,2026-10-05,M/S Distributionmasters Traders LLP,0.0,0.0,match
Delhi,SE-8046,18,26622.2,26622.2,2026-10-05,MANDI FRESH,18,26622.2,2026-10-05,MANDI FRESH,0.0,0.0,match
Delhi,SE-8047,1,9480.0,9480.0,2026-10-06,Zomato Hyperpure Delhi,1,9480.0,2026-10-06,Zomato Hyperpure Delhi,0.0,0.0,match
Delhi,SE-8048,4,47747.824,47747.82,2026-10-06,Zomato Hyperpure Delhi,4,47747.81999999999,2026-10-06,Zomato Hyperpure Delhi,0.0,0.0,match
Delhi,SE-8049,1,161600.0,161600.0,2026-10-06,Gopal Printers Private Limited,1,161600.0,2026-10-06,Gopal Printers Private Limited,0.0,0.0,match
Delhi,SE-8050,1,9000.0,9000.0,2026-10-06,Shyam Vegetable,1,9000.0,2026-10-06,Shyam Vegetable,0.0,0.0,match
Delhi,SE-8051,1,9600.0,9600.0,2026-10-06,Shyam Vegetable,1,9600.0,2026-10-06,Shyam Vegetable,0.0,0.0,match
Delhi,SE-8052,1,9600.0,9600.0,2026-10-06,Shyam Vegetable,1,9600.0,2026-10-06,Shyam Vegetable,0.0,0.0,match
Delhi,SE-8053,1,15000.0,15000.0,2026-10-06,Shyam Vegetable,1,15000.0,2026-10-06,Shyam Vegetable,0.0,0.0,match
Delhi,SE-8054,15,24644.0,24644.0,2026-10-06,MANDI FRESH,15,24644.0,2026-10-06,MANDI FRESH,0.0,0.0,match
Delhi,SE-8055,3,8034.0,8034.0,2026-10-06,Zomato Hyperpure Delhi,3,8034.0,2026-10-06,Zomato Hyperpure Delhi,0.0,0.0,match
Delhi,SE-8056,3,5074.0,5074.0,2026-10-06,Zomato Hyperpure Delhi,3,5074.0,2026-10-06,Zomato Hyperpure Delhi,0.0,0.0,match
Delhi,SE-8057,2,31644.36,31644.36,2026-10-06,Zomato Hyperpure Delhi,2,31644.36,2026-10-06,Zomato Hyperpure Delhi,0.0,0.0,match
Delhi,SE-8058,13,65551.25,65551.25,2026-10-06,Zomato Hyperpure Delhi,13,65551.25,2026-10-06,Zomato Hyperpure Delhi,0.0,0.0,match
Delhi,SE-8059,2,19198.8,19198.8,2026-10-06,Sms Supply Port Pvt Ltd.,2,19198.8,2026-10-06,Sms Supply Port Pvt Ltd.,0.0,0.0,match
Delhi,SE-8060,4,5382.4,5382.4,2026-10-06,Sms Supply Port Pvt Ltd.,4,5382.4,2026-10-06,Sms Supply Port Pvt Ltd.,0.0,0.0,match
Delhi,SE-8061,2,12666.0,12666.0,2026-10-06,Sms Supply Port Pvt Ltd.,2,12666.0,2026-10-06,Sms Supply Port Pvt Ltd.,0.0,0.0,match
Delhi,SE-8062,1,5698.8,5698.8,2026-10-06,Sms Supply Port Pvt Ltd.,1,5698.8,2026-10-06,Sms Supply Port Pvt Ltd.,0.0,0.0,match
Delhi,SE-8063,14,17489.0,17489.0,2026-10-07,MANDI FRESH,14,17489.0,2026-10-07,MANDI FRESH,0.0,0.0,match
Delhi,SE-8064,2,4650.0,4650.0,2026-10-07,Javed Dairy,2,4650.0,2026-10-07,Javed Dairy,0.0,0.0,match
Delhi,SE-8065,3,6702.0,6702.0,2026-10-07,Javed Dairy,3,6702.0,2026-10-07,Javed Dairy,0.0,0.0,match
Delhi,SE-8066,4,16920.0,16920.0,2026-10-08,South Indian Pan Shop,4,16920.0,2026-10-08,South Indian Pan Shop,0.0,0.0,match
Delhi,SE-8067,4,36530.0,36530.0,2026-10-08,South Indian Pan Shop,4,36530.0,2026-10-08,South Indian Pan Shop,0.0,0.0,match
Delhi,SE-8068,14,18033.0,18033.0,2026-10-08,MANDI FRESH,14,18033.0,2026-10-08,MANDI FRESH,0.0,0.0,match
Kolkata,SE-8591,13,14223.4,14221.99,2026-09-09,Radha Krishana Enterprise,13,14223.4,2026-09-09,Radha Krishana Enterprise,-1.41,0.0,match
Kolkata,SE-8592,3,5187.0,5187.0,2026-09-09,Adya Dairy,3,5187.0,2026-09-09,Adya Dairy,0.0,0.0,match
Kolkata,SE-8593,2,3850.0,3850.0,2026-09-09,Tara Maa Dashakaram,2,3850.0,2026-09-09,Tara Maa Dashakaram,0.0,0.0,match
Kolkata,SE-8594,5,15372.0,15372.0,2026-09-09,BAGRODIA SUPERMARKETS PVT LTD,5,15372.0,2026-09-09,BAGRODIA SUPERMARKETS PVT LTD,0.0,0.0,match
Kolkata,SE-8595,1,6720.0,6720.0,2026-09-09,Zomato Hyperpure Kolkata,1,6720.0,2026-09-09,Zomato Hyperpure Kolkata,0.0,0.0,match
Kolkata,SE-8596,5,80664.0,80664.0,2026-09-09,DAHMI COMMODITIES LLP (POSTA),5,80664.0,2026-09-09,DAHMI COMMODITIES LLP (POSTA),0.0,0.0,match
Kolkata,SE-8597,1,6000.0,6000.0,2026-09-09,Bio Box India,1,6000.0,2026-09-09,Bio Box India,0.0,0.0,match
Kolkata,SE-8598,1,55500.0,55500.0,2026-09-10,Aas Supply,1,55500.0,2026-09-10,Aas Supply,0.0,0.0,match
Kolkata,SE-8599,16,19666.8,19664.8,2026-09-10,Radha Krishana Enterprise,16,19666.8,2026-09-10,Radha Krishana Enterprise,-2.0,0.0,match
Kolkata,SE-8600,3,5516.6,5516.6,2026-09-10,Adya Dairy,3,5516.6,2026-09-10,Adya Dairy,0.0,0.0,match
Kolkata,SE-8601,1,66627.0,66587.0,2026-09-10,KAGAZKAAR RETAIL PACKAGING PVT LTD,1,66627.0,2026-09-10,KAGAZKAAR RETAIL PACKAGING PVT LTD,-40.0,0.0,match
Kolkata,SE-8602,2,3875.0,3875.0,2026-09-10,Tara Maa Dashakaram,2,3875.0,2026-09-10,Tara Maa Dashakaram,0.0,0.0,match
Kolkata,SE-8603,1,6300.0,6300.0,2026-09-10,SUFAL COMMERCIAL,1,6300.0,2026-09-10,SUFAL COMMERCIAL,0.0,0.0,match
Kolkata,SE-8604,6,164043.0,164032.01,2026-09-10,M/S MAHAR,6,164043.0,2026-09-10,M/S MAHAR,-10.99,0.0,match
Kolkata,SE-8605,2,7694.7,7694.7,2026-09-10,CONTINENTAL FOOD,2,7694.7,2026-09-10,CONTINENTAL FOOD,0.0,0.0,match
Kolkata,SE-8606,3,4093.0,4093.0,2026-09-11,Adya Dairy,3,4093.0,2026-09-11,Adya Dairy,0.0,0.0,match
Kolkata,SE-8607,18,20791.0,20790.0,2026-09-11,Radha Krishana Enterprise,18,20791.0,2026-09-11,Radha Krishana Enterprise,-1.0,0.0,match
Kolkata,SE-8608,3,47121.0,47121.0,2026-09-11,BAGRODIA SUPERMARKETS PVT LTD,3,47121.0,2026-09-11,BAGRODIA SUPERMARKETS PVT LTD,0.0,0.0,match
Kolkata,SE-8609,3,4155.0,4155.0,2026-09-12,Adya Dairy,3,4155.0,2026-09-12,Adya Dairy,0.0,0.0,match
Kolkata,SE-8610,19,26743.3,26741.02,2026-09-12,Radha Krishana Enterprise,19,26743.3,2026-09-12,Radha Krishana Enterprise,-2.28,0.0,match
Kolkata,SE-8611,2,4450.0,4450.0,2026-09-12,Tara Maa Dashakaram,2,4450.0,2026-09-12,Tara Maa Dashakaram,0.0,0.0,match
Kolkata,SE-8612,1,16800.0,16800.0,2026-09-12,Krishay Enterprise,1,16800.0,2026-09-12,Krishay Enterprise,0.0,0.0,match
Kolkata,SE-8613,2,11839.8,11839.8,2026-09-12,SUFAL COMMERCIAL,2,11839.8,2026-09-12,SUFAL COMMERCIAL,0.0,0.0,match
Kolkata,SE-8614,3,6677.0,6677.0,2026-09-13,Adya Dairy,3,6677.0,2026-09-13,Adya Dairy,0.0,0.0,match
Kolkata,SE-8615,19,23058.3,23056.04,2026-09-13,Radha Krishana Enterprise,19,23058.3,2026-09-13,Radha Krishana Enterprise,-2.26,0.0,match
Kolkata,SE-8616,3,175693.90000000002,175693.90000000002,2026-09-13,Zomato Hyperpure Kolkata,3,175693.90000000002,2026-09-13,Zomato Hyperpure Kolkata,0.0,0.0,match
Kolkata,SE-8617,1,25290.72,25290.72,2026-09-13,Ashirvad Enterprise,1,25290.72,2026-09-13,Ashirvad Enterprise,0.0,0.0,match
Kolkata,SE-8618,3,4500.0,4500.0,2026-09-13,Tara Maa Dashakaram,3,4500.0,2026-09-13,Tara Maa Dashakaram,0.0,0.0,match
Kolkata,SE-8619,3,7458.0,7458.0,2026-09-14,Adya Dairy,3,7458.0,2026-09-14,Adya Dairy,0.0,0.0,match
Kolkata,SE-8620,15,16204.5,16202.0,2026-09-14,Radha Krishana Enterprise,15,16204.5,2026-09-14,Radha Krishana Enterprise,-2.5,0.0,match
Kolkata,SE-8621,4,63050.0,63050.0,2026-09-14,Tara Maa Dashakaram,4,63050.0,2026-09-14,Tara Maa Dashakaram,0.0,0.0,match
Kolkata,SE-8622,3,3678.0,3678.0,2026-09-15,Adya Dairy,3,3678.0,2026-09-15,Adya Dairy,0.0,0.0,match
Kolkata,SE-8623,17,17540.2,17537.989999999998,2026-09-15,Radha Krishana Enterprise,17,17540.2,2026-09-15,Radha Krishana Enterprise,-2.21,0.0,match
Kolkata,SE-8624,1,2700.15,2700.0,2026-09-15,ASR Enterprise,1,2700.15,2026-09-15,ASR Enterprise,-0.15,0.0,match
Kolkata,SE-8625,2,3851.56,3835.56,2026-09-15,SHREE GOPAL PAPER & PRINTERS,2,3851.56,2026-09-15,SHREE GOPAL PAPER & PRINTERS,-16.0,0.0,match
Kolkata,SE-8626,1,66627.0,66587.0,2026-09-15,KAGAZKAAR RETAIL PACKAGING PVT LTD,1,66627.0,2026-09-15,KAGAZKAAR RETAIL PACKAGING PVT LTD,-40.0,0.0,match
Kolkata,SE-8627,2,2200.0,2200.0,2026-09-15,Tara Maa Dashakaram,2,2200.0,2026-09-15,Tara Maa Dashakaram,0.0,0.0,match
Kolkata,SE-8628,1,8100.0,8100.0,2026-09-15,BAGRODIA SUPERMARKETS PVT LTD,1,8100.0,2026-09-15,BAGRODIA SUPERMARKETS PVT LTD,0.0,0.0,match
Kolkata,SE-8629,1,3360.0,3360.0,2026-09-15,BAGRODIA SUPERMARKETS PVT LTD,1,3360.0,2026-09-15,BAGRODIA SUPERMARKETS PVT LTD,0.0,0.0,match
Kolkata,SE-8630,5,75969.5,75969.5,2026-09-15,BAGRODIA SUPERMARKETS PVT LTD,5,75969.5,2026-09-15,BAGRODIA SUPERMARKETS PVT LTD,0.0,0.0,match
Kolkata,SE-8631,1,20160.0,20160.0,2026-09-15,Diamond Beverage,1,20160.0,2026-09-15,Diamond Beverage,0.0,0.0,match
Kolkata,SE-8632,3,4035.0,4035.0,2026-09-16,Adya Dairy,3,4035.0,2026-09-16,Adya Dairy,0.0,0.0,match
Kolkata,SE-8633,20,19115.5,19114.52,2026-09-16,Radha Krishana Enterprise,20,19115.5,2026-09-16,Radha Krishana Enterprise,-0.98,0.0,match
Kolkata,SE-8634,1,86500.0,86500.0,2026-09-16,Spring Valley Computech P Ltd,1,86500.0,2026-09-16,Spring Valley Computech P Ltd,0.0,0.0,match
Kolkata,SE-8635,2,8962.5,8872.5,2026-09-16,BAGRODIA SUPERMARKETS PVT LTD,2,8962.5,2026-09-16,BAGRODIA SUPERMARKETS PVT LTD,-90.0,0.0,match
Kolkata,SE-8636,11,54536.5,54533.51,2026-09-16,BAGRODIA SUPERMARKETS PVT LTD,11,54536.5,2026-09-16,BAGRODIA SUPERMARKETS PVT LTD,-2.99,0.0,match
Kolkata,SE-8637,2,18540.0,18540.0,2026-09-16,Ashirvad Enterprise,2,18540.0,2026-09-16,Ashirvad Enterprise,0.0,0.0,match
Kolkata,SE-8638,2,698.75,698.75,2026-09-16,Ashirvad Enterprise,2,698.75,2026-09-16,Ashirvad Enterprise,0.0,0.0,match
Kolkata,SE-8639,1,37019.4,37019.4,2026-09-16,BAGRODIA SUPERMARKETS PVT LTD,1,37019.4,2026-09-16,BAGRODIA SUPERMARKETS PVT LTD,0.0,0.0,match
Kolkata,SE-8640,3,9486.3,9486.3,2026-09-16,BAGRODIA SUPERMARKETS PVT LTD,3,9486.3,2026-09-16,BAGRODIA SUPERMARKETS PVT LTD,0.0,0.0,match
Kolkata,SE-8641,1,12348.0,12348.0,2026-09-16,Zomato Hyperpure Kolkata,1,12348.0,2026-09-16,Zomato Hyperpure Kolkata,0.0,0.0,match
Kolkata,SE-8642,1,6450.0,6450.0,2026-09-16,Ashirvad Enterprise,1,6450.0,2026-09-16,Ashirvad Enterprise,0.0,0.0,match
Kolkata,SE-8643,3,4200.0,4200.0,2026-09-16,Tara Maa Dashakaram,3,4200.0,2026-09-16,Tara Maa Dashakaram,0.0,0.0,match
Kolkata,SE-8644,1,105000.0,105000.0,2026-09-16,BM Agarwal,1,105000.0,2026-09-16,BM Agarwal,0.0,0.0,match
Kolkata,SE-8645,1,6000.0,6000.0,2026-09-16,Bio Box India,1,6000.0,2026-09-16,Bio Box India,0.0,0.0,match
Kolkata,SE-8646,1,47328.0,47328.0,2026-09-16,BAGRODIA SUPERMARKETS PVT LTD,1,47328.0,2026-09-16,BAGRODIA SUPERMARKETS PVT LTD,0.0,0.0,match
Kolkata,SE-8647,1,29333.28,29333.28,2026-09-16,M/S Sanjay Patodia,1,29333.28,2026-09-16,M/S Sanjay Patodia,0.0,0.0,match
Kolkata,SE-8648,1,110240.0,110240.0,2026-09-16,Aas Supply,1,110240.0,2026-09-16,Aas Supply,0.0,0.0,match
Kolkata,SE-8649,3,5704.0,5704.0,2026-09-17,Adya Dairy,3,5704.0,2026-09-17,Adya Dairy,0.0,0.0,match
Kolkata,SE-8650,17,15522.7,15521.99,2026-09-17,Radha Krishana Enterprise,17,15522.7,2026-09-17,Radha Krishana Enterprise,-0.71,0.0,match
Kolkata,SE-8651,1,18207.0,18207.0,2026-09-17,Zomato Hyperpure Kolkata,1,18207.0,2026-09-17,Zomato Hyperpure Kolkata,0.0,0.0,match
Kolkata,SE-8652,1,29700.0,29700.0,2026-09-17,R.C Enterprises,1,29700.0,2026-09-17,R.C Enterprises,0.0,0.0,match
Kolkata,SE-8653,2,2500.0,2500.0,2026-09-17,Tara Maa Dashakaram,2,2500.0,2026-09-17,Tara Maa Dashakaram,0.0,0.0,match
Kolkata,SE-8654,1,48100.0,48100.0,2026-09-18,Aas Supply,1,48100.0,2026-09-18,Aas Supply,0.0,0.0,match
Kolkata,SE-8655,19,22569.7,22567.69,2026-09-18,Radha Krishana Enterprise,19,22569.7,2026-09-18,Radha Krishana Enterprise,-2.01,0.0,match
Kolkata,SE-8656,1,1800.0,1800.0,2026-09-18,Cash Purchase,1,1800.0,2026-09-18,Cash Purchase,0.0,0.0,match
Kolkata,SE-8657,2,4468.0,4468.0,2026-09-19,Adya Dairy,2,4468.0,2026-09-19,Adya Dairy,0.0,0.0,match
Kolkata,SE-8658,2,22767.0,22767.0,2026-09-19,Zomato Hyperpure Kolkata,2,22767.0,2026-09-19,Zomato Hyperpure Kolkata,0.0,0.0,match
Kolkata,SE-8659,1,3600.2,3600.0,2026-09-19,ASR Enterprise,1,3600.2,2026-09-19,ASR Enterprise,-0.2,0.0,match
Kolkata,SE-8660,1,24000.0,24000.0,2026-09-19,ASR Enterprise,1,24000.0,2026-09-19,ASR Enterprise,0.0,0.0,match
Kolkata,SE-8661,16,23225.0,23222.01,2026-09-19,Radha Krishana Enterprise,16,23225.0,2026-09-19,Radha Krishana Enterprise,-2.99,0.0,match
Kolkata,SE-8662,3,4400.0,4400.0,2026-09-19,Tara Maa Dashakaram,3,4400.0,2026-09-19,Tara Maa Dashakaram,0.0,0.0,match
Kolkata,SE-8663,3,46150.4,46124.0,2026-09-19,M/S MAHAR,3,46150.4,2026-09-19,M/S MAHAR,-26.4,0.0,match
Kolkata,SE-8664,3,4250.0,4250.0,2026-09-19,Tara Maa Dashakaram,3,4250.0,2026-09-19,Tara Maa Dashakaram,0.0,0.0,match
Kolkata,SE-8665,3,86520.0,86520.0,2026-09-19,DAHMI COMMODITIES LLP (POSTA),3,86520.0,2026-09-19,DAHMI COMMODITIES LLP (POSTA),0.0,0.0,match
Kolkata,SE-8666,4,72148.0,72138.0,2026-09-19,Gopal Printers Private Limited,4,72148.0,2026-09-19,Gopal Printers Private Limited,-10.0,0.0,match
Kolkata,SE-8667,4,35938.5,35935.5,2026-09-19,Shree Enterprise,4,35938.5,2026-09-19,Shree Enterprise,-3.0,0.0,match
Kolkata,SE-8668,1,1400.0,1365.0,2026-09-19,SHUBHAM CREATIONS,1,1400.0,2026-09-19,SHUBHAM CREATIONS,-35.0,0.0,match
Kolkata,SE-8669,1,2000.0,2000.0,2026-09-19,Cash Purchase,1,2000.0,2026-09-19,Cash Purchase,0.0,0.0,match
Kolkata,SE-8670,3,7520.0,7520.0,2026-09-19,Adya Dairy,3,7520.0,2026-09-19,Adya Dairy,0.0,0.0,match
Kolkata,SE-8671,1,1951.56,1947.56,2026-09-19,SHREE GOPAL PAPER & PRINTERS,1,1951.56,2026-09-19,SHREE GOPAL PAPER & PRINTERS,-4.0,0.0,match
Kolkata,SE-8672,3,4587.0,4587.0,2026-09-20,Adya Dairy,3,4587.0,2026-09-20,Adya Dairy,0.0,0.0,match
Kolkata,SE-8673,17,20802.5,20800.510000000002,2026-09-20,Radha Krishana Enterprise,17,20802.5,2026-09-20,Radha Krishana Enterprise,-1.99,0.0,match
Kolkata,SE-8674,3,63175.0,63175.0,2026-09-20,Tara Maa Dashakaram,3,63175.0,2026-09-20,Tara Maa Dashakaram,0.0,0.0,match
Kolkata,SE-8675,1,1536.0,1536.0,2026-09-20,GOUR SUNDAR ENTERPRISE,1,1536.0,2026-09-20,GOUR SUNDAR ENTERPRISE,0.0,0.0,match
Kolkata,SE-8676,2,20487.0,20487.0,2026-09-20,Zomato Hyperpure Kolkata,2,20487.0,2026-09-20,Zomato Hyperpure Kolkata,0.0,0.0,match
Kolkata,SE-8677,1,120.0,120.0,2026-09-20,Cash Purchase,1,120.0,2026-09-20,Cash Purchase,0.0,0.0,match
Kolkata,SE-8678,3,4629.0,4629.0,2026-09-21,Adya Dairy,3,4629.0,2026-09-21,Adya Dairy,0.0,0.0,match
Kolkata,SE-8679,1,18207.0,18207.0,2026-09-21,Zomato Hyperpure Kolkata,1,18207.0,2026-09-21,Zomato Hyperpure Kolkata,0.0,0.0,match
Kolkata,SE-8680,16,15383.8,15379.98,2026-09-21,Radha Krishana Enterprise,16,15383.8,2026-09-21,Radha Krishana Enterprise,-3.82,0.0,match
Kolkata,SE-8681,3,12008.5,12008.5,2026-09-21,Zomato Hyperpure Kolkata,3,12008.5,2026-09-21,Zomato Hyperpure Kolkata,0.0,0.0,match
Kolkata,SE-8682,1,74882.707,74879.03,2026-09-21,HARI PROTEINS,1,74882.71,2026-09-21,HARI PROTEINS,-3.68,-0.0,match
Kolkata,SE-8683,1,74882.707,74879.0,2026-09-21,HARI PROTEINS,1,74882.71,2026-09-21,HARI PROTEINS,-3.71,-0.0,match
Kolkata,SE-8684,3,3350.0,3350.0,2026-09-21,Tara Maa Dashakaram,3,3350.0,2026-09-21,Tara Maa Dashakaram,0.0,0.0,match
Kolkata,SE-8685,1,58880.0,58870.0,2026-09-21,Bikaner Polymers Pvt Ltd,1,58880.0,2026-09-21,Bikaner Polymers Pvt Ltd,-10.0,0.0,match
Kolkata,SE-8686,3,6262.0,6262.0,2026-09-22,Adya Dairy,3,6262.0,2026-09-22,Adya Dairy,0.0,0.0,match
Kolkata,SE-8687,19,18609.8,18608.99,2026-09-22,Radha Krishana Enterprise,19,18609.8,2026-09-22,Radha Krishana Enterprise,-0.81,0.0,match
Kolkata,SE-8688,2,2609.25,2609.0,2026-09-22,BAGRODIA SUPERMARKETS PVT LTD,2,2609.25,2026-09-22,BAGRODIA SUPERMARKETS PVT LTD,-0.25,0.0,match
Kolkata,SE-8689,2,2550.0,2550.0,2026-09-23,Tara Maa Dashakaram,2,2550.0,2026-09-23,Tara Maa Dashakaram,0.0,0.0,match
Kolkata,SE-8690,1,55500.0,55500.0,2026-09-23,Aas Supply,1,55500.0,2026-09-23,Aas Supply,0.0,0.0,match
Kolkata,SE-8691,2,28330.0,28330.0,2026-09-23,Zomato Hyperpure Kolkata,2,28330.0,2026-09-23,Zomato Hyperpure Kolkata,0.0,0.0,match
Kolkata,SE-8692,3,4745.0,4745.0,2026-09-23,Adya Dairy,3,4745.0,2026-09-23,Adya Dairy,0.0,0.0,match
Kolkata,SE-8693,2,21840.0,21840.0,2026-09-23,BAGRODIA SUPERMARKETS PVT LTD,2,21840.0,2026-09-23,BAGRODIA SUPERMARKETS PVT LTD,0.0,0.0,match
Kolkata,SE-8694,20,20746.5,20745.010000000002,2026-09-23,Radha Krishana Enterprise,20,20746.5,2026-09-23,Radha Krishana Enterprise,-1.49,0.0,match
Kolkata,SE-8695,1,9480.0,9480.0,2026-09-23,Zomato Hyperpure Kolkata,1,9480.0,2026-09-23,Zomato Hyperpure Kolkata,0.0,0.0,match
Kolkata,SE-8696,3,47020.0,47016.990000000005,2026-09-23,M/S MAHAR,3,47020.0,2026-09-23,M/S MAHAR,-3.01,0.0,match
Kolkata,SE-8697,3,49270.0,49253.0,2026-09-23,M/S MAHAR,3,49270.0,2026-09-23,M/S MAHAR,-17.0,0.0,match
Kolkata,SE-8698,2,76200.0,76200.0,2026-09-23,Zomato Hyperpure Kolkata,2,76200.0,2026-09-23,Zomato Hyperpure Kolkata,0.0,0.0,match
Kolkata,SE-8699,2,3850.0,3850.0,2026-09-23,Tara Maa Dashakaram,2,3850.0,2026-09-23,Tara Maa Dashakaram,0.0,0.0,match
Kolkata,SE-8700,1,5400.0,5400.0,2026-09-23,BAGRODIA SUPERMARKETS PVT LTD,1,5400.0,2026-09-23,BAGRODIA SUPERMARKETS PVT LTD,0.0,0.0,match
Kolkata,SE-8701,1,4400.0,4400.0,2026-09-23,BAGRODIA SUPERMARKETS PVT LTD,1,4400.0,2026-09-23,BAGRODIA SUPERMARKETS PVT LTD,0.0,0.0,match
Kolkata,SE-8702,3,5766.0,5766.0,2026-09-24,Adya Dairy,3,5766.0,2026-09-24,Adya Dairy,0.0,0.0,match
Kolkata,SE-8703,16,17779.7,17779.0,2026-09-24,Radha Krishana Enterprise,16,17779.7,2026-09-24,Radha Krishana Enterprise,-0.7,0.0,match
Kolkata,SE-8704,1,37920.0,37920.0,2026-09-24,Zomato Hyperpure Kolkata,1,37920.0,2026-09-24,Zomato Hyperpure Kolkata,0.0,0.0,match
Kolkata,SE-8705,2,36635.903999999995,36635.9,2026-09-24,Zomato Hyperpure Kolkata,2,36635.9,2026-09-24,Zomato Hyperpure Kolkata,0.0,0.0,match
Kolkata,SE-8706,1,37674.0,37674.0,2026-09-24,Zomato Hyperpure Kolkata,1,37674.0,2026-09-24,Zomato Hyperpure Kolkata,0.0,0.0,match
Kolkata,SE-8707,1,190.0,190.0,2026-09-24,Cash Purchase,1,190.0,2026-09-24,Cash Purchase,0.0,0.0,match
Kolkata,SE-8708,1,12348.0,12348.0,2026-09-24,Zomato Hyperpure Kolkata,1,12348.0,2026-09-24,Zomato Hyperpure Kolkata,0.0,0.0,match
Kolkata,SE-8709,2,5212.87,5212.87,2026-09-24,CONTINENTAL FOOD,2,5212.87,2026-09-24,CONTINENTAL FOOD,0.0,0.0,match
Kolkata,SE-8710,1,300.0,300.0,2026-09-24,Cash Purchase,1,300.0,2026-09-24,Cash Purchase,0.0,0.0,match
Kolkata,SE-8711,3,3750.0,3750.0,2026-09-24,Tara Maa Dashakaram,3,3750.0,2026-09-24,Tara Maa Dashakaram,0.0,0.0,match
Kolkata,SE-8712,2,17040.0,17040.0,2026-09-24,Diamond Beverage,2,17040.0,2026-09-24,Diamond Beverage,0.0,0.0,match
Kolkata,SE-8713,16,21936.5,21935.5,2026-09-25,Radha Krishana Enterprise,16,21936.5,2026-09-25,Radha Krishana Enterprise,-1.0,0.0,match
Kolkata,SE-8714,1,12348.0,12348.0,2026-09-25,Zomato Hyperpure Kolkata,1,12348.0,2026-09-25,Zomato Hyperpure Kolkata,0.0,0.0,match
Kolkata,SE-8715,1,2047.5,2047.5,2026-09-25,Zomato Hyperpure Kolkata,1,2047.5,2026-09-25,Zomato Hyperpure Kolkata,0.0,0.0,match
Kolkata,SE-8716,1,1125.0,1125.0,2026-09-25,Bio Box India,1,1125.0,2026-09-25,Bio Box India,0.0,0.0,match
Kolkata,SE-8717,4,16366.16,16366.16,2026-09-25,Ashirvad Enterprise,4,16366.16,2026-09-25,Ashirvad Enterprise,0.0,0.0,match
Kolkata,SE-8718,1,550.0,550.0,2026-09-25,Ashirvad Enterprise,1,550.0,2026-09-25,Ashirvad Enterprise,0.0,0.0,match
Kolkata,SE-8719,3,3966.0,3966.0,2026-09-25,Adya Dairy,3,3966.0,2026-09-25,Adya Dairy,0.0,0.0,match
Kolkata,SE-8720,3,16992.0,16992.0,2026-09-25,Devine & Conquer Store,3,16992.0,2026-09-25,Devine & Conquer Store,0.0,0.0,match
Kolkata,SE-8721,3,5168.0,5168.0,2026-09-26,Adya Dairy,3,5168.0,2026-09-26,Adya Dairy,0.0,0.0,match
Kolkata,SE-8722,4,67050.0,67050.0,2026-09-26,Tara Maa Dashakaram,4,67050.0,2026-09-26,Tara Maa Dashakaram,0.0,0.0,match
Kolkata,SE-8723,18,21216.4,21214.98,2026-09-26,Radha Krishana Enterprise,18,21216.4,2026-09-26,Radha Krishana Enterprise,-1.42,0.0,match
Kolkata,SE-8724,1,69200.0,69200.0,2026-09-26,Spring Valley Computech P Ltd,1,69200.0,2026-09-26,Spring Valley Computech P Ltd,0.0,0.0,match
Kolkata,SE-8725,2,27510.0,27505.0,2026-09-26,Gopal Printers Private Limited,2,27510.0,2026-09-26,Gopal Printers Private Limited,-5.0,0.0,match
Kolkata,SE-8726,2,10374.0,10374.0,2026-09-26,BAGRODIA SUPERMARKETS PVT LTD,2,10374.0,2026-09-26,BAGRODIA SUPERMARKETS PVT LTD,0.0,0.0,match
Kolkata,SE-8727,1,630.0,630.0,2026-09-26,BAGRODIA SUPERMARKETS PVT LTD,1,630.0,2026-09-26,BAGRODIA SUPERMARKETS PVT LTD,0.0,0.0,match
Kolkata,SE-8728,2,36684.0,36684.0,2026-09-26,BAGRODIA SUPERMARKETS PVT LTD,2,36684.0,2026-09-26,BAGRODIA SUPERMARKETS PVT LTD,0.0,0.0,match
Kolkata,SE-8729,1,6160.0,6160.0,2026-09-27,Radha Krishana Enterprise,1,6160.0,2026-09-27,Radha Krishana Enterprise,0.0,0.0,match
Kolkata,SE-8730,19,21328.1,21324.09,2026-09-27,Radha Krishana Enterprise,19,21328.1,2026-09-27,Radha Krishana Enterprise,-4.01,0.0,match
Kolkata,SE-8731,3,5486.0,5486.0,2026-09-27,Adya Dairy,3,5486.0,2026-09-27,Adya Dairy,0.0,0.0,match
Kolkata,SE-8732,2,4100.0,4100.0,2026-09-27,Tara Maa Dashakaram,2,4100.0,2026-09-27,Tara Maa Dashakaram,0.0,0.0,match
Kolkata,SE-8733,1,120.0,120.0,2026-09-27,Cash Purchase,1,120.0,2026-09-27,Cash Purchase,0.0,0.0,match
Kolkata,SE-8734,5,113568.0,113563.0,2026-09-27,M/S MAHAR,5,113568.0,2026-09-27,M/S MAHAR,-5.0,0.0,match
Kolkata,SE-8735,1,12600.0,12600.0,2026-09-27,Krishay Enterprise,1,12600.0,2026-09-27,Krishay Enterprise,0.0,0.0,match
Kolkata,SE-8736,3,6620.0,6620.0,2026-09-28,Adya Dairy,3,6620.0,2026-09-28,Adya Dairy,0.0,0.0,match
Kolkata,SE-8737,16,15621.9,15621.03,2026-09-28,Radha Krishana Enterprise,16,15621.9,2026-09-28,Radha Krishana Enterprise,-0.87,0.0,match
Kolkata,SE-8738,2,4100.0,4100.0,2026-09-28,Tara Maa Dashakaram,2,4100.0,2026-09-28,Tara Maa Dashakaram,0.0,0.0,match
Kolkata,SE-8739,1,14316.0,14316.0,2026-09-28,Just Uniform,1,14316.0,2026-09-28,Just Uniform,0.0,0.0,match
Kolkata,SE-8740,3,29814.0,29811.0,2026-09-28,Just Uniform,3,29814.0,2026-09-28,Just Uniform,-3.0,0.0,match
Kolkata,SE-8741,1,318.0,318.0,2026-09-28,Zomato Hyperpure Kolkata,1,318.0,2026-09-28,Zomato Hyperpure Kolkata,0.0,0.0,match
Kolkata,SE-8742,1,6693.75,6693.75,2026-09-28,BAGRODIA SUPERMARKETS PVT LTD,1,6693.75,2026-09-28,BAGRODIA SUPERMARKETS PVT LTD,0.0,0.0,match
Kolkata,SE-8743,3,4578.0,4578.0,2026-09-29,Adya Dairy,3,4578.0,2026-09-29,Adya Dairy,0.0,0.0,match
Kolkata,SE-8744,1,30345.0,30345.0,2026-09-29,Zomato Hyperpure Kolkata,1,30345.0,2026-09-29,Zomato Hyperpure Kolkata,0.0,0.0,match
Kolkata,SE-8745,3,4250.0,4250.0,2026-09-29,Tara Maa Dashakaram,3,4250.0,2026-09-29,Tara Maa Dashakaram,0.0,0.0,match
Kolkata,SE-8746,19,19645.3,19643.28,2026-09-29,Radha Krishana Enterprise,19,19645.3,2026-09-29,Radha Krishana Enterprise,-2.02,0.0,match
Kolkata,SE-8747,2,1299.7,1299.7,2026-09-29,Ashirvad Enterprise,2,1299.7,2026-09-29,Ashirvad Enterprise,0.0,0.0,match
Kolkata,SE-8748,3,5044.0,5044.0,2026-09-30,Adya Dairy,3,5044.0,2026-09-30,Adya Dairy,0.0,0.0,match
Kolkata,SE-8749,21,21698.6,21696.58,2026-09-30,Radha Krishana Enterprise,21,21698.6,2026-09-30,Radha Krishana Enterprise,-2.02,0.0,match
Kolkata,SE-8750,1,37000.0,37000.0,2026-09-30,Aas Supply,1,37000.0,2026-09-30,Aas Supply,0.0,0.0,match
Kolkata,SE-8751,2,12725.12,12725.12,2026-09-30,HOSPITALITY Mart,2,12725.12,2026-09-30,HOSPITALITY Mart,0.0,0.0,match
Kolkata,SE-8752,15,40309.840000000004,40294.85,2026-09-30,HOSPITALITY Mart,15,40309.84,2026-09-30,HOSPITALITY Mart,-14.99,0.0,match
Kolkata,SE-8753,1,300.0,300.0,2026-09-30,Cash Purchase,1,300.0,2026-09-30,Cash Purchase,0.0,0.0,match
Kolkata,SE-8754,1,1995.0,1995.0,2026-09-30,FRESH AISLE MART PLT,1,1995.0,2026-09-30,FRESH AISLE MART PLT,0.0,0.0,match
Kolkata,SE-8755,3,4031.0,4031.0,2026-10-01,Adya Dairy,3,4031.0,2026-10-01,Adya Dairy,0.0,0.0,match
Kolkata,SE-8756,15,24963.4,24963.4,2026-10-01,Radha Krishana Enterprise,15,24963.4,2026-10-01,Radha Krishana Enterprise,0.0,0.0,match
Kolkata,SE-8757,1,18522.0,18522.0,2026-10-01,Zomato Hyperpure Kolkata,1,18522.0,2026-10-01,Zomato Hyperpure Kolkata,0.0,0.0,match
Kolkata,SE-8758,3,4200.0,4200.0,2026-10-01,Tara Maa Dashakaram,3,4200.0,2026-10-01,Tara Maa Dashakaram,0.0,0.0,match
Kolkata,SE-8759,1,8939.952,8939.95,2026-10-01,Zomato Hyperpure Kolkata,1,8939.95,2026-10-01,Zomato Hyperpure Kolkata,0.0,0.0,match
Kolkata,SE-8760,1,8939.952,8939.95,2026-10-01,Zomato Hyperpure Kolkata,1,8939.95,2026-10-01,Zomato Hyperpure Kolkata,0.0,0.0,match
Kolkata,SE-8761,1,16800.0,16800.0,2026-10-01,Krishay Enterprise,1,16800.0,2026-10-01,Krishay Enterprise,0.0,0.0,match
Kolkata,SE-8762,1,4300.0,4300.0,2026-10-01,Ashirvad Enterprise,1,4300.0,2026-10-01,Ashirvad Enterprise,0.0,0.0,match
Kolkata,SE-8763,1,14400.0,14400.0,2026-10-01,LOTUS & CO.,1,14400.0,2026-10-01,LOTUS & CO.,0.0,0.0,match
Kolkata,SE-8764,1,165020.0,165011.0,2026-10-01,Damji Pasu &Co,1,165020.0,2026-10-01,Damji Pasu &Co,-9.0,0.0,match
Kolkata,SE-8765,3,4600.0,4600.0,2026-10-01,Tara Maa Dashakaram,3,4600.0,2026-10-01,Tara Maa Dashakaram,0.0,0.0,match
Kolkata,SE-8766,4,88750.0,88736.0,2026-10-01,FoodPro Packaging Private Limited,4,88750.0,2026-10-01,FoodPro Packaging Private Limited,-14.0,0.0,match
Kolkata,SE-8767,1,46860.0,46860.0,2026-10-01,BAGRODIA SUPERMARKETS PVT LTD,1,46860.0,2026-10-01,BAGRODIA SUPERMARKETS PVT LTD,0.0,0.0,match
Kolkata,SE-8768,2,28580.0,28580.0,2026-10-02,Aas Supply,2,28580.0,2026-10-02,Aas Supply,0.0,0.0,match
Kolkata,SE-8769,3,4290.0,4290.0,2026-10-02,Adya Dairy,3,4290.0,2026-10-02,Adya Dairy,0.0,0.0,match
Kolkata,SE-8770,18,24934.7,24931.69,2026-10-02,Radha Krishana Enterprise,18,24934.7,2026-10-02,Radha Krishana Enterprise,-3.01,0.0,match
Kolkata,SE-8771,1,33300.0,33300.0,2026-10-02,Aas Supply,1,33300.0,2026-10-02,Aas Supply,0.0,0.0,match
Kolkata,SE-8772,1,18522.0,18522.0,2026-10-02,Zomato Hyperpure Kolkata,1,18522.0,2026-10-02,Zomato Hyperpure Kolkata,0.0,0.0,match
Kolkata,SE-8773,1,2450.0,2450.0,2026-10-02,Zomato Hyperpure Kolkata,1,2450.0,2026-10-02,Zomato Hyperpure Kolkata,0.0,0.0,match
Kolkata,SE-8774,3,132059.6,132059.6,2026-10-02,Zomato Hyperpure Kolkata,3,132059.6,2026-10-02,Zomato Hyperpure Kolkata,0.0,0.0,match
Kolkata,SE-8775,1,53820.0,53820.0,2026-10-02,Zomato Hyperpure Kolkata,1,53820.0,2026-10-02,Zomato Hyperpure Kolkata,0.0,0.0,match
Kolkata,SE-8776,5,155486.0,155486.0,2026-10-02,DAHMI COMMODITIES LLP (POSTA),5,155486.0,2026-10-02,DAHMI COMMODITIES LLP (POSTA),0.0,0.0,match
Kolkata,SE-8777,2,6733.299999999999,6733.299999999999,2026-10-02,CONTINENTAL FOOD,2,6733.299999999999,2026-10-02,CONTINENTAL FOOD,0.0,0.0,match
Kolkata,SE-8778,3,132394.76,132394.76,2026-10-02,Devine & Conquer Store,3,132394.76,2026-10-02,Devine & Conquer Store,0.0,0.0,match
Kolkata,SE-8779,1,27090.0,27090.0,2026-10-02,Just Uniform,1,27090.0,2026-10-02,Just Uniform,0.0,0.0,match
Kolkata,SE-8780,1,4500.0,4500.0,2026-10-02,Cash Purchase,1,1500.0,2026-10-02,Cash Purchase,3000.0,3000.0,amount_mismatch
Kolkata,SE-8781,3,4575.0,4575.0,2026-10-02,Tara Maa Dashakaram,3,4575.0,2026-10-02,Tara Maa Dashakaram,0.0,0.0,match
Kolkata,SE-8782,4,76670.0,76662.0,2026-10-02,Gopal Printers Private Limited,4,76670.0,2026-10-02,Gopal Printers Private Limited,-8.0,0.0,match
Kolkata,SE-8783,2,61463.0,61462.0,2026-10-02,R.C Enterprises,2,61463.0,2026-10-02,R.C Enterprises,-1.0,0.0,match
Kolkata,SE-8784,4,96170.0,96170.0,2026-10-02,M/S MAHAR,4,96170.0,2026-10-02,M/S MAHAR,0.0,0.0,match
Kolkata,SE-8785,3,55479.240000000005,55479.240000000005,2026-10-02,M/S MAHAR,3,55479.240000000005,2026-10-02,M/S MAHAR,0.0,0.0,match
Kolkata,SE-8786,3,45180.0,45170.01,2026-10-02,M/S MAHAR,3,45180.0,2026-10-02,M/S MAHAR,-9.99,0.0,match
Kolkata,SE-8787,10,19695.47,19649.45,2026-10-02,SHREE GOPAL PAPER & PRINTERS,10,19695.47,2026-10-02,SHREE GOPAL PAPER & PRINTERS,-46.02,0.0,match
Kolkata,SE-8788,3,5424.0,5424.0,2026-10-03,Adya Dairy,3,5424.0,2026-10-03,Adya Dairy,0.0,0.0,match
Kolkata,SE-8789,1,18522.0,18522.0,2026-10-03,Zomato Hyperpure Kolkata,1,18522.0,2026-10-03,Zomato Hyperpure Kolkata,0.0,0.0,match
Kolkata,SE-8790,1,74499.6,74499.6,2026-10-03,Zomato Hyperpure Kolkata,1,74499.6,2026-10-03,Zomato Hyperpure Kolkata,0.0,0.0,match
Kolkata,SE-8791,3,4600.0,4600.0,2026-10-03,Tara Maa Dashakaram,3,4600.0,2026-10-03,Tara Maa Dashakaram,0.0,0.0,match
Kolkata,SE-8792,1,55500.0,55500.0,2026-10-03,Aas Supply,1,55500.0,2026-10-03,Aas Supply,0.0,0.0,match
Kolkata,SE-8793,18,26924.1,26923.100000000002,2026-10-03,Radha Krishana Enterprise,18,26924.1,2026-10-03,Radha Krishana Enterprise,-1.0,0.0,match
Kolkata,SE-8794,2,29040.0,29040.0,2026-10-03,Diamond Beverage,2,29040.0,2026-10-03,Diamond Beverage,0.0,0.0,match
Kolkata,SE-8795,1,66360.0,66343.0,2026-10-03,EECO PACK,1,66360.0,2026-10-03,EECO PACK,-17.0,0.0,match
Kolkata,SE-8796,3,7625.0,7625.0,2026-10-04,Adya Dairy,3,7625.0,2026-10-04,Adya Dairy,0.0,0.0,match
Kolkata,SE-8797,17,23379.5,23379.02,2026-10-04,Radha Krishana Enterprise,17,23379.5,2026-10-04,Radha Krishana Enterprise,-0.48,0.0,match
Kolkata,SE-8798,1,19800.0,19800.0,2026-10-04,ASR Enterprise,1,19800.0,2026-10-04,ASR Enterprise,0.0,0.0,match
Kolkata,SE-8799,1,4500.25,4500.0,2026-10-04,ASR Enterprise,1,4500.25,2026-10-04,ASR Enterprise,-0.25,0.0,match
Kolkata,SE-8800,3,4750.0,4750.0,2026-10-04,Cash Purchase,3,4750.0,2026-10-04,Cash Purchase,0.0,0.0,match
Kolkata,SE-8801,2,4000.0,4000.0,2026-10-04,Tara Maa Dashakaram,2,4000.0,2026-10-04,Tara Maa Dashakaram,0.0,0.0,match
Kolkata,SE-8802,2,9075.0,9075.0,2026-10-04,Bio Box India,2,9075.0,2026-10-04,Bio Box India,0.0,0.0,match
Kolkata,SE-8803,1,2231.0,2231.0,2026-10-04,BAGRODIA SUPERMARKETS PVT LTD,1,2231.0,2026-10-04,BAGRODIA SUPERMARKETS PVT LTD,0.0,0.0,match
Kolkata,SE-8804,1,2394.0,2394.0,2026-10-04,BAGRODIA SUPERMARKETS PVT LTD,1,2394.0,2026-10-04,BAGRODIA SUPERMARKETS PVT LTD,0.0,0.0,match
Kolkata,SE-8805,1,48100.0,48100.0,2026-10-05,Aas Supply,1,48100.0,2026-10-05,Aas Supply,0.0,0.0,match
Kolkata,SE-8806,3,7213.0,7213.0,2026-10-05,Adya Dairy,3,7213.0,2026-10-05,Adya Dairy,0.0,0.0,match
Kolkata,SE-8807,1,80892.0,80892.0,2026-10-05,M/S Sanjay Patodia,1,80892.0,2026-10-05,M/S Sanjay Patodia,0.0,0.0,match
Kolkata,SE-8808,16,20520.6,20518.579999999998,2026-10-05,Radha Krishana Enterprise,16,20520.6,2026-10-05,Radha Krishana Enterprise,-2.02,0.0,match
Kolkata,SE-8809,1,2500.94,2500.94,2026-10-05,CONTINENTAL FOOD,1,2500.94,2026-10-05,CONTINENTAL FOOD,0.0,0.0,match
Kolkata,SE-8810,3,7334.0,7334.0,2026-10-06,Adya Dairy,3,7334.0,2026-10-06,Adya Dairy,0.0,0.0,match
Kolkata,SE-8811,2,150879.0,150839.0,2026-10-06,KAGAZKAAR RETAIL PACKAGING PVT LTD,2,150879.0,2026-10-06,KAGAZKAAR RETAIL PACKAGING PVT LTD,-40.0,0.0,match
Kolkata,SE-8812,1,1.924,1.92,2026-10-06,CONTINENTAL FOOD,1,1.92,2026-10-06,CONTINENTAL FOOD,0.0,0.0,match
Kolkata,SE-8813,5,158326.0,158326.0,2026-10-06,DAHMI COMMODITIES LLP (POSTA),5,158326.0,2026-10-06,DAHMI COMMODITIES LLP (POSTA),0.0,0.0,match
Kolkata,SE-8814,17,19525.6,19523.99,2026-10-06,Radha Krishana Enterprise,17,19525.6,2026-10-06,Radha Krishana Enterprise,-1.61,0.0,match
Kolkata,SE-8815,1,202230.0,202230.0,2026-10-06,Zomato Hyperpure Kolkata,1,202230.0,2026-10-06,Zomato Hyperpure Kolkata,0.0,0.0,match
Kolkata,SE-8816,3,3750.0,3750.0,2026-10-06,Tara Maa Dashakaram,3,3750.0,2026-10-06,Tara Maa Dashakaram,0.0,0.0,match
Kolkata,SE-8817,2,3250.0,3250.0,2026-10-06,Tara Maa Dashakaram,2,3250.0,2026-10-06,Tara Maa Dashakaram,0.0,0.0,match
Kolkata,SE-8818,2,16991.652000000002,16991.65,2026-10-06,Zomato Hyperpure Kolkata,2,16991.65,2026-10-06,Zomato Hyperpure Kolkata,0.0,0.0,match
Kolkata,SE-8819,2,25834.92,25834.92,2026-10-06,Meetel Computers & Coated Paper Co .,2,25834.92,2026-10-06,Meetel Computers & Coated Paper Co .,0.0,0.0,match
Kolkata,SE-8820,5,30928.5,30928.5,2026-10-06,Ashirvad Enterprise,5,30928.5,2026-10-06,Ashirvad Enterprise,0.0,0.0,match
Kolkata,SE-8821,3,6736.0,6736.0,2026-10-07,Adya Dairy,3,6736.0,2026-10-07,Adya Dairy,0.0,0.0,match
Kolkata,SE-8822,20,25754.0,25752.02,2026-10-07,Radha Krishana Enterprise,20,25754.0,2026-10-07,Radha Krishana Enterprise,-1.98,0.0,match
Kolkata,SE-8823,4,63450.0,63450.0,2026-10-07,Tara Maa Dashakaram,4,63450.0,2026-10-07,Tara Maa Dashakaram,0.0,0.0,match
Kolkata,SE-8824,4,22975.0,22975.0,2026-10-07,Ashirvad Enterprise,4,22975.0,2026-10-07,Ashirvad Enterprise,0.0,0.0,match
Kolkata,SE-8825,1,59200.0,59200.0,2026-10-08,Aas Supply,1,59200.0,2026-10-08,Aas Supply,0.0,0.0,match
Kolkata,SE-8826,1,52500.0,52500.0,2026-10-08,BM Agarwal,1,52500.0,2026-10-08,BM Agarwal,0.0,0.0,match
Kolkata,SE-8827,19,25555.8,25554.01,2026-10-08,Radha Krishana Enterprise,19,25555.8,2026-10-08,Radha Krishana Enterprise,-1.79,0.0,match
Kolkata,SE-8828,3,4400.0,4400.0,2026-10-08,Tara Maa Dashakaram,3,4400.0,2026-10-08,Tara Maa Dashakaram,0.0,0.0,match
Kolkata,SE-8829,2,120978.9,120978.9,2026-10-08,Zomato Hyperpure Kolkata,2,120978.9,2026-10-08,Zomato Hyperpure Kolkata,0.0,0.0,match
Kolkata,SE-8830,1,27688.5,27688.5,2026-10-08,Zomato Hyperpure Kolkata,1,27688.5,2026-10-08,Zomato Hyperpure Kolkata,0.0,0.0,match
Kolkata,SE-8831,4,76670.0,76662.0,2026-10-08,Gopal Printers Private Limited,4,76670.0,2026-10-08,Gopal Printers Private Limited,-8.0,0.0,match
