period,city,store_type,deployment,store,item_rows,opening_amt_all,purchase_amt_all,indent_receive_amt_all,stock_in_amt_all,consumption_amt_all,yield_wastage_amt_all,wastage_amt_all,indent_dispatch_amt_all,stock_out_amt_all,closing_amt_all,physical_amt_all,physical_gain_loss_amt_all,opening_amt_raw,purchase_amt_raw,indent_receive_amt_raw,stock_in_amt_raw,consumption_amt_raw,yield_wastage_amt_raw,wastage_amt_raw,indent_dispatch_amt_raw,stock_out_amt_raw,closing_amt_raw,physical_amt_raw,physical_gain_loss_amt_raw,opening_amt_semi,purchase_amt_semi,indent_receive_amt_semi,stock_in_amt_semi,consumption_amt_semi,yield_wastage_amt_semi,wastage_amt_semi,indent_dispatch_amt_semi,stock_out_amt_semi,closing_amt_semi,physical_amt_semi,physical_gain_loss_amt_semi,opening_amt_other,purchase_amt_other,indent_receive_amt_other,stock_in_amt_other,consumption_amt_other,yield_wastage_amt_other,wastage_amt_other,indent_dispatch_amt_other,stock_out_amt_other,closing_amt_other,physical_amt_other,physical_gain_loss_amt_other,physical_count_taken
2026-10-01 to 2026-10-08,,Outlet,Dosa Coffee - Events & Catering,Main Kitchen-Dosa Coffee - Events  Catering,508,0.0,0.0,0.0,0.0,0.0,0,0.0,0.0,0.0,0.0,,,0.0,0.0,0.0,0.0,0.0,0,0.0,0.0,0.0,0.0,,,0.0,0.0,0.0,0.0,0.0,0.0,0.0,0.0,0.0,0.0,,,0.0,0.0,0.0,0.0,0.0,0,0.0,0.0,0.0,0.0,,,False
2026-10-01 to 2026-10-08,,Outlet,Dosa Coffee - Events & Catering,Main Store-Dosa Coffee - Events  Catering,173,-649.55,0.0,0.0,0.0,0.0,0,0.0,0.0,0.0,-649.55,,,0.0,0.0,0.0,0.0,0.0,0,0.0,0.0,0.0,0.0,,,-199.55,0.0,0.0,0.0,0.0,0.0,0.0,0.0,0.0,-199.55,,,-450.0,0.0,0.0,0.0,0.0,0,0.0,0.0,0.0,-450.0,,,False
2026-10-01 to 2026-10-08,Delhi,Outlet,Dosa Coffee - Chattarpur (02/0005),Dosa Coffee - Chattarpur,408,0.0,0.0,0.0,0.0,0.0,0,0.0,0.0,0.0,0.0,,,0.0,0.0,0.0,0.0,0.0,0,0.0,0.0,0.0,0.0,,,0.0,0.0,0.0,0.0,0.0,0.0,0.0,0.0,0.0,0.0,,,0.0,0.0,0.0,0.0,0.0,0,0.0,0.0,0.0,0.0,,,False
2026-10-01 to 2026-10-08,Delhi,Outlet,Dosa Coffee - Chattarpur (02/0005),Dosa Coffee - Chattarpur Main STore,357,0.0,0.0,0.0,0.0,0.0,0,0.0,0.0,0.0,0.0,,,0.0,0.0,0.0,0.0,0.0,0,0.0,0.0,0.0,0.0,,,0.0,0.0,0.0,0.0,0.0,0.0,0.0,0.0,0.0,0.0,,,0.0,0.0,0.0,0.0,0.0,0,0.0,0.0,0.0,0.0,,,False
2026-10-01 to 2026-10-08,Delhi,Outlet,Dosa Coffee - Connaught place (02/0012),Main Kitchen-Dosa Coffee - Connaught place,504,64068.49,0.0,0.0,243844.92,280546.54,0,11014.19,0.0,0.0,52994.47,65254.46,36557.29,10146.6,0.0,0.0,120584.59,119761.48,0,5682.6,0.0,0.0,10893.42,11938.47,5595.93,3896.48,0.0,0.0,89452.95,143200.3,0.0,3825.28,0.0,0.0,-15447.8,4673.74,38228.34,50025.41,0.0,0.0,33807.38,17584.76,0,1506.31,0.0,0.0,57548.85,48642.25,-7266.98,True
2026-10-01 to 2026-10-08,Delhi,Outlet,Dosa Coffee - Connaught place (02/0012),Main Store-Dosa Coffee - Connaught place,440,23908.63,0.0,243844.92,243844.92,0.0,0,0.0,0.0,243844.92,23943.9,,,8534.37,0.0,120584.59,120584.59,0.0,0,0.0,0.0,120584.59,8551.23,,,8202.3,0.0,89452.95,89452.95,0.0,0.0,0.0,0.0,89452.95,8207.4,,,7171.96,0.0,33807.38,33807.38,0.0,0,0.0,0.0,33807.38,7185.27,,,False
2026-10-01 to 2026-10-08,Delhi,Outlet,Dosa Coffee - GK1 Cloud Kitchen (02/0002),Main Kitchen-Dosa Coffee - GK1,354,0.0,0.0,0.0,0.0,0.0,0,0.0,0.0,0.0,0.0,,,0.0,0.0,0.0,0.0,0.0,0,0.0,0.0,0.0,0.0,,,0.0,0.0,0.0,0.0,0.0,0.0,0.0,0.0,0.0,0.0,,,0.0,0.0,0.0,0.0,0.0,0,0.0,0.0,0.0,0.0,,,False
2026-10-01 to 2026-10-08,Delhi,Outlet,Dosa Coffee - GK1 Cloud Kitchen (02/0002),Main Store-Dosa Coffee - GK1,117,0.0,0.0,0.0,0.0,0.0,0,0.0,0.0,0.0,0.0,,,0.0,0.0,0.0,0.0,0.0,0,0.0,0.0,0.0,0.0,,,0.0,0.0,0.0,0.0,0.0,0.0,0.0,0.0,0.0,0.0,,,0.0,0.0,0.0,0.0,0.0,0,0.0,0.0,0.0,0.0,,,False
2026-10-01 to 2026-10-08,Delhi,Outlet,Dosa Coffee - Gurgaon DLF (02/0009),Main Kitchen-Dosa Coffee - Gurgaon DLF 020009,504,51744.83,0.0,0.0,97788.47,130676.48,0,2824.92,0.0,0.0,34574.28,60555.75,18518.2,10451.19,0.0,0.0,36673.81,42323.61,0,2596.18,0.0,0.0,8390.69,13616.74,6173.95,8699.75,0.0,0.0,35085.74,63158.28,0.0,228.74,0.0,0.0,-8332.98,8309.67,11264.21,32593.89,0.0,0.0,26028.92,25194.59,0,0.0,0.0,0.0,34516.57,38629.34,1080.04,True
2026-10-01 to 2026-10-08,Delhi,Outlet,Dosa Coffee - Gurgaon DLF (02/0009),Main Store-Dosa Coffee - Gurgaon DLF 020009,432,17996.32,0.0,97788.47,97788.47,0.0,0,0.0,0.0,97788.47,18019.76,,,6142.75,0.0,36673.81,36673.81,0.0,0,0.0,0.0,36673.81,6153.1,,,5683.61,0.0,35085.74,35085.74,0.0,0.0,0.0,0.0,35085.74,5686.91,,,6169.96,0.0,26028.92,26028.92,0.0,0,0.0,0.0,26028.92,6179.75,,,False
2026-10-01 to 2026-10-08,Delhi,Outlet,Dosa Coffee - Gurgaon Sec 10,Main Kitchen Gurgaon Sec 10,504,25486.15,0.0,0.0,29110.36,49332.95,0,1326.2,0.0,0.0,9671.39,27421.12,5730.14,7674.76,0.0,0.0,11026.15,15826.27,0,404.63,0.0,0.0,2509.93,7933.78,37.7,2747.26,0.0,0.0,10919.43,26082.96,0.0,921.57,0.0,0.0,-6504.29,3028.09,6832.69,15064.13,0.0,0.0,7164.78,7423.72,0,0.0,0.0,0.0,13665.75,16459.25,-1140.25,True
2026-10-01 to 2026-10-08,Delhi,Outlet,Dosa Coffee - Gurgaon Sec 10,Main Store Gurgaon Sec 10,493,423.58,0.0,29110.36,29110.36,0.0,0,0.0,0.0,29110.36,423.63,,,0.0,0.0,11026.15,11026.15,0.0,0,0.0,0.0,11026.15,0.0,,,423.58,0.0,10919.43,10919.43,0.0,0.0,0.0,0.0,10919.43,423.63,,,0.0,0.0,7164.78,7164.78,0.0,0,0.0,0.0,7164.78,0.0,,,False
2026-10-01 to 2026-10-08,Delhi,Outlet,Dosa Coffee - Gurgaon Sec-15 (02/0010),Main Kitchen-Dosa Coffee - Gurgaon Sec-15 020010,504,63965.93,0.0,0.0,84699.8,118785.36,0,3908.55,0.0,0.0,42397.81,68450.59,16403.14,10956.46,0.0,0.0,32334.92,43118.67,0,1732.96,0.0,0.0,1079.28,11259.33,2630.63,5017.24,0.0,0.0,32430.17,61451.36,0.0,1301.31,0.0,0.0,-7374.76,7196.21,17928.88,47992.23,0.0,0.0,19934.71,14215.33,0,874.28,0.0,0.0,48693.29,49995.05,-4156.37,True
2026-10-01 to 2026-10-08,Delhi,Outlet,Dosa Coffee - Gurgaon Sec-15 (02/0010),Main Store-Dosa Coffee - Gurgaon Sec-15 020010,430,1391.23,0.0,84699.8,84699.8,0.0,0,0.0,0.0,84699.8,1391.0,,,391.78,0.0,32334.92,32334.92,0.0,0,0.0,0.0,32334.92,392.18,,,657.43,0.0,32430.17,32430.17,0.0,0.0,0.0,0.0,32430.17,657.4,,,342.02,0.0,19934.71,19934.71,0.0,0,0.0,0.0,19934.71,341.42,,,False
2026-10-01 to 2026-10-08,Delhi,Outlet,Dosa Coffee - Kalkaji (02/0004),Dosa Coffee - Kalkaji,503,64162.07,0.0,0.0,107845.84,123674.13,0,5260.42,0.0,0.0,54819.61,63385.76,11702.83,17709.12,0.0,0.0,37503.9,38378.12,0,2859.31,0.0,0.0,13505.5,14497.02,-491.3,6403.42,0.0,0.0,34504.89,57094.07,0.0,1606.11,0.0,0.0,-2794.24,6077.71,14994.43,40049.53,0.0,0.0,35837.05,28201.94,0,795.0,0.0,0.0,44108.35,42811.03,-2800.3,True
2026-10-01 to 2026-10-08,Delhi,Outlet,Dosa Coffee - Kalkaji (02/0004),Main Store,247,82482.43,0.0,107845.84,107845.84,0.0,0,0.0,0.0,107845.84,82598.85,,,9832.15,0.0,37503.9,37503.9,0.0,0,0.0,0.0,37503.9,9845.07,,,7553.07,0.0,34504.89,34504.89,0.0,0.0,0.0,0.0,34504.89,7557.11,,,65097.21,0.0,35837.05,35837.05,0.0,0,0.0,0.0,35837.05,65196.67,,,False
2026-10-01 to 2026-10-08,Delhi,Outlet,Dosa Coffee - Model Town (02/0013),Main Kitchen-Dosa Coffee - Model Town,248,77514.8,0.0,0.0,193591.82,140743.33,0,3713.39,0.0,0.0,73131.65,75173.61,-53592.39,9563.91,0.0,0.0,77635.34,52555.11,0,2096.54,0.0,0.0,10865.56,10495.61,-21691.36,5570.29,0.0,0.0,70111.88,68472.31,0.0,1023.64,0.0,0.0,1493.73,6169.6,-4719.33,62380.6,0.0,0.0,45844.6,19715.91,0,593.21,0.0,0.0,60772.36,58508.4,-27181.7,True
2026-10-01 to 2026-10-08,Delhi,Outlet,Dosa Coffee - Model Town (02/0013),Main Store-Dosa Coffee - Model Town,235,-11804.28,0.0,193591.82,193591.82,0.0,0,0.0,0.0,193591.82,-11825.85,,,-6098.43,0.0,77635.34,77635.34,0.0,0,0.0,0.0,77635.34,-6116.19,,,-3220.49,0.0,70111.88,70111.88,0.0,0.0,0.0,0.0,70111.88,-3219.29,,,-2485.36,0.0,45844.6,45844.6,0.0,0,0.0,0.0,45844.6,-2490.37,,,False
2026-10-01 to 2026-10-08,Delhi,Outlet,"Dosa Coffee - Pacific mall, Jasola",Main Kitchen-Dosa Coffee - Pacific mall Jasola,504,28094.97,0.0,0.0,164889.56,170961.05,0,5776.88,0.0,0.0,16927.3,25553.06,648.01,11967.11,0.0,0.0,78271.07,71012.76,0,3168.55,0.0,0.0,10312.2,10902.85,-5755.59,5056.33,0.0,0.0,60684.55,86347.77,0.0,2314.74,0.0,0.0,-6159.46,3795.45,16761.23,11071.53,0.0,0.0,25933.94,13600.52,0,293.59,0.0,0.0,12774.56,10854.76,-10357.63,True
2026-10-01 to 2026-10-08,Delhi,Outlet,"Dosa Coffee - Pacific mall, Jasola",Main Store-Dosa Coffee - Pacific mall Jasola,436,0.0,0.0,164889.56,164889.56,0.0,0,0.0,0.0,164889.56,0.0,,,0.0,0.0,78271.07,78271.07,0.0,0,0.0,0.0,78271.07,0.0,,,0.0,0.0,60684.55,60684.55,0.0,0.0,0.0,0.0,60684.55,0.0,,,0.0,0.0,25933.94,25933.94,0.0,0,0.0,0.0,25933.94,0.0,,,False
2026-10-01 to 2026-10-08,Delhi,Outlet,Dosa Coffee - Paschim Vihar (02/0003),Dosa Coffee - Paschim Vihar,504,68961.47,0.0,0.0,69784.87,98462.0,0,6920.25,0.0,0.0,51877.49,68408.86,18480.31,17479.23,0.0,0.0,27593.04,32999.21,0,3117.31,0.0,0.0,7669.82,11782.14,-1294.16,5102.67,0.0,0.0,25249.25,50802.39,0.0,2332.21,0.0,0.0,-2100.53,6337.02,20682.28,46379.57,0.0,0.0,16942.58,14660.4,0,1470.73,0.0,0.0,46308.2,50289.7,-907.81,True
2026-10-01 to 2026-10-08,Delhi,Outlet,Dosa Coffee - Paschim Vihar (02/0003),Main Store,262,367.68,0.0,69784.87,69784.87,0.0,0,0.0,0.0,69784.87,367.68,,,0.0,0.0,27593.04,27593.04,0.0,0,0.0,0.0,27593.04,0.0,,,0.0,0.0,25249.25,25249.25,0.0,0.0,0.0,0.0,25249.25,0.0,,,367.68,0.0,16942.58,16942.58,0.0,0,0.0,0.0,16942.58,367.68,,,False
2026-10-01 to 2026-10-08,Delhi,Outlet,Dosa Coffee - Rohini Sec-7 (02/0008),Main Kitchen-Dosa Coffee - Rohini Sec-7 020008,504,75365.28,0.0,0.0,121630.9,178397.59,0,6028.04,0.0,0.0,12640.18,,,22514.79,0.0,0.0,42119.96,58385.08,0,3174.68,0.0,0.0,3100.19,,,8638.15,0.0,0.0,50272.07,91966.05,0.0,2550.0,0.0,0.0,-35598.84,,,44212.34,0.0,0.0,29238.87,28046.46,0,303.36,0.0,0.0,45138.83,,,False
2026-10-01 to 2026-10-08,Delhi,Outlet,Dosa Coffee - Rohini Sec-7 (02/0008),Main Store-Dosa Coffee - Rohini Sec-7 020008,420,52368.97,0.0,121630.9,121630.9,0.0,0,0.0,0.0,121630.9,52398.42,,,19376.45,0.0,42119.96,42119.96,0.0,0,0.0,0.0,42119.96,19404.94,,,20632.96,0.0,50272.07,50272.07,0.0,0.0,0.0,0.0,50272.07,20635.13,,,12359.56,0.0,29238.87,29238.87,0.0,0,0.0,0.0,29238.87,12358.35,,,False
2026-10-01 to 2026-10-08,Delhi,Outlet,Dosa Coffee - Sec 143 Noida (02/0006),Main Kitchen-Dosa Coffee - Sec 143 Noida,498,58058.13,0.0,0.0,56781.08,66244.59,0,0.0,0.0,0.0,61571.29,62987.26,12934.4,9741.37,0.0,0.0,21745.04,21363.65,0,0.0,0.0,0.0,12805.82,11834.96,2674.1,4805.93,0.0,0.0,21898.79,31281.41,0.0,0.0,0.0,0.0,3006.27,5178.64,7577.49,43510.83,0.0,0.0,13137.25,13599.53,0,0.0,0.0,0.0,45759.2,45973.66,2682.81,True
2026-10-01 to 2026-10-08,Delhi,Outlet,Dosa Coffee - Sec 143 Noida (02/0006),Main-Dosa Coffee - Sec 143 Noida,232,21824.29,0.0,56781.08,56781.08,0.0,0,0.0,0.0,56781.08,21841.83,,,7867.27,0.0,21745.04,21745.04,0.0,0,0.0,0.0,21745.04,7879.81,,,7976.75,0.0,21898.79,21898.79,0.0,0.0,0.0,0.0,21898.79,7980.06,,,5980.27,0.0,13137.25,13137.25,0.0,0,0.0,0.0,13137.25,5981.96,,,False
2026-10-01 to 2026-10-08,Delhi,Outlet,Dosa Coffee - Sec 15 Faridabad (02/0007),Main Kitchen-Dosa Coffee - Sec 15 Faridabad,504,17906.28,0.0,0.0,52281.83,74600.26,0,2329.16,0.0,0.0,-5552.82,18401.72,1178.99,4908.31,0.0,0.0,18204.3,21380.82,0,1196.19,0.0,0.0,-1249.62,5915.69,-1790.03,2319.65,0.0,0.0,18672.67,36891.55,0.0,1132.97,0.0,0.0,-8167.7,3025.4,8863.64,10678.32,0.0,0.0,15404.86,16327.89,0,0.0,0.0,0.0,3864.5,9460.63,-5894.62,True
2026-10-01 to 2026-10-08,Delhi,Outlet,Dosa Coffee - Sec 15 Faridabad (02/0007),Main Store-Dosa Coffee - Sec 15 Faridabad,420,240.5,0.0,52281.83,52281.83,0.0,0,0.0,0.0,52281.83,240.89,,,0.0,0.0,18204.3,18204.3,0.0,0,0.0,0.0,18204.3,0.0,,,0.0,0.0,18672.67,18672.67,0.0,0.0,0.0,0.0,18672.67,0.0,,,240.5,0.0,15404.86,15404.86,0.0,0,0.0,0.0,15404.86,240.89,,,False
2026-10-01 to 2026-10-08,Delhi,Outlet,Dosa Coffee - Sec 18 Noida (02/0001),Dosa Coffee - Sec 18 Noida,302,63923.14,0.0,0.0,283996.63,128826.13,0,4455.25,0.0,0.0,-132035.15,65491.9,-166519.28,12033.17,0.0,0.0,216724.72,41904.71,0,1469.33,0.0,0.0,-170726.57,14765.22,-175947.21,8267.8,0.0,0.0,40581.02,60962.91,0.0,2320.3,0.0,0.0,-2187.67,7526.02,12241.76,43622.17,0.0,0.0,26690.89,25958.51,0,665.62,0.0,0.0,40879.09,43200.66,-2813.83,True
2026-10-01 to 2026-10-08,Delhi,Outlet,Dosa Coffee - Sec 18 Noida (02/0001),MAIN STORE,227,233828.1,0.0,283996.63,464170.71,0.0,0,0.0,0.0,283996.63,233992.08,,,92143.92,0.0,216724.72,396898.8,0.0,0,0.0,0.0,216724.72,92314.98,,,80574.67,0.0,40581.02,40581.02,0.0,0.0,0.0,0.0,40581.02,80551.92,,,61109.51,0.0,26690.89,26690.89,0.0,0,0.0,0.0,26690.89,61125.18,,,False
2026-10-01 to 2026-10-08,Delhi,Outlet,Dosa Coffee - Shalimar Bagh (02/0015),Dosa Coffee - Shalimar Bagh 020015,504,33226.37,0.0,0.0,94581.09,98110.69,0,5285.78,0.0,0.0,26521.05,17431.19,2098.1,12112.95,0.0,0.0,41948.44,40369.95,0,1891.41,0.0,0.0,6248.51,1458.36,-5559.06,4022.36,0.0,0.0,31226.89,45931.74,0.0,2927.36,0.0,0.0,-977.47,5694.84,12629.54,17091.06,0.0,0.0,21405.76,11809.0,0,467.01,0.0,0.0,21250.01,10277.99,-4972.38,True
2026-10-01 to 2026-10-08,Delhi,Outlet,Dosa Coffee - Shalimar Bagh (02/0015),Main Store-Dosa Coffee - Shalimar Bagh,499,0.0,0.0,94581.09,94581.09,0.0,0,0.0,0.0,94581.09,0.0,,,0.0,0.0,41948.44,41948.44,0.0,0,0.0,0.0,41948.44,0.0,,,0.0,0.0,31226.89,31226.89,0.0,0.0,0.0,0.0,31226.89,0.0,,,0.0,0.0,21405.76,21405.76,0.0,0,0.0,0.0,21405.76,0.0,,,False
2026-10-01 to 2026-10-08,Delhi,Outlet,Sec 31 - Gurgaon (02/0016),Dosa Coffee -  Sec 31 - Gurgaon 020016,504,19393.23,0.0,0.0,66913.38,78531.49,0,3262.08,0.0,0.0,14150.87,21330.57,9632.38,4159.54,0.0,0.0,28225.64,28146.05,0,2293.92,0.0,0.0,4076.69,5352.83,2129.7,2457.24,0.0,0.0,25708.04,39683.68,0.0,597.45,0.0,0.0,-2448.6,3044.3,9663.95,12776.45,0.0,0.0,12979.7,10701.76,0,370.71,0.0,0.0,12522.78,12933.44,-2161.27,True
2026-10-01 to 2026-10-08,Delhi,Outlet,Sec 31 - Gurgaon (02/0016),Main Store-Dosa Coffee - Sec 31 Gurgoan,499,0.0,0.0,66913.38,66913.38,0.0,0,0.0,0.0,66913.38,0.0,,,0.0,0.0,28225.64,28225.64,0.0,0,0.0,0.0,28225.64,0.0,,,0.0,0.0,25708.04,25708.04,0.0,0.0,0.0,0.0,25708.04,0.0,,,0.0,0.0,12979.7,12979.7,0.0,0,0.0,0.0,12979.7,0.0,,,False
2026-10-01 to 2026-10-08,Delhi,Warehouse/CK,Warehouse,Central Kitchen - Delhi,265,234374.01,0.0,0.0,460446.55,590031.59,0,5968.84,0.0,0.0,99363.44,,,133754.93,0.0,0.0,453090.49,567629.98,0,4908.84,0.0,0.0,14811.69,,,,,,,,,,,,,,,100619.08,0.0,0.0,7356.06,22401.61,0,1060.0,0.0,0.0,84551.75,,,False
2026-10-01 to 2026-10-08,Delhi,Warehouse/CK,Warehouse,Central Warehouse - Delhi,265,1489757.43,2709886.47,0.0,0.0,0.0,0,808.15,1170694.5,460446.55,2618444.61,,,639395.82,1499712.7,0.0,0.0,0.0,0,808.15,829144.2,453090.51,945221.1,,,,,,,,,,,,,,,850361.61,1210173.77,0.0,0.0,0.0,0,0.0,341550.3,7356.04,1673223.51,,,False
2026-10-01 to 2026-10-08,Kolkata,Outlet,Dosa Coffee - Calcutta Swiming Club (0007),Dosa Coffee - CSC,498,7033.7,0.0,0.0,11518.99,14376.17,0,51.28,0.0,0.0,6962.48,8533.1,2833.62,2377.39,0.0,0.0,5216.97,6550.46,0,0.0,0.0,0.0,2168.83,3393.45,1121.12,1055.79,0.0,0.0,5055.65,7296.28,0.0,51.28,0.0,0.0,795.38,1369.26,2031.52,3600.52,0.0,0.0,1246.37,529.43,0,0.0,0.0,0.0,3998.27,3770.39,-319.02,True
2026-10-01 to 2026-10-08,Kolkata,Outlet,Dosa Coffee - Calcutta Swiming Club (0007),Store,128,0.0,0.0,11518.99,11518.99,0.0,0,0.0,0.0,11518.99,0.0,,,0.0,0.0,5216.97,5216.97,0.0,0,0.0,0.0,5216.97,0.0,,,0.0,0.0,5055.65,5055.65,0.0,0.0,0.0,0.0,5055.65,0.0,,,0.0,0.0,1246.37,1246.37,0.0,0,0.0,0.0,1246.37,0.0,,,False
2026-10-01 to 2026-10-08,Kolkata,Outlet,Dosa Coffee - Food Truck - 1 (0008),Dosa Coffee - Kitchen,500,3044.47,0.0,0.0,5530.33,3972.63,0,244.61,0.0,0.0,4358.16,,,1078.06,0.0,0.0,2512.5,2616.61,0,29.95,0.0,0.0,945.43,,,51.67,0.0,0.0,2061.37,1225.71,0.0,214.66,0.0,0.0,672.67,,,1914.74,0.0,0.0,956.46,130.31,0,0.0,0.0,0.0,2740.06,,,False
2026-10-01 to 2026-10-08,Kolkata,Outlet,Dosa Coffee - Food Truck - 1 (0008),Store,121,0.0,0.0,5530.33,5530.33,0.0,0,0.0,0.0,5530.33,0.0,,,0.0,0.0,2512.5,2512.5,0.0,0,0.0,0.0,2512.5,0.0,,,0.0,0.0,2061.37,2061.37,0.0,0.0,0.0,0.0,2061.37,0.0,,,0.0,0.0,956.46,956.46,0.0,0,0.0,0.0,956.46,0.0,,,False
2026-10-01 to 2026-10-08,Kolkata,Outlet,Dosa Coffee - Forum (0003),Dosa Coffee - Forum,503,22345.43,0.0,0.0,43693.11,41917.08,0,2457.6,0.0,306.24,20972.04,22275.44,-389.54,12663.99,0.0,0.0,20370.7,21081.7,0,852.53,0.0,0.0,10226.68,11521.98,-885.11,2219.47,0.0,0.0,14153.4,19120.49,0.0,1605.07,0.0,306.24,241.5,2430.05,4903.81,7461.97,0.0,0.0,9169.01,1714.89,0,0.0,0.0,0.0,10503.86,8323.41,-4408.24,True
2026-10-01 to 2026-10-08,Kolkata,Outlet,Dosa Coffee - Forum (0003),Store,231,-2948.61,0.0,43693.11,43999.35,0.0,0,0.0,306.24,43693.11,-2946.75,,,-862.58,0.0,20370.7,20370.7,0.0,0,0.0,0.0,20370.7,-861.51,,,-1202.64,0.0,14153.4,14459.64,0.0,0.0,0.0,306.24,14153.4,-1202.37,,,-883.39,0.0,9169.01,9169.01,0.0,0,0.0,0.0,9169.01,-882.87,,,False
2026-10-01 to 2026-10-08,Kolkata,Outlet,Dosa Coffee - Ideal Plaza (01/0001),Dosa Coffee - Ideal Plaza,503,56354.45,0.0,0.0,253530.57,253194.23,0,6087.98,0.0,34.57,58796.13,43397.15,8191.93,26768.98,0.0,0.0,122432.7,94016.17,0,3322.3,0.0,0.0,35093.7,19002.26,-16784.41,7346.43,0.0,0.0,57664.63,94936.88,0.0,2601.05,0.0,34.57,-5387.53,6321.98,27176.31,22239.04,0.0,0.0,73433.24,64241.18,0,164.63,0.0,0.0,29089.96,18072.91,-2199.97,True
2026-10-01 to 2026-10-08,Kolkata,Outlet,Dosa Coffee - Ideal Plaza (01/0001),Stores,298,-2479.85,0.0,253530.57,253565.14,0.0,0,0.0,34.57,253530.57,-2517.54,,,-1781.19,0.0,122432.7,122432.7,0.0,0,0.0,0.0,122432.7,-1796.6,,,3259.46,0.0,57664.63,57699.2,0.0,0.0,0.0,34.57,57664.63,3251.33,,,-3958.12,0.0,73433.24,73433.24,0.0,0,0.0,0.0,73433.24,-3972.27,,,False
2026-10-01 to 2026-10-08,Kolkata,Outlet,Dosa Coffee - James long Sarani (01/0011),Main Kitchen-James long Sarani,506,29112.02,0.0,0.0,134678.52,130760.04,0,7283.16,0.0,0.0,38408.67,34973.23,12641.64,13655.06,0.0,0.0,50597.07,46618.85,0,3330.09,0.0,0.0,16024.03,14604.66,1708.94,4615.7,0.0,0.0,39429.81,52289.64,0.0,3864.36,0.0,0.0,215.46,5431.94,12323.63,10841.26,0.0,0.0,44651.64,31851.55,0,88.71,0.0,0.0,22169.18,14936.63,-1390.93,True
2026-10-01 to 2026-10-08,Kolkata,Outlet,Dosa Coffee - James long Sarani (01/0011),Store,266,0.0,0.0,134678.52,134678.52,0.0,0,0.0,0.0,134678.52,0.0,,,0.0,0.0,50597.07,50597.07,0.0,0,0.0,0.0,50597.07,0.0,,,0.0,0.0,39429.81,39429.81,0.0,0.0,0.0,0.0,39429.81,0.0,,,0.0,0.0,44651.64,44651.64,0.0,0,0.0,0.0,44651.64,0.0,,,False
2026-10-01 to 2026-10-08,Kolkata,Outlet,Dosa Coffee - Kalikapur (01/0014),Main Kitchen-Dosa Coffee - Kalikapur,503,27434.27,0.0,0.0,92838.92,92758.86,0,3995.87,0.0,580.28,27237.77,33032.0,4906.06,10974.78,0.0,0.0,33950.42,35733.94,0,1210.15,0.0,141.08,9885.38,12369.83,2755.6,3399.46,0.0,0.0,33331.23,36415.54,0.0,2610.46,0.0,391.78,646.35,3760.0,3213.29,13060.03,0.0,0.0,25557.27,20609.38,0,175.26,0.0,47.42,16706.04,16902.17,-1062.83,True
2026-10-01 to 2026-10-08,Kolkata,Outlet,Dosa Coffee - Kalikapur (01/0014),Main Store-Dosa Coffee - Kalikapur,243,-470.5,0.0,92838.92,93419.2,0.0,0,0.0,580.28,92838.92,-468.28,,,233.9,0.0,33950.42,34091.51,0.0,0,0.0,141.08,33950.43,233.83,,,-660.15,0.0,33331.23,33723.0,0.0,0.0,0.0,391.78,33331.22,-657.81,,,-44.25,0.0,25557.27,25604.69,0.0,0,0.0,47.42,25557.27,-44.3,,,False
2026-10-01 to 2026-10-08,Kolkata,Outlet,Dosa Coffee - Lake Town (0005),Dosa Coffee - Lake Town,504,23670.33,0.0,0.0,80243.67,102772.87,0,2219.57,0.0,0.0,3992.66,28846.11,5054.44,9029.12,0.0,0.0,28730.64,36096.12,0,1476.53,0.0,0.0,2950.68,12140.08,2756.28,3517.84,0.0,0.0,29673.05,41660.34,0.0,704.29,0.0,0.0,-5897.51,5076.17,3276.85,11123.37,0.0,0.0,21839.98,25016.41,0,38.75,0.0,0.0,6939.49,11629.86,-978.69,True
2026-10-01 to 2026-10-08,Kolkata,Outlet,Dosa Coffee - Lake Town (0005),Store,223,0.0,0.0,80243.67,80243.67,0.0,0,0.0,0.0,80243.67,0.0,,,0.0,0.0,28730.64,28730.64,0.0,0,0.0,0.0,28730.64,0.0,,,0.0,0.0,29673.05,29673.05,0.0,0.0,0.0,0.0,29673.05,0.0,,,0.0,0.0,21839.98,21839.98,0.0,0,0.0,0.0,21839.98,0.0,,,False
2026-10-01 to 2026-10-08,Kolkata,Outlet,Dosa Coffee - Lake road 01/0015,Main Kitchen-Dosa Coffee - Lake road 010015,503,32579.83,0.0,0.0,191189.12,203762.93,0,8884.81,0.0,1425.67,38563.57,38719.67,28857.83,13670.1,0.0,0.0,81897.95,79148.97,0,3996.62,0.0,0.0,19521.8,17613.98,7101.37,4687.86,0.0,0.0,59915.72,89670.83,0.0,3655.23,0.0,429.25,-4373.41,5688.23,24778.96,14221.87,0.0,0.0,49375.45,34943.13,0,1232.96,0.0,996.42,23415.18,15417.46,-3022.5,True
2026-10-01 to 2026-10-08,Kolkata,Outlet,Dosa Coffee - Lake road 01/0015,Main Store-Dosa Coffee - Lake road 010015,253,-2357.33,0.0,191189.12,192614.77,0.0,0,0.0,1425.67,191189.1,-2358.38,,,0.0,0.0,81897.95,81897.95,0.0,0,0.0,0.0,81897.95,0.0,,,0.0,0.0,59915.72,60344.96,0.0,0.0,0.0,429.25,59915.71,0.0,,,-2357.33,0.0,49375.45,50371.86,0.0,0,0.0,996.42,49375.44,-2358.38,,,False
2026-10-01 to 2026-10-08,Kolkata,Outlet,Dosa Coffee - Manisquare (0004),Dosa Coffee - Manisquare,499,20006.16,0.0,0.0,108266.92,101233.79,0,3484.18,0.0,18.16,28543.98,25661.11,4993.7,10352.19,0.0,0.0,50376.62,49644.85,0,1820.65,0.0,0.0,13344.68,10806.8,4077.25,3075.53,0.0,0.0,35033.57,43811.95,0.0,1663.53,0.0,18.16,1491.8,4096.96,8877.7,6578.44,0.0,0.0,22856.73,7776.99,0,0.0,0.0,0.0,13707.5,10757.35,-7961.25,True
2026-10-01 to 2026-10-08,Kolkata,Outlet,Dosa Coffee - Manisquare (0004),Store,205,5204.39,0.0,108266.92,108285.09,0.0,0,0.0,18.16,108266.93,5207.92,,,1851.87,0.0,50376.62,50376.62,0.0,0,0.0,0.0,50376.62,1852.47,,,2137.2,0.0,35033.57,35051.74,0.0,0.0,0.0,18.16,35033.58,2136.88,,,1215.32,0.0,22856.73,22856.73,0.0,0,0.0,0.0,22856.73,1218.57,,,False
2026-10-01 to 2026-10-08,Kolkata,Outlet,Dosa Coffee - New Town - Cloud Kitchen (01/0013),Main Kitchen-Dosa Coffee - New Town - Cloud Kitchen,503,22463.08,0.0,0.0,67632.53,69555.08,0,2033.7,0.0,0.0,23821.63,20994.61,5291.39,7129.95,0.0,0.0,21894.46,17990.25,0,1157.07,0.0,0.0,9700.22,5841.48,-186.42,4981.69,0.0,0.0,23064.68,25740.58,0.0,874.13,0.0,0.0,4035.97,4661.31,2604.79,10351.44,0.0,0.0,22673.39,25824.25,0,2.5,0.0,0.0,10085.44,10491.82,2873.02,True
2026-10-01 to 2026-10-08,Kolkata,Outlet,Dosa Coffee - New Town - Cloud Kitchen (01/0013),Main Store -Dosa Coffee - New Town - Cloud Kitchen,215,19340.03,0.0,67632.53,67632.53,0.0,0,0.0,0.0,67632.53,19356.37,,,6006.66,0.0,21894.46,21894.46,0.0,0,0.0,0.0,21894.46,6013.57,,,5939.32,0.0,23064.68,23064.68,0.0,0.0,0.0,0.0,23064.68,5940.51,,,7394.05,0.0,22673.39,22673.39,0.0,0,0.0,0.0,22673.39,7402.29,,,False
2026-10-01 to 2026-10-08,Kolkata,Outlet,Dosa Coffee - Quest Mall (01/0016),Main Kitchen-Quest Mall 010016,500,31115.79,0.0,0.0,90330.97,75174.92,0,6446.55,0.0,0.0,39429.81,32749.29,-391.52,11933.61,0.0,0.0,39955.52,38273.93,0,3402.51,0.0,0.0,12791.55,9705.56,2576.79,3120.2,0.0,0.0,21765.21,34240.17,0.0,3044.04,0.0,0.0,-971.83,2068.33,11433.52,16061.98,0.0,0.0,28610.24,2660.82,0,0.0,0.0,0.0,27610.09,20975.4,-14401.83,True
2026-10-01 to 2026-10-08,Kolkata,Outlet,Dosa Coffee - Quest Mall (01/0016),Main Store-Quest Mall 010016,195,6002.81,0.0,90330.97,90330.97,0.0,0,0.0,0.0,90330.97,5999.63,,,2060.54,0.0,39955.52,39955.52,0.0,0,0.0,0.0,39955.52,2060.79,,,812.62,0.0,21765.21,21765.21,0.0,0.0,0.0,0.0,21765.21,811.24,,,3129.65,0.0,28610.24,28610.24,0.0,0,0.0,0.0,28610.24,3127.6,,,False
2026-10-01 to 2026-10-08,Kolkata,Outlet,Dosa Coffee - Rangoli Mall (01/0010),Dosa Coffee - Rangoli Mall-Main Kitchen,506,43465.95,0.0,0.0,106261.37,105007.45,0,3946.55,0.0,0.0,45124.08,42150.1,4328.95,25913.4,0.0,0.0,48423.89,46478.96,0,1636.5,0.0,0.0,24827.57,21062.72,-1402.64,4819.75,0.0,0.0,38352.92,45499.06,0.0,2310.05,0.0,0.0,5866.47,5495.94,10505.27,12732.8,0.0,0.0,19484.56,13029.43,0,0.0,0.0,0.0,14430.04,15591.44,-4773.68,True
2026-10-01 to 2026-10-08,Kolkata,Outlet,Dosa Coffee - Rangoli Mall (01/0010),Store,264,32.95,0.0,106261.37,106261.37,0.0,0,0.0,0.0,106261.37,32.86,,,0.0,0.0,48423.89,48423.89,0.0,0,0.0,0.0,48423.89,0.0,,,32.95,0.0,38352.92,38352.92,0.0,0.0,0.0,0.0,38352.92,32.86,,,0.0,0.0,19484.56,19484.56,0.0,0,0.0,0.0,19484.56,0.0,,,False
2026-10-01 to 2026-10-08,Kolkata,Outlet,Dosa Coffee - Rosedale Plaza(0006),Dosa Coffee - Rosedale Plaza,504,27012.18,0.0,0.0,138414.75,142884.73,0,4358.19,0.0,615.38,29628.41,31343.18,12036.45,13368.25,0.0,0.0,52813.21,52922.73,0,2895.55,0.0,207.65,15192.58,15289.98,5028.39,6155.71,0.0,0.0,52452.92,57528.65,0.0,1406.39,0.0,199.7,5282.92,6498.17,5808.51,7488.22,0.0,0.0,33148.62,32433.35,0,56.25,0.0,208.03,9152.91,9555.03,1199.55,True
2026-10-01 to 2026-10-08,Kolkata,Outlet,Dosa Coffee - Rosedale Plaza(0006),Store,248,32131.11,0.0,138414.75,139030.13,0.0,0,0.0,615.38,138414.75,32154.53,,,12416.03,0.0,52813.21,53020.86,0.0,0,0.0,207.65,52813.21,12430.26,,,14160.52,0.0,52452.92,52652.63,0.0,0.0,0.0,199.7,52452.93,14164.26,,,5554.56,0.0,33148.62,33356.64,0.0,0,0.0,208.03,33148.61,5560.01,,,False
2026-10-01 to 2026-10-08,Kolkata,Outlet,Dosa Coffee - Salt Lake (002),Dosa Coffee - Salt Lake,503,33044.31,0.0,0.0,165128.84,180726.38,0,6656.23,0.0,0.0,23248.68,34530.66,12440.32,14158.38,0.0,0.0,76087.42,77939.41,0,4452.37,0.0,0.0,11475.88,15539.2,3617.04,5492.19,0.0,0.0,59239.27,75561.35,0.0,1938.98,0.0,0.0,-1599.33,6135.08,11168.67,13393.74,0.0,0.0,29802.15,27225.62,0,264.88,0.0,0.0,13372.13,12856.38,-2345.39,True
2026-10-01 to 2026-10-08,Kolkata,Outlet,Dosa Coffee - Salt Lake (002),Store,242,9016.4,0.0,165128.84,165128.84,0.0,0,0.0,0.0,165128.84,9010.81,,,2847.49,0.0,76087.42,76087.42,0.0,0,0.0,0.0,76087.42,2843.42,,,3059.77,0.0,59239.27,59239.27,0.0,0.0,0.0,0.0,59239.27,3056.94,,,3109.14,0.0,29802.15,29802.15,0.0,0,0.0,0.0,29802.15,3110.45,,,False
2026-10-01 to 2026-10-08,Kolkata,Outlet,Dosa Coffee - Salt Lake Sec-1 (0009),Dosa Coffee - Salt Lake Sec-1 0009,503,41268.25,0.0,0.0,173332.62,173259.33,0,6976.18,0.0,656.62,42413.44,48043.61,8675.1,17585.26,0.0,0.0,79909.36,73997.52,0,3808.18,0.0,423.86,18517.48,18022.96,-752.03,7186.51,0.0,0.0,57029.86,70839.66,0.0,2846.11,0.0,232.76,3011.17,7658.9,12716.77,16496.48,0.0,0.0,36393.4,28422.15,0,321.89,0.0,0.0,20884.79,22361.75,-3289.64,True
2026-10-01 to 2026-10-08,Kolkata,Outlet,Dosa Coffee - Salt Lake Sec-1 (0009),Store,277,0.0,0.0,173332.62,173989.25,0.0,0,0.0,656.62,173332.63,0.0,,,0.0,0.0,79909.36,80333.22,0.0,0,0.0,423.86,79909.36,0.0,,,0.0,0.0,57029.86,57262.63,0.0,0.0,0.0,232.76,57029.87,0.0,,,0.0,0.0,36393.4,36393.4,0.0,0,0.0,0.0,36393.4,0.0,,,False
2026-10-01 to 2026-10-08,Kolkata,Outlet,Dosa Coffee - Santoshpur (01/0012),Main Kitchen-Santoshpur,506,27220.64,0.0,0.0,80852.76,87451.45,0,2682.19,0.0,0.0,25972.12,38594.1,8026.01,9115.97,0.0,0.0,33203.58,31203.4,0,881.32,0.0,0.0,10216.03,13317.6,-20.6,3528.07,0.0,0.0,23144.86,33198.05,0.0,1800.87,0.0,0.0,2254.17,9330.27,10583.64,14576.6,0.0,0.0,24504.32,23050.0,0,0.0,0.0,0.0,13501.92,15946.23,-2537.03,True
2026-10-01 to 2026-10-08,Kolkata,Outlet,Dosa Coffee - Santoshpur (01/0012),Main Store-Santoshpur,258,-74.17,0.0,80852.76,80852.76,0.0,0,0.0,0.0,80852.76,-74.25,,,0.0,0.0,33203.58,33203.58,0.0,0,0.0,0.0,33203.58,0.0,,,-74.17,0.0,23144.86,23144.86,0.0,0.0,0.0,0.0,23144.86,-74.25,,,0.0,0.0,24504.32,24504.32,0.0,0,0.0,0.0,24504.32,0.0,,,False
2026-10-01 to 2026-10-08,Kolkata,Warehouse/CK,Base Kitchen,Central Kitchen - Kolkata,261,176446.72,0.0,0.0,664317.77,563804.15,0,8691.74,0.0,112.4,268502.82,,,95797.88,0.0,0.0,616908.52,539531.65,0,8603.63,0.0,112.4,164704.29,,,,,,,,,,,,,,,80648.84,0.0,0.0,47409.25,24272.5,0,88.11,0.0,0.0,103798.53,,,False
2026-10-01 to 2026-10-08,Kolkata,Warehouse/CK,Base Kitchen,Central Warehouse -Kolkata,262,1169931.67,3016364.99,0.0,112.4,0.0,0,1906.34,1238365.12,664317.79,2174378.36,,,466067.0,2093632.87,0.0,112.4,0.0,0,1239.73,773499.76,616908.54,1076513.95,,,0.0,0.0,0.0,0.0,0.0,0.0,0.0,0.0,0.0,0.0,,,703864.67,922732.12,0.0,0.0,0.0,0,666.61,464865.36,47409.25,1097864.41,,,False
